Customer_ID,Customer_Name,Gender,Age,City,State,Region,Customer_Segment,Registration_Date
CUST00001,Isha Mishra,Male,38,Ahmedabad,Gujarat,West,Consumer,2025-05-23
CUST00002,Amit Rao,Male,47,Lucknow,Uttar Pradesh,North,Consumer,2022-05-11
CUST00003,Rahul Rao,Female,28,Pune,Maharashtra,West,Consumer,2023-04-05
CUST00004,Divya Naidu,Male,28,Jaipur,Rajasthan,North,Corporate,2023-12-01
CUST00005,Varun Joshi,Male,19,Ranchi,Jharkhand,East,Small Business,2025-02-28
CUST00006,Rohan Gupta,Male,48,Mumbai,Maharashtra,West,Consumer,2023-01-23
CUST00007,Meera Reddy,Male,41,Delhi,Delhi,North,Corporate,2024-02-15
CUST00008,Priya Joshi,Male,22,Patna,Bihar,East,Consumer,2025-11-12
CUST00009,Ananya Verma,Male,36,Bengaluru,Karnataka,South,Small Business,2023-04-01
CUST00010,Neha Singh,Male,42,Bhubaneswar,Odisha,East,Consumer,2024-12-12
CUST00011,Suresh Naidu,Male,18,Surat,Gujarat,West,Consumer,2024-12-22
CUST00012,Rohan Sharma,Female,20,Lucknow,Uttar Pradesh,North,Corporate,2023-01-14
CUST00013,Pooja Gupta,Female,25,Mumbai,Maharashtra,West,Consumer,2024-03-15
CUST00014,Divya Rao,Male,32,Chennai,Tamil Nadu,South,Consumer,2023-09-05
CUST00015,Meera Patel,Female,48,Patna,Bihar,East,Consumer,2023-01-28
CUST00016,Varun Mehta,Male,37,Patna,Bihar,East,Consumer,2024-05-13
CUST00017,Nikhil Kumar,Female,26,Ahmedabad,Gujarat,West,Corporate,2025-04-09
CUST00018,Sneha Mishra,Male,38,Kolkata,West Bengal,East,Consumer,2025-01-14
CUST00019,Rahul Mehta,Female,43,Chandigarh,Chandigarh,North,Corporate,2025-09-25
CUST00020,Amit Mehta,Male,37,Bhubaneswar,Odisha,East,Consumer,2022-07-09
CUST00021,Arjun Naidu,Female,25,Hyderabad,Telangana,South,Consumer,2022-11-14
CUST00022,Arjun Patel,Male,28,Mumbai,Maharashtra,West,Consumer,2025-10-29
CUST00023,Ravi Kumar,Male,33,Ranchi,Jharkhand,East,Consumer,2024-08-09
CUST00024,Nikhil Reddy,Male,18,Hyderabad,Telangana,South,Consumer,2025-06-02
CUST00025,Rohan Joshi,Male,37,Hyderabad,Telangana,South,Consumer,2024-04-15
CUST00026,Amit Rao,Male,33,Ahmedabad,Gujarat,West,Corporate,2022-10-07
CUST00027,Isha Reddy,Female,25,Mumbai,Maharashtra,West,Corporate,2025-02-21
CUST00028,Ananya Mishra,Female,34,Lucknow,Uttar Pradesh,North,Consumer,2023-02-07
CUST00029,Priya Choudhary,Male,23,Jaipur,Rajasthan,North,Corporate,2023-07-05
CUST00030,Neha Sharma,Female,38,Bengaluru,Karnataka,South,Corporate,2022-05-31
CUST00031,Pooja Patel,Male,18,Patna,Bihar,East,Small Business,2022-09-11
CUST00032,Kiran Singh,Female,35,Chandigarh,Chandigarh,North,Consumer,2025-06-10
CUST00033,Rohan Patel,Female,43,Chennai,Tamil Nadu,South,Small Business,2025-12-14
CUST00034,Neha Kumar,Female,31,Pune,Maharashtra,West,Consumer,2022-04-09
CUST00035,Swathi Joshi,Male,44,Delhi,Delhi,North,Consumer,2022-06-10
CUST00036,Arjun Joshi,Male,47,Kochi,Kerala,South,Corporate,2025-11-16
CUST00037,Priya Sharma,Male,40,Ahmedabad,Gujarat,West,Corporate,2024-11-11
CUST00038,Ananya Verma,Male,64,Bhubaneswar,Odisha,East,Small Business,2025-07-30
CUST00039,Rahul Singh,Male,31,Lucknow,Uttar Pradesh,North,Consumer,2024-03-26
CUST00040,Sneha Patel,Female,61,Chennai,Tamil Nadu,South,Consumer,2025-04-10
CUST00041,Meera Singh,Female,40,Chandigarh,Chandigarh,North,Consumer,2023-12-01
CUST00042,Isha Choudhary,Male,18,Hyderabad,Telangana,South,Consumer,2025-03-30
CUST00043,Priya Reddy,Female,35,Ranchi,Jharkhand,East,Consumer,2023-09-18
CUST00044,Varun Verma,Male,37,Ranchi,Jharkhand,East,Consumer,2023-05-05
CUST00045,Nikhil Rao,Female,24,Bengaluru,Karnataka,South,Consumer,2024-01-29
CUST00046,Priya Reddy,Female,47,Jaipur,Rajasthan,North,Small Business,2024-06-21
CUST00047,Sneha Mishra,Male,32,Delhi,Delhi,North,Consumer,2023-04-16
CUST00048,Rahul Reddy,Male,27,,Bihar,East,Corporate,2022-02-20
CUST00049,Nikhil Kumar,Male,37,Delhi,Delhi,North,Consumer,2022-09-21
CUST00050,Divya Das,Female,18,Mumbai,Maharashtra,West,Consumer,2024-05-26
CUST00051,Isha Joshi,Male,47,Ranchi,Jharkhand,East,Small Business,2023-09-28
CUST00052,Rohan Sharma,Male,42,Jaipur,Rajasthan,North,Consumer,2024-12-17
CUST00053,Kiran Mehta,Female,39,Ahmedabad,Gujarat,West,Consumer,2024-12-17
CUST00054,Arjun Choudhary,Male,42,Jaipur,Rajasthan,North,Consumer,2023-07-14
CUST00055,Neha Mishra,Male,55,Delhi,Delhi,North,Consumer,2025-01-04
CUST00056,Kavya Patel,Female,44,Jaipur,Rajasthan,North,Consumer,2025-05-28
CUST00057,Varun Sharma,Male,28,Mumbai,Maharashtra,West,Consumer,2022-12-23
CUST00058,Pooja Verma,Female,44,Ahmedabad,Gujarat,West,Consumer,2025-05-31
CUST00059,Rohan Mehta,Male,53,Jaipur,Rajasthan,North,Corporate,2022-12-02
CUST00060,Rahul Sharma,Female,38,Ahmedabad,Gujarat,West,Corporate,2024-05-01
CUST00061,Divya Reddy,Female,36,Surat,Gujarat,West,Corporate,2025-07-15
CUST00062,Arjun Sharma,Female,31,Chennai,Tamil Nadu,South,Consumer,2022-10-12
CUST00063,Divya Choudhary,Male,35,Kolkata,West Bengal,East,Consumer,2022-03-31
CUST00064,Pooja Mehta,Male,29,Surat,Gujarat,West,Consumer,2025-05-04
CUST00065,Swathi Mishra,Female,33,Jaipur,Rajasthan,North,Small Business,2023-11-07
CUST00066,Kiran Naidu,Female,28,Jaipur,Rajasthan,North,Consumer,2025-01-27
CUST00067,Sneha Reddy,Male,44,Ranchi,Jharkhand,East,Consumer,2025-10-24
CUST00068,Suresh Gupta,Female,36,Ahmedabad,Gujarat,West,Consumer,2025-07-20
CUST00069,Isha Naidu,Male,31,Hyderabad,Telangana,South,Consumer,2025-06-10
CUST00070,Divya Naidu,Male,42,Chennai,Tamil Nadu,South,Small Business,2025-11-08
CUST00071,Rohan Mehta,Female,18,Kochi,Kerala,South,Consumer,2024-06-09
CUST00072,Sneha Singh,Female,29,Mumbai,Maharashtra,West,Corporate,2022-04-19
CUST00073,Pooja Mehta,Male,18,Mumbai,Maharashtra,West,Small Business,2022-08-23
CUST00074,Swathi Choudhary,Male,51,Lucknow,Uttar Pradesh,North,Corporate,2023-05-07
CUST00075,Ananya Gupta,Male,28,Hyderabad,Telangana,South,Small Business,2025-05-02
CUST00076,Kiran Verma,Female,20,Mumbai,Maharashtra,West,Consumer,2025-09-27
CUST00077,Nikhil Choudhary,Female,18,Kochi,Kerala,South,Corporate,2023-03-21
CUST00078,Vikram Iyer,Male,44,Chandigarh,Chandigarh,North,Consumer,2025-02-23
CUST00079,Suresh Mishra,Male,49,Chennai,Tamil Nadu,South,Corporate,2024-06-13
CUST00080,Vikram Sharma,Female,38,Delhi,Delhi,North,Consumer,2023-05-20
CUST00081,Nikhil Naidu,Female,36,Patna,Bihar,East,Consumer,2025-06-04
CUST00082,Isha Naidu,Male,34,Chennai,Tamil Nadu,South,Corporate,2025-03-12
CUST00083,Arjun Singh,Female,48,Patna,Bihar,East,Small Business,2025-09-15
CUST00084,Kavya Rao,Male,26,Ranchi,Jharkhand,East,Consumer,2023-01-08
CUST00085,Sneha Mehta,Male,26,Surat,Gujarat,West,Consumer,2024-01-10
CUST00086,Nikhil Naidu,Male,25,Ranchi,Jharkhand,East,Corporate,2024-01-02
CUST00087,Suresh Joshi,Male,32,Ranchi,Jharkhand,East,Consumer,2023-03-26
CUST00088,Swathi Iyer,Male,40,Jaipur,Rajasthan,North,Consumer,2023-01-09
CUST00089,Swathi Choudhary,Male,18,Hyderabad,Telangana,South,Small Business,2024-03-05
CUST00090,Suresh Sharma,Male,47,Hyderabad,Telangana,South,Consumer,2023-01-20
CUST00091,Kavya Gupta,Female,34,Mumbai,Maharashtra,West,Corporate,2023-11-08
CUST00092,Pooja Patel,Male,34,Jaipur,Rajasthan,North,Consumer,2022-01-01
CUST00093,Suresh Mishra,Male,37,Chennai,Tamil Nadu,South,Consumer,2022-04-05
CUST00094,Vikram Mehta,Male,38,Surat,Gujarat,West,Consumer,2024-02-10
CUST00095,Swathi Das,Female,38,Lucknow,Uttar Pradesh,North,Consumer,2024-07-07
CUST00096,Kiran Singh,Female,47,Patna,Bihar,East,Corporate,2022-04-13
CUST00097,Rahul Verma,Female,42,Pune,Maharashtra,West,Consumer,2025-08-24
CUST00098,Ananya Sharma,Female,54,Delhi,Delhi,North,Consumer,2024-01-29
CUST00099,Rohan Sharma,Female,18,Jaipur,Rajasthan,North,Consumer,2023-06-30
CUST00100,Rahul Mishra,Male,33,Pune,Maharashtra,West,Consumer,2022-04-21
CUST00101,Kavya Choudhary,Male,24,Delhi,Delhi,south,Corporate,2022-10-08
CUST00102,Priya Iyer,Female,39,Chennai,Tamil Nadu, SOUTH ,Consumer,2023-09-26
CUST00103,Rohan Singh,Male,25,Chennai,Tamil Nadu,South,Consumer,2023-10-07
CUST00104,Divya Mehta,Female,28,Delhi,Delhi,North,Consumer,2025-01-01
CUST00105,Varun Naidu,Female,21,Jaipur,Rajasthan,North,Consumer,2022-12-03
CUST00106,Sneha Sharma,Male,34,Jaipur,Rajasthan,North,Consumer,2023-12-20
CUST00107,Meera Mehta,Female,51,Patna,Bihar,East,Consumer,2023-11-30
CUST00108,Rohan Gupta,Female,36,Surat,Gujarat,West,Corporate,2022-12-29
CUST00109,Suresh Reddy,Male,18,Patna,Bihar,East,Consumer,2023-04-30
CUST00110,Pooja Gupta,Male,36,Chandigarh,Chandigarh,North,Consumer,2022-05-06
CUST00111,Nikhil Mishra,Female,44,Chandigarh,Chandigarh,North,Consumer,2022-04-21
CUST00112,Varun Verma,Female,40,Kochi,Kerala,South,Corporate,2025-10-24
CUST00113,Rohan Mehta,Male,47,Chandigarh,Chandigarh,North,Consumer,2022-11-11
CUST00114,Ananya Singh,Female,20,Kolkata,West Bengal,East,Consumer,2022-10-04
CUST00115,Ananya Gupta,Male,41,Pune,Maharashtra,West,Consumer,2022-04-28
CUST00116,Ananya Patel,Female,35,Hyderabad,Telangana,South,Corporate,2023-12-16
CUST00117,Rohan Mishra,Female,28,Surat,Gujarat,West,Consumer,2022-08-13
CUST00118,Nikhil Das,Male,23,Kochi,Kerala,South,Corporate,2022-11-16
CUST00119,Kiran Joshi,Male,61,Pune,Maharashtra,West,Consumer,2023-11-21
CUST00120,Pooja Singh,Male,18,Surat,Gujarat,West,Small Business,2022-01-13
CUST00121,Rahul Kumar,Male,45,Surat,Gujarat,West,Consumer,2025-12-13
CUST00122,Nikhil Singh,Female,41,Bhubaneswar,Odisha,East,Small Business,2022-11-30
CUST00123,Amit Naidu,Male,40,Mumbai,Maharashtra,West,Corporate,2025-10-04
CUST00124,Amit Naidu,Female,32,Surat,Gujarat,West,Corporate,2025-08-07
CUST00125,Kiran Singh,Male,41,Mumbai,Maharashtra,West,Consumer,2024-12-01
CUST00126,Swathi Rao,Male,36,Delhi,Delhi,North,Corporate,2024-03-10
CUST00127,Ananya Sharma,Female,18,Chennai,Tamil Nadu,South,Small Business,2023-05-18
CUST00128,Meera Singh,Female,34,Bengaluru,Karnataka,South,Corporate,2022-07-17
CUST00129,Priya Gupta,Female,25,Pune,Maharashtra,West,Small Business,2025-08-05
CUST00130,Vikram Iyer,Female,39,Kochi,Kerala,South,Consumer,2025-01-25
CUST00131,Kiran Iyer,Female,34,Kolkata,West Bengal,East,Corporate,2024-05-14
CUST00132,Ananya Mishra,Male,29,Pune,Maharashtra,West,Corporate,2022-08-04
CUST00133,Varun Mishra,Male,18,Kochi,Kerala,South,Corporate,2025-12-05
CUST00134,Rohan Patel,Female,30,Patna,Bihar,East,Corporate,2025-07-30
CUST00135,Isha Iyer,Female,22,Mumbai,Maharashtra,West,Consumer,2022-12-12
CUST00136,Amit Das,Female,27,Bhubaneswar,Odisha,East,Consumer,2025-05-18
CUST00137,Arjun Choudhary,Female,25,Delhi,Delhi,North,Small Business,2025-03-02
CUST00138,Kiran Rao,Female,36,Surat,Gujarat,West,Corporate,2025-11-02
CUST00139,Rohan Mishra,Male,30,Delhi,Delhi,North,Consumer,2023-02-24
CUST00140,Arjun Choudhary,Male,29,Pune,Maharashtra,West,Consumer,2023-10-23
CUST00141,Ravi Singh,Male,23,Patna,Bihar,East,Consumer,2022-03-16
CUST00142,Rahul Gupta,Male,18,Pune,Maharashtra,West,Corporate,2023-10-02
CUST00143,Divya Iyer,Male,33,Lucknow,Uttar Pradesh,North,Consumer,2025-03-30
CUST00144,Amit Verma,Male,20,Hyderabad,Telangana,South,Consumer,2024-12-08
CUST00145,Nikhil Kumar,Male,45,Ahmedabad,Gujarat,West,Consumer,2025-10-15
CUST00146,Vikram Sharma,Male,35,Hyderabad,Telangana,South,Consumer,2023-03-11
CUST00147,Rohan Joshi,Male,59,Lucknow,Uttar Pradesh,North,Consumer,2023-08-13
CUST00148,Varun Reddy,Male,22,Chennai,Tamil Nadu,South,Consumer,2022-04-24
CUST00149,Ananya Patel,Male,36,Bhubaneswar,Odisha,East,Small Business,2024-03-10
CUST00150,Pooja Patel,Female,31,Jaipur,Rajasthan,North,Consumer,2022-03-28
CUST00151,Swathi Gupta,Female,41,Ahmedabad,Gujarat,West,Consumer,2024-12-13
CUST00152,Varun Singh,Male,22,Delhi,Delhi,North,Corporate,2024-10-03
CUST00153,Rahul Patel,Male,41,Surat,Gujarat,West,Corporate,2023-03-28
CUST00154,Kiran Verma,Male,38,Kochi,Kerala,South,Consumer,2024-08-01
CUST00155,Vikram Mehta,Male,37,Bengaluru,Karnataka,South,Consumer,2023-05-29
CUST00156,Varun Singh,Male,21,Hyderabad,Telangana,South,Consumer,2025-11-10
CUST00157,Divya Kumar,Female,46,Chennai,Tamil Nadu,South,Consumer,2024-07-28
CUST00158,Isha Mehta,Female,18,Chennai,Tamil Nadu,South,Consumer,2023-12-15
CUST00159,Meera Gupta,Female,30,Bhubaneswar,Odisha,East,Consumer,2023-07-06
CUST00160,Suresh Naidu,Male,33,Bengaluru,Karnataka,South,Consumer,2025-06-12
CUST00161,Sneha Mehta,Male,28,Bhubaneswar,Odisha,East,Consumer,2025-03-15
CUST00162,Pooja Kumar,Male,26,Ranchi,Jharkhand,East,Consumer,2025-03-22
CUST00163,Divya Gupta,Male,29,Pune,Maharashtra,West,Consumer,2024-01-01
CUST00164,Rahul Das,Female,27,Surat,Gujarat,West,Consumer,2024-06-24
CUST00165,Nikhil Mehta,Male,29,Kolkata,West Bengal,East,Consumer,2025-10-18
CUST00166,Rohan Singh,Female,48,Hyderabad,Telangana,South,Consumer,2022-05-29
CUST00167,Neha Iyer,Male,24,Lucknow,Uttar Pradesh,North,Consumer,2022-04-08
CUST00168,Varun Rao,Female,44,Ahmedabad,Gujarat,West,Corporate,2025-08-05
CUST00169,Sneha Choudhary,Male,28,Jaipur,Rajasthan,North,Consumer,2022-12-31
CUST00170,Rahul Naidu,Female,35,Lucknow,Uttar Pradesh,North,Consumer,2023-12-14
CUST00171,Nikhil Sharma,Male,27,Surat,Gujarat,West,Consumer,2022-05-11
CUST00172,Kiran Das,Female,52,Bengaluru,Karnataka,South,Consumer,2024-05-15
CUST00173,Rohan Singh,Male,33,Chandigarh,Chandigarh,North,Consumer,2025-09-03
CUST00174,Rohan Rao,Female,40,Ranchi,Jharkhand,East,Corporate,2023-01-09
CUST00175,Ananya Rao,Male,18,Ranchi,Jharkhand,East,Small Business,2022-02-16
CUST00176,Pooja Gupta,Female,33,Ranchi,Jharkhand,East,Consumer,2025-01-14
CUST00177,Vikram Joshi,Male,25,Jaipur,Rajasthan,North,Consumer,2024-04-06
CUST00178,Swathi Choudhary,Female,40,Ahmedabad,Gujarat,West,Corporate,2023-02-06
CUST00179,Pooja Gupta,Male,19,Lucknow,Uttar Pradesh,North,Consumer,2025-01-26
CUST00180,Kiran Iyer,Male,39,Chennai,Tamil Nadu,South,Corporate,2022-12-30
CUST00181,Varun Rao,Male,27,Ahmedabad,Gujarat,West,Corporate,2022-01-16
CUST00182,Pooja Das,Male,44,Kolkata,West Bengal,East,Consumer,2025-04-08
CUST00183,Suresh Mishra,Male,59,Bengaluru,Karnataka,South,Consumer,2023-01-12
CUST00184,Vikram Kumar,Female,27,Jaipur,Rajasthan,North,Consumer,2022-01-03
CUST00185,Meera Rao,Male,23,Kolkata,West Bengal,East,Consumer,2023-12-06
CUST00186,Meera Choudhary,Male,26,Mumbai,Maharashtra,West,Consumer,2025-09-29
CUST00187,Divya Iyer,Female,43,Kochi,Kerala,South,Small Business,2022-01-11
CUST00188,Suresh Reddy,Male,31,Bhubaneswar,Odisha,East,Small Business,2025-08-26
CUST00189,Rohan Mishra,Male,32,Mumbai,Maharashtra,West,Consumer,2023-05-21
CUST00190,Ananya Singh,Male,28,Chennai,Tamil Nadu,South,Small Business,2023-11-20
CUST00191,Priya Kumar,Female,30,Delhi,Delhi,North,Corporate,2022-03-03
CUST00192,Priya Patel,Male,22,Hyderabad,Telangana,South,Consumer,2025-01-17
CUST00193,Sneha Joshi,Female,18,Delhi,Delhi,North,Consumer,2025-05-03
CUST00194,Rahul Das,Male,25,Delhi,Delhi,North,Consumer,2025-07-08
CUST00195,Rahul Rao,Male,34,Lucknow,Uttar Pradesh,North,Small Business,2024-08-30
CUST00196,Kiran Mishra,Female,27,Chandigarh,Chandigarh,North,Consumer,2022-08-12
CUST00197,Rohan Mehta,Female,39,Bhubaneswar,Odisha,East,Small Business,2025-08-05
CUST00198,Rohan Rao,Male,54,Pune,Maharashtra,West,Consumer,2024-03-26
CUST00199,Suresh Iyer,Male,24,Delhi,Delhi,North,Small Business,2023-07-11
CUST00200,Rohan Choudhary,Female,39,Jaipur,Rajasthan,North,Consumer,2022-12-29
CUST00201,Vikram Choudhary,Male,49,Mumbai,Maharashtra,West,Consumer,2025-06-01
CUST00202,Meera Iyer,Female,37,Kolkata,West Bengal,East,Corporate,2025-05-31
CUST00203,Suresh Patel,Male,45,Bengaluru,Karnataka,South,Consumer,2022-12-01
CUST00204,Kiran Mishra,Female,31,Bhubaneswar,Odisha,East,Consumer,2023-04-29
CUST00205,Sneha Iyer,Male,41,Bengaluru,Karnataka,South,Consumer,2022-01-22
CUST00206,Swathi Reddy,Female,43,Jaipur,Rajasthan,North,Corporate,2023-12-17
CUST00207,Priya Kumar,Female,32,Kochi,Kerala,South,Corporate,2023-07-24
CUST00208,Rahul Joshi,Male,18,Ahmedabad,Gujarat,West,Small Business,2025-01-27
CUST00209,Ravi Gupta,Male,28,Kolkata,West Bengal,East,Corporate,2024-08-31
CUST00210,Amit Iyer,Female,42,Kochi,Kerala,South,Small Business,2024-09-15
CUST00211,Varun Singh,Female,18,Mumbai,Maharashtra,West,Small Business,2025-07-04
CUST00212,Ananya Choudhary,Female,27,Jaipur,Rajasthan,North,Consumer,2024-10-05
CUST00213,Divya Reddy,Female,39,Delhi,Delhi,North,Consumer,2025-08-25
CUST00214,Varun Iyer,Female,33,Surat,Gujarat,West,Corporate,2023-01-22
CUST00215,Divya Singh,Female,50,Kolkata,West Bengal,East,Consumer,2023-06-05
CUST00216,Kavya Naidu,Male,49,Pune,Maharashtra,West,Corporate,2023-05-16
CUST00217,Rahul Rao,Male,53,Mumbai,Maharashtra,West,Consumer,2023-08-30
CUST00218,Amit Mishra,Female,30,Pune,Maharashtra,West,Small Business,2025-12-19
CUST00219,Amit Verma,Female,30,Surat,Gujarat,West,Consumer,2022-04-02
CUST00220,Arjun Mehta,Female,34,Kochi,Kerala,South,Small Business,2022-01-02
CUST00221,Arjun Naidu,Male,23,Hyderabad,Telangana,South,Consumer,2022-05-02
CUST00222,Varun Reddy,Male,31,Bengaluru,Karnataka,South,Corporate,2022-11-13
CUST00223,Ananya Naidu,Female,34,Chennai,Tamil Nadu,South,Corporate,2025-07-11
CUST00224,Swathi Das,Female,27,Surat,Gujarat,West,Consumer,2022-09-08
CUST00225,Vikram Iyer,Female,47,Patna,Bihar,East,Consumer,2023-05-30
CUST00226,Ravi Das,Female,35,Patna,Bihar,East,Consumer,2024-10-10
CUST00227,Divya Mishra,Male,18,Chandigarh,Chandigarh,North,Consumer,2023-11-16
CUST00228,Rohan Das,Female,44,Surat,Gujarat,West,Corporate,2023-10-24
CUST00229,Ravi Iyer,Female,40,Mumbai,Maharashtra,West,Consumer,2025-05-15
CUST00230,Vikram Das,Male,23,Hyderabad,Telangana,South,Small Business,2024-08-14
CUST00231,Isha Singh,Male,18,Surat,Gujarat,West,Corporate,2023-08-01
CUST00232,Rahul Kumar,Male,54,Patna,Bihar,East,Consumer,2025-10-26
CUST00233,Divya Patel,Female,47,Jaipur,Rajasthan,North,Consumer,2022-04-10
CUST00234,Pooja Das,Male,41,Ranchi,Jharkhand,East,Consumer,2022-10-20
CUST00235,Ananya Mishra,Male,32,Mumbai,Maharashtra,West,Consumer,2022-08-19
CUST00236,Isha Reddy,Male,25,Delhi,Delhi,North,Corporate,2022-01-28
CUST00237,Priya Singh,Male,51,Bengaluru,Karnataka,South,Consumer,2024-07-07
CUST00238,Amit Mehta,Male,49,Patna,Bihar,East,Consumer,2024-04-23
CUST00239,Ravi Sharma,Male,39,Bhubaneswar,Odisha,East,Consumer,2024-06-04
CUST00240,Amit Singh,Male,35,Kochi,Kerala,South,Consumer,2022-11-01
CUST00241,Divya Rao,Female,30,Hyderabad,Telangana,South,Consumer,2022-11-30
CUST00242,Ravi Choudhary,Male,37,Bengaluru,Karnataka,South,Consumer,2024-10-21
CUST00243,Priya Verma,Male,51,Ahmedabad,Gujarat,West,Consumer,2022-08-30
CUST00244,Amit Joshi,Female,41,Surat,Gujarat,West,Corporate,2025-04-23
CUST00245,Varun Iyer,Male,25,Ahmedabad,Gujarat,West,Consumer,2022-11-04
CUST00246,Swathi Mehta,Female,38,Ranchi,Jharkhand,East,Consumer,2025-09-26
CUST00247,Neha Mishra,Male,32,Hyderabad,Telangana,South,Corporate,2022-11-07
CUST00248,Amit Mehta,Male,36,Ahmedabad,Gujarat,West,Consumer,2022-10-30
CUST00249,Nikhil Das,Male,40,Surat,Gujarat,West,Corporate,2025-08-20
CUST00250,Ravi Mehta,Male,35,Mumbai,Maharashtra,West,Consumer,2023-12-05
CUST00251,Ravi Sharma,Male,37,Pune,Maharashtra,West,Consumer,2023-05-04
CUST00252,Sneha Reddy,Male,38,Lucknow,Uttar Pradesh,North,Consumer,2022-01-19
CUST00253,Rahul Reddy,Female,41,Pune,Maharashtra,West,Consumer,2024-04-01
CUST00254,Varun Sharma,Male,30,Ahmedabad,Gujarat,West,Consumer,2024-07-05
CUST00255,Arjun Sharma,Male,30,Chennai,Tamil Nadu,South,Consumer,2024-08-25
CUST00256,Meera Mehta,Female,33,Bhubaneswar,Odisha,East,Consumer,2022-03-26
CUST00257,Neha Reddy,Male,20,Jaipur,Rajasthan,North,Consumer,2025-08-16
CUST00258,Varun Iyer,Female,18,Kochi,Kerala,South,Corporate,2023-05-13
CUST00259,Amit Mishra,Female,43,Chandigarh,Chandigarh,North,Consumer,2023-02-03
CUST00260,Sneha Iyer,Male,32,Delhi,Delhi,North,Consumer,2022-05-21
CUST00261,Rohan Reddy,Male,38,Pune,Maharashtra,West,Corporate,2024-01-21
CUST00262,Priya Rao,Male,57,Chandigarh,Chandigarh,North,Corporate,2022-01-02
CUST00263,Suresh Kumar,Female,23,Hyderabad,Telangana,South,Small Business,2024-11-28
CUST00264,Vikram Choudhary,Male,34,Kolkata,West Bengal,East,Consumer,2022-10-25
CUST00265,Sneha Kumar,Male,36,Surat,Gujarat,West,Consumer,2025-10-17
CUST00266,Suresh Gupta,Female,47,Patna,Bihar,East,Consumer,2025-05-28
CUST00267,Ravi Choudhary,Female,45,Delhi,Delhi,North,Small Business,2023-12-21
CUST00268,Kiran Kumar,Male,30,Hyderabad,Telangana,South,Corporate,2024-12-19
CUST00269,Pooja Naidu,Male,25,Ahmedabad,Gujarat,West,Consumer,2023-11-18
CUST00270,Priya Das,Female,55,Hyderabad,Telangana,South,Consumer,2023-10-24
CUST00271,Kiran Choudhary,Male,39,Ranchi,Jharkhand,East,Consumer,2025-01-05
CUST00272,Rahul Patel,Female,22,Kolkata,West Bengal,East,Corporate,2025-10-29
CUST00273,Vikram Naidu,Female,37,Kolkata,West Bengal,East,Consumer,2025-04-05
CUST00274,Meera Kumar,Male,28,Kolkata,West Bengal,East,Small Business,2022-03-14
CUST00275,Arjun Iyer,Male,23,Surat,Gujarat,West,Corporate,2024-08-13
CUST00276,Divya Iyer,Female,54,Mumbai,Maharashtra,West,Consumer,2022-03-08
CUST00277,Divya Mishra,Male,19,Pune,Maharashtra,West,Small Business,2022-04-26
CUST00278,Divya Mehta,Female,20,Surat,Gujarat,West,Consumer,2022-10-14
CUST00279,Kavya Mehta,Male,49,Patna,Bihar,East,Consumer,2024-09-06
CUST00280,Kavya Joshi,Male,30,Chennai,Tamil Nadu,South,Consumer,2025-02-01
CUST00281,Kiran Kumar,Female,46,Pune,Maharashtra,West,Consumer,2023-02-10
CUST00282,Neha Gupta,Female,35,Bengaluru,Karnataka,South,Corporate,2023-04-05
CUST00283,Isha Reddy,Male,31,Pune,Maharashtra,West,Consumer,2022-12-27
CUST00284,Rahul Iyer,Male,29,Mumbai,Maharashtra,West,Consumer,2024-04-14
CUST00285,Sneha Reddy,Male,33,Kochi,Kerala,South,Small Business,2025-01-29
CUST00286,Pooja Das,Female,42,Kochi,Kerala,South,Consumer,2023-08-17
CUST00287,Priya Joshi,Female,36,Kolkata,West Bengal,East,Corporate,2024-08-05
CUST00288,Ravi Choudhary,Male,37,Bhubaneswar,Odisha,East,Consumer,2022-05-10
CUST00289,Swathi Joshi,Female,44,Chennai,Tamil Nadu,South,Consumer,2024-04-01
CUST00290,Sneha Choudhary,Male,38,Hyderabad,Telangana,South,Corporate,2024-04-01
CUST00291,Isha Patel,Female,39,Bhubaneswar,Odisha,East,Consumer,2024-07-05
CUST00292,Sneha Naidu,Male,43,Bengaluru,Karnataka,South,Consumer,2024-11-01
CUST00293,Suresh Choudhary,Male,24,Ranchi,Jharkhand,East,Corporate,2022-02-12
CUST00294,Rahul Das,Male,32,Bhubaneswar,Odisha,East,Consumer,2024-02-17
CUST00295,Rahul Joshi,Female,35,Delhi,Delhi,North,Small Business,2022-03-24
CUST00296,Priya Singh,Male,30,Delhi,Delhi,North,Consumer,2024-06-01
CUST00297,Kavya Das,Female,21,Ahmedabad,Gujarat,West,Consumer,2025-11-04
CUST00298,Isha Kumar,Male,40,Kochi,Kerala,South,Consumer,2024-12-22
CUST00299,Isha Choudhary,Male,28,Mumbai,Maharashtra,West,Consumer,2023-03-31
CUST00300,Kiran Joshi,Male,22,Mumbai,Maharashtra,West,Consumer,2023-02-09
CUST00301,Ananya Choudhary,Female,24,Pune,Maharashtra,West,Corporate,2024-11-02
CUST00302,Swathi Mishra,Female,39,Mumbai,Maharashtra,West,Corporate,2022-06-22
CUST00303,Sneha Sharma,Male,18,Ranchi,Jharkhand,East,Corporate,2022-07-02
CUST00304,Sneha Reddy,Male,54,Mumbai,Maharashtra,West,Corporate,2024-01-14
CUST00305,Ravi Mishra,Male,48,Chennai,Tamil Nadu,South,Small Business,2022-04-15
CUST00306,Nikhil Rao,Male,31,Ranchi,Jharkhand,East,Corporate,2023-07-26
CUST00307,Arjun Mehta,Female,42,Ranchi,Jharkhand,East,Corporate,2024-01-29
CUST00308,Neha Iyer,Male,26,Bengaluru,Karnataka,South,Consumer,2024-08-13
CUST00309,Suresh Patel,Male,33,Ahmedabad,Gujarat,West,Consumer,2025-05-08
CUST00310,Amit Sharma,Male,36,Delhi,Delhi,North,Consumer,2023-10-26
CUST00311,Kiran Kumar,Female,20,Hyderabad,Telangana,South,Consumer,2023-02-03
CUST00312,Vikram Patel,Male,24,Chennai,Tamil Nadu,South,Consumer,2025-07-08
CUST00313,Neha Mehta,Male,43,Mumbai,Maharashtra,West,Corporate,2024-08-19
CUST00314,Swathi Patel,Male,26,Patna,Bihar,East,Corporate,2022-06-18
CUST00315,Swathi Mehta,Female,48,Delhi,Delhi,North,Corporate,2025-08-04
CUST00316,Rahul Iyer,Male,51,Ranchi,Jharkhand,East,Consumer,2025-11-26
CUST00317,Ravi Naidu,Male,18,Ahmedabad,Gujarat,West,Consumer,2023-02-18
CUST00318,Divya Patel,Female,43,Kochi,Kerala,South,Corporate,2022-05-02
CUST00319,Vikram Sharma,Male,55,Ranchi,Jharkhand,East,Consumer,2022-10-29
CUST00320,Meera Gupta,Male,40,Surat,Gujarat,West,Consumer,2022-09-13
CUST00321,Amit Naidu,Female,37,Pune,Maharashtra,West,Corporate,2025-12-01
CUST00322,Divya Mishra,Male,27,Surat,Gujarat,West,Corporate,2025-10-08
CUST00323,Priya Choudhary,Male,44,Surat,Gujarat,West,Consumer,2022-05-16
CUST00324,Kavya Rao,Male,36,Jaipur,Rajasthan,North,Corporate,2023-03-25
CUST00325,Neha Patel,Male,28,Kochi,Kerala,South,Consumer,2022-10-29
CUST00326,Rahul Naidu,Male,39,Ahmedabad,Gujarat,West,Consumer,2024-07-20
CUST00327,Pooja Mehta,Female,42,Pune,Maharashtra,West,Corporate,2024-10-11
CUST00328,Rohan Singh,Male,41,Pune,Maharashtra,West,Consumer,2025-03-01
CUST00329,Pooja Rao,Male,37,Kochi,Kerala,South,Consumer,2024-05-20
CUST00330,Pooja Verma,Male,25,Mumbai,Maharashtra,West,Consumer,2024-07-29
CUST00331,Nikhil Gupta,Female,51,Kochi,Kerala,South,Consumer,2023-11-29
CUST00332,Isha Kumar,Male,34,Ahmedabad,Gujarat,West,Consumer,2023-08-17
CUST00333,Rohan Sharma,Female,38,Chennai,Tamil Nadu,South,Corporate,2025-08-30
CUST00334,Sneha Patel,Male,25,Pune,Maharashtra,West,Consumer,2022-07-02
CUST00335,Arjun Reddy,Male,41,Hyderabad,Telangana,South,Consumer,2022-06-10
CUST00336,Ananya Kumar,Male,42,Hyderabad,Telangana,South,Consumer,2023-02-03
CUST00337,Varun Joshi,Female,37,Pune,Maharashtra,West,Small Business,2024-08-30
CUST00338,Nikhil Joshi,Female,20,Lucknow,Uttar Pradesh,North,Consumer,2023-07-17
CUST00339,Rohan Mehta,Female,28,Mumbai,Maharashtra,West,Consumer,2022-02-18
CUST00340,Pooja Singh,Female,20,Mumbai,Maharashtra,West,Corporate,2023-09-30
CUST00341,Vikram Reddy,Female,31,Ahmedabad,Gujarat,West,Small Business,2024-09-11
CUST00342,Divya Mehta,Male,24,Kochi,Kerala,South,Consumer,2022-06-12
CUST00343,Meera Rao,Female,23,Ahmedabad,Gujarat,West,Corporate,2023-08-05
CUST00344,Ravi Mishra,Female,18,Chandigarh,Chandigarh,North,Consumer,2022-09-07
CUST00345,Sneha Reddy,Male,41,Lucknow,Uttar Pradesh,North,Consumer,2025-05-11
CUST00346,Varun Gupta,Male,31,Kochi,Kerala,South,Corporate,2024-06-14
CUST00347,Kiran Mehta,Female,38,Bhubaneswar,Odisha,East,Consumer,2022-11-01
CUST00348,Rohan Naidu,Female,26,Chennai,Tamil Nadu,South,Small Business,2023-03-21
CUST00349,Arjun Reddy,Female,25,Delhi,Delhi,North,Corporate,2022-10-16
CUST00350,Rahul Das,Female,32,Hyderabad,Telangana,South,Consumer,2022-06-26
CUST00351,Rahul Verma,Male,31,Hyderabad,Telangana,South,Consumer,2022-01-22
CUST00352,Rahul Mehta,Male,45,Ranchi,Jharkhand,East,Consumer,2023-09-29
CUST00353,Divya Rao,Female,30,Ahmedabad,Gujarat,West,Small Business,2022-08-31
CUST00354,Nikhil Gupta,Female,25,Patna,Bihar,East,Consumer,2024-12-27
CUST00355,Isha Verma,Male,37,Bhubaneswar,Odisha,East,Consumer,2024-02-21
CUST00356,Ravi Rao,Female,25,Lucknow,Uttar Pradesh,North,Corporate,2023-03-23
CUST00357,Priya Rao,Male,46,Bengaluru,Karnataka,South,Consumer,2023-08-24
CUST00358,Swathi Iyer,Female,29,Lucknow,Uttar Pradesh,North,Small Business,2023-05-19
CUST00359,Pooja Rao,Male,37,Chandigarh,Chandigarh,North,Corporate,2023-07-21
CUST00360,Varun Choudhary,Female,47,Delhi,Delhi,North,Consumer,2023-07-08
CUST00361,Isha Verma,Female,42,Chandigarh,Chandigarh,North,Small Business,2022-02-09
CUST00362,Arjun Das,Male,29,Pune,Maharashtra,West,Consumer,2023-09-05
CUST00363,Kavya Iyer,Male,25,Ranchi,Jharkhand,East,Small Business,2025-02-06
CUST00364,Suresh Reddy,Male,45,Ahmedabad,Gujarat,West,Small Business,2022-09-04
CUST00365,Kiran Naidu,Male,28,Ranchi,Jharkhand,East,Small Business,2022-09-22
CUST00366,Ananya Reddy,Male,21,Kochi,Kerala,South,Corporate,2025-11-01
CUST00367,Rahul Choudhary,Female,22,Lucknow,Uttar Pradesh,North,Corporate,2023-08-11
CUST00368,Kavya Singh,Male,25,Chandigarh,Chandigarh,North,Consumer,2025-12-11
CUST00369,Priya Kumar,Female,26,Mumbai,Maharashtra,West,Corporate,2022-10-06
CUST00370,Nikhil Singh,Female,40,Ranchi,Jharkhand,East,Corporate,2024-07-19
CUST00371,Isha Mishra,Female,45,Hyderabad,Telangana,South,Consumer,2023-03-30
CUST00372,Isha Das,Female,22,Delhi,Delhi,North,Consumer,2023-10-02
CUST00373,Priya Kumar,Female,28,Patna,Bihar,East,Consumer,2025-08-29
CUST00374,Meera Kumar,Female,21,Mumbai,Maharashtra,West,Small Business,2023-07-05
CUST00375,Priya Das,Female,38,Delhi,Delhi,North,Corporate,2023-02-11
CUST00376,Rahul Rao,Male,31,Lucknow,Uttar Pradesh,North,Consumer,2023-05-16
CUST00377,Priya Patel,Female,32,Surat,Gujarat,West,Consumer,2024-05-05
CUST00378,Ananya Gupta,Male,24,Bhubaneswar,Odisha,East,Corporate,2024-08-04
CUST00379,Pooja Patel,Female,24,Chennai,Tamil Nadu,South,Corporate,2024-02-26
CUST00380,Isha Joshi,Male,44,Patna,Bihar,East,Consumer,2023-11-07
CUST00381,Nikhil Joshi,Male,18,Surat,Gujarat,West,Corporate,2024-03-31
CUST00382,Ravi Iyer,Female,39,Chennai,Tamil Nadu,South,Consumer,2022-03-09
CUST00383,Neha Reddy,Female,43,Chandigarh,Chandigarh,North,Consumer,2023-11-26
CUST00384,Nikhil Joshi,Male,36,Ranchi,Jharkhand,East,Consumer,2023-05-09
CUST00385,Kiran Kumar,Male,51,Bengaluru,Karnataka,South,Consumer,2025-09-09
CUST00386,Nikhil Reddy,Female,33,Chennai,Tamil Nadu,South,Consumer,2025-08-17
CUST00387,Varun Rao,Male,48,Ahmedabad,Gujarat,West,Corporate,2022-01-26
CUST00388,Neha Singh,Female,30,Kochi,Kerala,South,Consumer,2022-06-28
CUST00389,Vikram Das,Male,31,Kochi,Kerala,South,Corporate,2022-07-13
CUST00390,Rahul Iyer,Female,18,Surat,Gujarat,West,Consumer,2025-01-15
CUST00391,Ananya Verma,Male,29,Pune,Maharashtra,West,Consumer,2025-11-04
CUST00392,Arjun Naidu,Male,18,Jaipur,Rajasthan,North,Consumer,2025-12-18
CUST00393,Priya Mishra,Male,43,Bhubaneswar,Odisha,East,Small Business,2024-05-30
CUST00394,Neha Iyer,Female,57,Bhubaneswar,Odisha,East,Consumer,2022-12-07
CUST00395,Nikhil Joshi,Male,28,Mumbai,Maharashtra,West,Corporate,2024-03-29
CUST00396,Vikram Gupta,Female,42,Lucknow,Uttar Pradesh,North,Consumer,2024-02-18
CUST00397,Rohan Iyer,Male,26,Bhubaneswar,Odisha,East,Consumer,2025-09-17
CUST00398,Neha Mishra,Female,18,Surat,Gujarat,West,Corporate,2025-06-17
CUST00399,Suresh Mehta,Female,29,Hyderabad,Telangana,South,Consumer,2023-12-28
CUST00400,Varun Kumar,Female,35,Hyderabad,Telangana,South,Consumer,2024-09-16
CUST00401,Sneha Reddy,Male,45,Hyderabad,Telangana,South,Small Business,2022-11-28
CUST00402,Rohan Choudhary,Female,55,Jaipur,Rajasthan,North,Consumer,2022-04-15
CUST00403,Rahul Patel,Female,36,Jaipur,Rajasthan,North,Small Business,2025-01-12
CUST00404,Rahul Mishra,Male,41,Pune,Maharashtra,West,Consumer,2022-10-23
CUST00405,Nikhil Naidu,Male,32,Bengaluru,Karnataka,South,Consumer,2024-09-12
CUST00406,Nikhil Choudhary,Male,18,Mumbai,Maharashtra,West,Corporate,2025-08-10
CUST00407,Amit Reddy,Male,34,Chandigarh,Chandigarh,North,Small Business,2024-11-19
CUST00408,Divya Reddy,Male,25,Chandigarh,Chandigarh,North,Consumer,2025-04-10
CUST00409,Ravi Choudhary,Male,31,Patna,Bihar,East,Consumer,2023-11-10
CUST00410,Kiran Gupta,Male,33,Bengaluru,Karnataka,South,Small Business,2025-05-01
CUST00411,Isha Patel,Male,47,Patna,Bihar,East,Consumer,2022-05-06
CUST00412,Nikhil Sharma,Female,47,Lucknow,Uttar Pradesh,North,Corporate,2024-07-18
CUST00413,Isha Rao,Female,52,Ranchi,Jharkhand,East,Consumer,2024-04-16
CUST00414,Priya Iyer,Male,29,Bhubaneswar,Odisha,East,Consumer,2025-12-24
CUST00415,Amit Iyer,Male,18,Pune,Maharashtra,West,Small Business,2022-05-05
CUST00416,Pooja Das,Male,30,Mumbai,Maharashtra,West,Small Business,2024-02-25
CUST00417,Ravi Sharma,Male,23,Chandigarh,Chandigarh,North,Consumer,2024-10-04
CUST00418,Sneha Singh,Male,37,Pune,Maharashtra,West,Consumer,2023-11-05
CUST00419,Rohan Patel,Male,26,Kolkata,West Bengal,East,Consumer,2024-07-30
CUST00420,Divya Singh,Female,27,Patna,Bihar,East,Consumer,2025-11-09
CUST00421,Priya Mishra,Female,18,Chandigarh,Chandigarh,North,Small Business,2022-04-14
CUST00422,Rohan Singh,Female,31,Pune,Maharashtra,West,Consumer,2023-06-01
CUST00423,Kiran Kumar,Female,36,Hyderabad,Telangana,South,Consumer,2025-03-09
CUST00424,Amit Gupta,Male,23,Pune,Maharashtra,West,Corporate,2024-11-09
CUST00425,Meera Mehta,Female,32,Delhi,Delhi,North,Small Business,2024-03-30
CUST00426,Ananya Choudhary,Male,22,Ranchi,Jharkhand,East,Consumer,2025-12-11
CUST00427,Varun Iyer,Male,61,Bhubaneswar,Odisha,East,Small Business,2024-08-31
CUST00428,Swathi Das,Female,31,Lucknow,Uttar Pradesh,North,Corporate,2024-02-11
CUST00429,Suresh Patel,Male,45,Ahmedabad,Gujarat,West,Small Business,2022-05-27
CUST00430,Ananya Patel,Male,31,Patna,Bihar,East,Consumer,2022-10-14
CUST00431,Kavya Reddy,Male,45,Ahmedabad,Gujarat,West,Corporate,2022-11-16
CUST00432,Kavya Das,Female,43,Bhubaneswar,Odisha,East,Consumer,2023-11-27
CUST00433,Varun Patel,Female,43,Bhubaneswar,Odisha,East,Consumer,2023-10-09
CUST00434,Arjun Kumar,Female,39,Chennai,Tamil Nadu,South,Corporate,2022-05-21
CUST00435,Neha Singh,Female,35,Surat,Gujarat,West,Corporate,2023-12-04
CUST00436,Ravi Reddy,Male,35,Surat,Gujarat,West,Consumer,2023-02-18
CUST00437,Ananya Iyer,Male,35,Patna,Bihar,East,Small Business,2025-08-06
CUST00438,Rohan Iyer,Female,32,Kolkata,West Bengal,East,Corporate,2023-01-10
CUST00439,Pooja Das,Female,18,Bengaluru,Karnataka,South,Consumer,2022-10-22
CUST00440,Neha Gupta,Female,26,Chennai,Tamil Nadu,South,Consumer,2024-11-16
CUST00441,Vikram Singh,Female,19,Pune,Maharashtra,West,Consumer,2025-11-27
CUST00442,Rohan Naidu,Female,36,Mumbai,Maharashtra,West,Consumer,2022-07-02
CUST00443,Pooja Mehta,Female,54,Ahmedabad,Gujarat,West,Consumer,2025-04-16
CUST00444,Meera Kumar,Male,42,Chandigarh,Chandigarh,North,Consumer,2024-11-19
CUST00445,Sneha Mishra,Female,27,Patna,Bihar,East,Consumer,2025-08-06
CUST00446,Rahul Choudhary,Male,49,Bengaluru,Karnataka,South,Corporate,2024-09-17
CUST00447,Swathi Verma,Female,25,Hyderabad,Telangana,South,Consumer,2023-07-31
CUST00448,Rohan Naidu,Female,45,Lucknow,Uttar Pradesh,North,Consumer,2023-09-04
CUST00449,Varun Patel,Male,31,Bengaluru,Karnataka,South,Small Business,2025-12-15
CUST00450,Arjun Das,Female,41,Hyderabad,Telangana,South,Corporate,2024-06-24
CUST00451,Amit Mishra,Male,27,Patna,Bihar,East,Corporate,2024-03-03
CUST00452,Ravi Singh,Male,30,Bhubaneswar,Odisha,East,Corporate,2025-08-09
CUST00453,Nikhil Singh,Male,43,Jaipur,Rajasthan,North,Consumer,2022-08-15
CUST00454,Ravi Das,Female,30,Chandigarh,Chandigarh,North,Consumer,2024-01-11
CUST00455,Sneha Choudhary,Female,43,Kolkata,West Bengal,East,Corporate,2025-01-28
CUST00456,Suresh Mishra,Male,30,Kolkata,West Bengal,East,Consumer,2025-07-10
CUST00457,Swathi Patel,Male,22,Kochi,Kerala,South,Corporate,2024-12-24
CUST00458,Amit Patel,Female,50,Kochi,Kerala,South,Corporate,2022-02-23
CUST00459,Divya Choudhary,Female,31,Jaipur,Rajasthan,North,Consumer,2022-04-21
CUST00460,Nikhil Das,Female,24,Pune,Maharashtra,West,Consumer,2022-06-20
CUST00461,Sneha Mehta,Male,22,Delhi,Delhi,North,Corporate,2023-04-10
CUST00462,Divya Iyer,Female,45,Surat,Gujarat,West,Consumer,2022-06-24
CUST00463,Ravi Reddy,Male,18,Bhubaneswar,Odisha,East,Consumer,2022-02-24
CUST00464,Vikram Kumar,Female,26,Jaipur,Rajasthan,North,Consumer,2023-12-21
CUST00465,Sneha Mishra,Female,35,Lucknow,Uttar Pradesh,North,Corporate,2024-12-04
CUST00466,Sneha Rao,Male,36,Pune,Maharashtra,West,Consumer,2023-09-02
CUST00467,Suresh Choudhary,Male,42,Bengaluru,Karnataka,South,Small Business,2023-09-23
CUST00468,Isha Reddy,Female,51,Mumbai,Maharashtra,West,Consumer,2022-10-05
CUST00469,Nikhil Iyer,Female,42,Delhi,Delhi,North,Corporate,2023-05-22
CUST00470,Rohan Iyer,Female,36,Kolkata,West Bengal,East,Consumer,2024-12-27
CUST00471,Amit Iyer,Female,32,Patna,Bihar,East,Corporate,2023-07-13
CUST00472,Ravi Joshi,Male,38,Patna,Bihar,East,Consumer,2022-01-05
CUST00473,Isha Naidu,Male,18,Kochi,Kerala,South,Consumer,2022-10-04
CUST00474,Kiran Verma,Male,35,Bhubaneswar,Odisha,East,Corporate,2022-07-29
CUST00475,Pooja Joshi,Male,19,Bhubaneswar,Odisha,East,Consumer,2025-03-30
CUST00476,Kavya Iyer,Female,31,Hyderabad,Telangana,South,Small Business,2022-09-29
CUST00477,Priya Das,Female,18,Kochi,Kerala,South,Consumer,2024-11-08
CUST00478,Ananya Verma,Male,38,Ahmedabad,Gujarat,West,Consumer,2023-09-12
CUST00479,Rahul Sharma,Female,38,Chennai,Tamil Nadu,South,Corporate,2025-03-10
CUST00480,Neha Joshi,Female,34,Jaipur,Rajasthan,North,Consumer,2024-04-12
CUST00481,Vikram Sharma,Male,48,Lucknow,Uttar Pradesh,North,Consumer,2022-05-17
CUST00482,Pooja Kumar,Male,37,Mumbai,Maharashtra,West,Small Business,2025-07-02
CUST00483,Pooja Das,Male,47,Lucknow,Uttar Pradesh,North,Consumer,2025-03-24
CUST00484,Priya Das,Female,34,Delhi,Delhi,North,Consumer,2025-07-12
CUST00485,Rahul Patel,Male,18,Pune,Maharashtra,West,Corporate,2023-02-08
CUST00486,Priya Patel,Female,54,Mumbai,Maharashtra,West,Consumer,2023-12-19
CUST00487,Swathi Mishra,Male,18,Hyderabad,Telangana,South,Corporate,2022-04-24
CUST00488,Suresh Kumar,Male,42,Hyderabad,Telangana,South,Consumer,2024-11-30
CUST00489,Kiran Mehta,Female,38,Delhi,Delhi,North,Consumer,2023-12-10
CUST00490,Amit Rao,Female,25,Ranchi,Jharkhand,East,Consumer,2022-10-09
CUST00491,Rohan Mishra,Male,32,Chennai,Tamil Nadu,South,Corporate,2024-05-23
CUST00492,Varun Reddy,Male,43,Kochi,Kerala,South,Consumer,2023-07-07
CUST00493,Rohan Gupta,Male,20,Ranchi,Jharkhand,East,Consumer,2023-02-25
CUST00494,Priya Choudhary,Female,47,Hyderabad,Telangana,South,Corporate,2022-07-08
CUST00495,Rahul Mishra,Female,24,Kochi,Kerala,South,Small Business,2023-04-16
CUST00496,Isha Gupta,Female,38,Mumbai,Maharashtra,West,Consumer,2022-06-30
CUST00497,Ravi Naidu,Female,32,Bhubaneswar,Odisha,East,Corporate,2023-11-11
CUST00498,Vikram Verma,Male,28,Ahmedabad,Gujarat,West,Consumer,2023-01-19
CUST00499,Varun Kumar,Female,40,Chennai,Tamil Nadu,South,Corporate,2025-09-28
CUST00500,Swathi Joshi,Male,22,Jaipur,Rajasthan,North,Corporate,2025-12-05
CUST00501,Meera Naidu,Male,48,Chennai,Tamil Nadu,South,Corporate,2024-07-26
CUST00502,Rahul Choudhary,Male,18,Jaipur,Rajasthan,North,Consumer,2022-01-10
CUST00503,Nikhil Kumar,Female,24,Pune,Maharashtra,West,Consumer,2024-01-23
CUST00504,Rohan Kumar,Female,37,Hyderabad,Telangana,South,Consumer,2025-05-02
CUST00505,Varun Gupta,Male,36,Surat,Gujarat,West,Corporate,2022-11-09
CUST00506,Rahul Iyer,Male,38,Hyderabad,Telangana,South,Consumer,2023-08-05
CUST00507,Isha Kumar,Male,37,Pune,Maharashtra,West,Corporate,2022-04-19
CUST00508,Arjun Sharma,Male,29,Ahmedabad,Gujarat,West,Consumer,2024-05-13
CUST00509,Sneha Reddy,Male,30,Ranchi,Jharkhand,East,Corporate,2025-07-17
CUST00510,Sneha Rao,Female,36,Bengaluru,Karnataka,South,Corporate,2024-06-07
CUST00511,Nikhil Rao,Male,52,Hyderabad,Telangana,South,Small Business,2023-06-09
CUST00512,Priya Patel,Male,34,Ranchi,Jharkhand,East,Consumer,2025-01-17
CUST00513,Sneha Das,Male,37,Kochi,Kerala,South,Corporate,2023-06-03
CUST00514,Priya Reddy,Female,42,Bhubaneswar,Odisha,East,Small Business,2025-05-18
CUST00515,Kavya Rao,Male,18,Kochi,Kerala,South,Consumer,2025-07-30
CUST00516,Nikhil Verma,Male,38,Chandigarh,Chandigarh,North,Corporate,2024-04-25
CUST00517,Arjun Joshi,Male,46,Mumbai,Maharashtra,West,Consumer,2023-07-13
CUST00518,Sneha Sharma,Female,22,Ahmedabad,Gujarat,West,Corporate,2022-08-03
CUST00519,Rohan Verma,Female,33,Bhubaneswar,Odisha,East,Small Business,2022-11-18
CUST00520,Kiran Das,Male,31,Pune,Maharashtra,West,Corporate,2023-03-01
CUST00521,Nikhil Das,Male,37,Hyderabad,Telangana,South,Corporate,2023-08-09
CUST00522,Amit Gupta,Male,58,Pune,Maharashtra,West,Consumer,2022-08-18
CUST00523,Ravi Verma,Female,25,Kochi,Kerala,South,Consumer,2025-08-25
CUST00524,Priya Verma,Male,33,Bengaluru,Karnataka,South,Corporate,2023-04-26
CUST00525,Kavya Verma,Male,40,Ranchi,Jharkhand,East,Small Business,2024-12-24
CUST00526,Pooja Singh,Female,18,Chennai,Tamil Nadu,South,Corporate,2023-07-14
CUST00527,Sneha Reddy,Male,35,Mumbai,Maharashtra,West,Consumer,2024-10-27
CUST00528,Ravi Kumar,Female,28,Hyderabad,Telangana,South,Consumer,2025-01-01
CUST00529,Meera Mehta,Female,40,Kolkata,West Bengal,East,Consumer,2022-02-23
CUST00530,Priya Kumar,Female,22,Bengaluru,Karnataka,South,Small Business,2023-01-02
CUST00531,Sneha Mishra,Male,36,Patna,Bihar,East,Corporate,2022-07-31
CUST00532,Neha Gupta,Male,18,Kolkata,West Bengal,East,Small Business,2025-12-30
CUST00533,Arjun Naidu,Male,24,Patna,Bihar,East,Consumer,2025-03-30
CUST00534,Kavya Reddy,Male,18,Lucknow,Uttar Pradesh,North,Consumer,2025-09-23
CUST00535,Rohan Kumar,Female,19,Pune,Maharashtra,West,Corporate,2024-04-12
CUST00536,Meera Rao,Male,36,Ahmedabad,Gujarat,West,Consumer,2025-01-01
CUST00537,Ananya Iyer,Male,26,Kolkata,West Bengal,East,Small Business,2023-10-11
CUST00538,Rahul Mishra,Female,20,Bengaluru,Karnataka,South,Corporate,2024-01-12
CUST00539,Neha Kumar,Male,37,Jaipur,Rajasthan,North,Consumer,2022-03-04
CUST00540,Amit Mehta,Male,29,Pune,Maharashtra,West,Consumer,2022-09-13
CUST00541,Amit Verma,Male,27,Ahmedabad,Gujarat,West,Corporate,2024-07-22
CUST00542,Arjun Verma,Male,24,Bengaluru,Karnataka,South,Consumer,2023-10-07
CUST00543,Pooja Das,Female,35,Hyderabad,Telangana,South,Corporate,2024-03-13
CUST00544,Kiran Sharma,Male,35,Kochi,Kerala,South,Consumer,2022-11-08
CUST00545,Isha Rao,Female,39,Jaipur,Rajasthan,North,Small Business,2023-09-14
CUST00546,Nikhil Mehta,Male,31,Jaipur,Rajasthan,North,Consumer,2024-05-30
CUST00547,Ravi Verma,Female,19,Mumbai,Maharashtra,West,Small Business,2025-12-20
CUST00548,Nikhil Das,Female,34,Ahmedabad,Gujarat,West,Corporate,2024-04-04
CUST00549,Ravi Mishra,Male,49,Patna,Bihar,East,Consumer,2024-12-04
CUST00550,Neha Singh,Female,27,Hyderabad,Telangana,South,Corporate,2024-11-07
CUST00551,Arjun Joshi,Male,26,Bhubaneswar,Odisha,East,Consumer,2024-07-20
CUST00552,Ravi Mehta,Female,21,Bengaluru,Karnataka,South,Consumer,2022-09-04
CUST00553,Rohan Verma,Male,35,Patna,Bihar,East,Consumer,2025-04-13
CUST00554,Arjun Patel,Female,38,Hyderabad,Telangana,South,Consumer,2024-09-28
CUST00555,Swathi Reddy,Male,37,Hyderabad,Telangana,South,Consumer,2022-07-24
CUST00556,Nikhil Singh,Male,43,Ranchi,Jharkhand,East,Consumer,2023-10-02
CUST00557,Nikhil Gupta,Male,41,Surat,Gujarat,West,Corporate,2025-01-31
CUST00558,Arjun Sharma,Female,45,Mumbai,Maharashtra,West,Small Business,2022-09-08
CUST00559,Priya Choudhary,Female,41,Kolkata,West Bengal,East,Small Business,2023-10-30
CUST00560,Arjun Mishra,Female,24,Delhi,Delhi,North,Corporate,2023-05-14
CUST00561,Rohan Verma,Female,20,Chandigarh,Chandigarh,North,Small Business,2023-03-05
CUST00562,Priya Iyer,Male,31,Patna,Bihar,East,Consumer,2025-06-09
CUST00563,Rohan Reddy,Male,31,Bengaluru,Karnataka,South,Consumer,2022-10-19
CUST00564,Isha Naidu,Female,43,Patna,Bihar,East,Consumer,2022-11-29
CUST00565,Varun Kumar,Female,18,Kolkata,West Bengal,East,Consumer,2022-07-25
CUST00566,Neha Iyer,Female,40,Ranchi,Jharkhand,East,Consumer,2024-04-22
CUST00567,Amit Iyer,Male,37,Jaipur,Rajasthan,North,Consumer,2023-11-02
CUST00568,Rahul Mishra,Male,37,Chandigarh,Chandigarh,North,Consumer,2025-03-05
CUST00569,Kiran Mishra,Male,45,Delhi,Delhi,North,Consumer,2025-05-19
CUST00570,Divya Mishra,Male,41,Ranchi,Jharkhand,East,Corporate,2024-06-13
CUST00571,Ananya Mishra,Male,40,Chandigarh,Chandigarh,North,Consumer,2024-05-07
CUST00572,Pooja Singh,Male,19,Kochi,Kerala,South,Corporate,2024-04-23
CUST00573,Suresh Iyer,Male,27,Jaipur,Rajasthan,North,Consumer,2024-08-12
CUST00574,Divya Mehta,Male,23,Bengaluru,Karnataka,South,Consumer,2023-08-16
CUST00575,Rahul Reddy,Male,39,Jaipur,Rajasthan,North,Corporate,2023-01-19
CUST00576,Ananya Naidu,Male,44,Bhubaneswar,Odisha,East,Small Business,2025-05-30
CUST00577,Arjun Joshi,Male,39,Kolkata,West Bengal,East,Consumer,2024-05-17
CUST00578,Pooja Gupta,Female,24,Ahmedabad,Gujarat,West,Corporate,2024-06-05
CUST00579,Isha Mehta,Female,23,Pune,Maharashtra,West,Consumer,2023-07-29
CUST00580,Ananya Mishra,Female,18,Pune,Maharashtra,West,Consumer,2024-04-07
CUST00581,Meera Reddy,Female,20,Surat,Gujarat,West,Consumer,2023-03-31
CUST00582,Suresh Verma,Male,30,Surat,Gujarat,West,Corporate,2025-04-20
CUST00583,Ananya Iyer,Female,45,Kolkata,West Bengal,East,Corporate,2023-04-03
CUST00584,Suresh Iyer,Male,25,Chennai,Tamil Nadu,South,Consumer,2022-09-10
CUST00585,Nikhil Patel,Male,46,Kolkata,West Bengal,East,Consumer,2023-05-23
CUST00586,Priya Verma,Male,28,Ranchi,Jharkhand,East,Corporate,2022-04-24
CUST00587,Sneha Gupta,Female,44,Hyderabad,Telangana,South,Corporate,2025-02-22
CUST00588,Rohan Naidu,Male,54,Jaipur,Rajasthan,North,Corporate,2022-01-19
CUST00589,Rahul Mehta,Male,50,Lucknow,Uttar Pradesh,North,Small Business,2023-10-13
CUST00590,Rahul Gupta,Female,52,Bhubaneswar,Odisha,East,Corporate,2024-06-19
CUST00591,Divya Reddy,Female,40,Chennai,Tamil Nadu,South,Consumer,2022-10-15
CUST00592,Swathi Iyer,Female,42,Lucknow,Uttar Pradesh,North,Consumer,2023-04-16
CUST00593,Divya Singh,Male,35,Lucknow,Uttar Pradesh,North,Consumer,2024-07-06
CUST00594,Arjun Gupta,Female,34,Chennai,Tamil Nadu,South,Consumer,2023-02-10
CUST00595,Swathi Choudhary,Male,32,Pune,Maharashtra,West,Consumer,2023-06-16
CUST00596,Ananya Patel,Female,21,Bhubaneswar,Odisha,East,Small Business,2022-01-13
CUST00597,Rahul Singh,Female,27,Kolkata,West Bengal,East,Corporate,2024-05-25
CUST00598,Amit Verma,Female,36,Surat,Gujarat,West,Consumer,2024-09-12
CUST00599,Nikhil Kumar,Female,37,Bhubaneswar,Odisha,East,Consumer,2024-12-04
CUST00600,Varun Rao,Male,41,Lucknow,Uttar Pradesh,North,Corporate,2022-03-29
CUST00601,Ravi Patel,Male,40,Ranchi,Jharkhand,East,Corporate,2024-04-04
CUST00602,Varun Choudhary,Female,23,Surat,Gujarat,West,Consumer,2023-01-15
CUST00603,Divya Sharma,Female,30,Ahmedabad,Gujarat,West,Consumer,2025-01-26
CUST00604,Vikram Das,Male,40,Bengaluru,Karnataka,South,Consumer,2022-02-19
CUST00605,Pooja Kumar,Male,37,Pune,Maharashtra,West,Consumer,2023-08-07
CUST00606,Divya Rao,Male,34,Surat,Gujarat,West,Consumer,2022-07-11
CUST00607,Pooja Gupta,Male,20,Surat,Gujarat,West,Small Business,2025-01-14
CUST00608,Swathi Verma,Female,23,Kochi,Kerala,South,Consumer,2024-02-29
CUST00609,Amit Das,Female,33,Bengaluru,Karnataka,South,Corporate,2025-02-25
CUST00610,Priya Das,Male,21,Bhubaneswar,Odisha,East,Consumer,2025-03-14
CUST00611,Pooja Naidu,Female,25,Hyderabad,Telangana,South,Consumer,2025-01-17
CUST00612,Swathi Patel,Female,20,Ranchi,Jharkhand,East,Corporate,2022-04-16
CUST00613,Varun Choudhary,Male,49,Patna,Bihar,East,Small Business,2025-05-26
CUST00614,Swathi Mishra,Female,37,Lucknow,Uttar Pradesh,North,Consumer,2025-12-22
CUST00615,Rohan Das,Male,31,Pune,Maharashtra,West,Consumer,2022-07-06
CUST00616,Neha Mishra,Female,44,Delhi,Delhi,North,Corporate,2025-11-14
CUST00617,Suresh Naidu,Male,31,Chennai,Tamil Nadu,South,Small Business,2024-12-31
CUST00618,Suresh Iyer,Male,44,Delhi,Delhi,North,Consumer,2022-08-08
CUST00619,Priya Das,Male,42,Mumbai,Maharashtra,West,Corporate,2023-02-26
CUST00620,Neha Joshi,Male,32,Surat,Gujarat,West,Consumer,2024-06-24
CUST00621,Divya Sharma,Female,18,Chennai,Tamil Nadu,South,Small Business,2025-02-24
CUST00622,Isha Gupta,Female,42,Delhi,Delhi,North,Corporate,2023-10-01
CUST00623,Swathi Sharma,Female,27,Jaipur,Rajasthan,North,Consumer,2024-06-29
CUST00624,Nikhil Rao,Male,38,Kolkata,West Bengal,East,Small Business,2022-04-19
CUST00625,Meera Rao,Male,36,Ahmedabad,Gujarat,West,Consumer,2022-06-05
CUST00626,Kavya Gupta,Male,32,Delhi,Delhi,North,Consumer,2024-07-01
CUST00627,Vikram Mishra,Female,45,Bhubaneswar,Odisha,East,Consumer,2023-08-29
CUST00628,Kavya Gupta,Female,30,Mumbai,Maharashtra,West,Consumer,2022-05-23
CUST00629,Isha Mehta,Female,37,Delhi,Delhi,North,Consumer,2022-11-04
CUST00630,Varun Sharma,Female,24,Delhi,Delhi,North,Corporate,2025-07-12
CUST00631,Varun Das,Female,36,Ranchi,Jharkhand,East,Consumer,2025-04-28
CUST00632,Arjun Iyer,Female,25,Chandigarh,Chandigarh,North,Consumer,2022-05-19
CUST00633,Amit Choudhary,Female,41,Ahmedabad,Gujarat,West,Consumer,2025-12-01
CUST00634,Ananya Verma,Male,22,Surat,Gujarat,West,Consumer,2022-07-11
CUST00635,Neha Naidu,Male,18,Chennai,Tamil Nadu,South,Consumer,2024-12-22
CUST00636,Rohan Gupta,Male,27,Surat,Gujarat,West,Corporate,2025-03-16
CUST00637,Ananya Das,Female,25,Surat,Gujarat,West,Consumer,2022-02-27
CUST00638,Isha Mehta,Female,43,Kolkata,West Bengal,East,Corporate,2025-06-24
CUST00639,Meera Patel,Male,27,Chandigarh,Chandigarh,North,Consumer,2024-06-15
CUST00640,Swathi Rao,Male,31,Jaipur,Rajasthan,North,Small Business,2023-04-17
CUST00641,Swathi Kumar,Male,29,Ranchi,Jharkhand,East,Corporate,2025-08-03
CUST00642,Meera Mishra,Male,27,Surat,Gujarat,West,Consumer,2025-06-27
CUST00643,Pooja Naidu,Female,38,Surat,Gujarat,West,Small Business,2024-10-25
CUST00644,Kavya Sharma,Male,49,Chennai,Tamil Nadu,South,Consumer,2025-07-29
CUST00645,Rahul Gupta,Female,45,Patna,Bihar,East,Consumer,2023-11-01
CUST00646,Isha Sharma,Female,22,Chennai,Tamil Nadu,South,Consumer,2024-06-02
CUST00647,Varun Mehta,Male,20,Pune,Maharashtra,West,Consumer,2024-06-07
CUST00648,Kiran Verma,Female,53,Jaipur,Rajasthan,North,Consumer,2025-08-19
CUST00649,Sneha Iyer,Female,36,Ahmedabad,Gujarat,West,Corporate,2025-06-19
CUST00650,Isha Sharma,Male,46,Jaipur,Rajasthan,North,Consumer,2022-07-11
CUST00651,Suresh Singh,Male,49,Mumbai,Maharashtra,West,Consumer,2022-01-30
CUST00652,Divya Das,Female,40,Lucknow,Uttar Pradesh,North,Corporate,2024-08-17
CUST00653,Ravi Gupta,Female,18,Kolkata,West Bengal,East,Consumer,2024-05-06
CUST00654,Arjun Gupta,Male,25,Chandigarh,Chandigarh,North,Small Business,2023-01-20
CUST00655,Pooja Verma,Female,31,Hyderabad,Telangana,South,Small Business,2025-05-16
CUST00656,Varun Sharma,Male,35,Surat,Gujarat,West,Consumer,2023-10-19
CUST00657,Nikhil Joshi,Female,21,Pune,Maharashtra,West,Consumer,2023-10-17
CUST00658,Suresh Sharma,Male,36,Pune,Maharashtra,West,Consumer,2024-12-19
CUST00659,Kiran Verma,Male,52,Pune,Maharashtra,West,Small Business,2024-09-12
CUST00660,Ananya Verma,Female,19,Kochi,Kerala,South,Corporate,2025-11-12
CUST00661,Meera Joshi,Male,24,Hyderabad,Telangana,South,Corporate,2024-01-21
CUST00662,Priya Sharma,Female,31,Chandigarh,Chandigarh,North,Consumer,2022-05-02
CUST00663,Divya Rao,Male,43,Ranchi,Jharkhand,East,Small Business,2022-12-21
CUST00664,Sneha Mishra,Male,32,Ranchi,Jharkhand,East,Consumer,2024-05-29
CUST00665,Varun Joshi,Male,37,Patna,Bihar,East,Consumer,2023-03-05
CUST00666,Suresh Reddy,Female,30,Jaipur,Rajasthan,North,Consumer,2024-03-02
CUST00667,Amit Choudhary,Female,37,Patna,Bihar,East,Small Business,2023-01-06
CUST00668,Pooja Mishra,Female,31,Ahmedabad,Gujarat,West,Consumer,2025-06-07
CUST00669,Swathi Singh,Female,22,Bengaluru,Karnataka,South,Small Business,2023-10-25
CUST00670,Ananya Rao,Female,18,Mumbai,Maharashtra,West,Consumer,2024-10-24
CUST00671,Ananya Mehta,Female,57,Kolkata,West Bengal,East,Consumer,2025-05-20
CUST00672,Kavya Rao,Male,18,Pune,Maharashtra,West,Consumer,2024-03-21
CUST00673,Sneha Choudhary,Male,25,Hyderabad,Telangana,South,Corporate,2023-03-30
CUST00674,Arjun Kumar,Male,46,Chennai,Tamil Nadu,South,Corporate,2024-08-30
CUST00675,Pooja Patel,Female,32,Lucknow,Uttar Pradesh,North,Consumer,2022-09-08
CUST00676,Ravi Gupta,Male,20,Delhi,Delhi,North,Small Business,2024-12-28
CUST00677,Isha Gupta,Male,30,Patna,Bihar,East,Consumer,2024-11-14
CUST00678,Meera Mehta,Male,30,Jaipur,Rajasthan,North,Consumer,2023-01-10
CUST00679,Ravi Naidu,Female,22,Patna,Bihar,East,Consumer,2023-02-09
CUST00680,Suresh Gupta,Male,37,Pune,Maharashtra,West,Consumer,2022-09-15
CUST00681,Pooja Reddy,Male,34,Chandigarh,Chandigarh,North,Consumer,2024-10-09
CUST00682,Kavya Verma,Female,28,Lucknow,Uttar Pradesh,North,Consumer,2022-08-27
CUST00683,Pooja Das,Male,32,Ranchi,Jharkhand,East,Consumer,2022-10-10
CUST00684,Neha Gupta,Male,34,Patna,Bihar,East,Consumer,2023-07-29
CUST00685,Divya Mishra,Female,28,Surat,Gujarat,West,Consumer,2024-09-07
CUST00686,Kiran Mehta,Male,40,Surat,Gujarat,West,Consumer,2025-04-13
CUST00687,Kiran Joshi,Male,46,Chandigarh,Chandigarh,North,Small Business,2025-11-05
CUST00688,Priya Choudhary,Male,21,Mumbai,Maharashtra,West,Consumer,2023-04-06
CUST00689,Kiran Iyer,Female,50,Jaipur,Rajasthan,North,Consumer,2024-07-06
CUST00690,Kavya Reddy,Male,37,Ranchi,Jharkhand,East,Consumer,2022-02-14
CUST00691,Rahul Mishra,Male,21,Chennai,Tamil Nadu,South,Consumer,2024-10-07
CUST00692,Ananya Verma,Female,23,Chennai,Tamil Nadu,South,Corporate,2022-05-28
CUST00693,Sneha Reddy,Male,38,Delhi,Delhi,North,Consumer,2024-09-15
CUST00694,Rahul Mishra,Female,27,Chandigarh,Chandigarh,North,Consumer,2022-05-15
CUST00695,Rohan Mehta,Female,42,Kochi,Kerala,South,Small Business,2025-09-24
CUST00696,Rahul Iyer,Male,52,Patna,Bihar,East,Consumer,2022-11-12
CUST00697,Nikhil Joshi,Male,18,Surat,Gujarat,West,Consumer,2022-12-07
CUST00698,Vikram Mehta,Male,28,Kochi,Kerala,South,Consumer,2025-06-02
CUST00699,Arjun Choudhary,Male,26,Lucknow,Uttar Pradesh,North,Small Business,2025-02-05
CUST00700,Amit Rao,Male,42,Chennai,Tamil Nadu,South,Small Business,2025-05-03
CUST00701,Priya Mehta,Female,23,Chandigarh,Chandigarh,North,Consumer,2024-02-17
CUST00702,Pooja Rao,Male,30,Chandigarh,Chandigarh,North,Corporate,2025-10-29
CUST00703,Varun Singh,Female,30,Jaipur,Rajasthan,North,Corporate,2025-07-30
CUST00704,Kavya Reddy,Male,31,Delhi,Delhi,North,Consumer,2022-01-12
CUST00705,Ravi Das,Male,45,Surat,Gujarat,West,Corporate,2024-11-28
CUST00706,Rahul Sharma,Female,38,Chandigarh,Chandigarh,North,Corporate,2024-07-11
CUST00707,Meera Reddy,Male,35,Bengaluru,Karnataka,South,Consumer,2022-10-07
CUST00708,Pooja Joshi,Male,43,Mumbai,Maharashtra,West,Corporate,2023-11-05
CUST00709,Divya Verma,Male,24,Ranchi,Jharkhand,East,Consumer,2024-04-27
CUST00710,Sneha Rao,Female,44,Kolkata,West Bengal,East,Corporate,2022-06-13
CUST00711,Swathi Verma,Male,40,Kochi,Kerala,South,Corporate,2023-12-11
CUST00712,Kavya Sharma,Female,22,Chandigarh,Chandigarh,North,Consumer,2025-11-25
CUST00713,Varun Das,Female,31,Delhi,Delhi,North,Corporate,2022-07-25
CUST00714,Amit Sharma,Male,25,Patna,Bihar,East,Consumer,2023-04-21
CUST00715,Meera Verma,Male,47,Chennai,Tamil Nadu,South,Consumer,2024-04-16
CUST00716,Neha Gupta,Male,36,Chandigarh,Chandigarh,North,Consumer,2023-08-31
CUST00717,Vikram Choudhary,Female,26,Lucknow,Uttar Pradesh,North,Consumer,2022-07-12
CUST00718,Varun Sharma,Male,32,Patna,Bihar,East,Corporate,2025-09-11
CUST00719,Kavya Patel,Male,42,Surat,Gujarat,West,Consumer,2022-07-31
CUST00720,Isha Naidu,Female,46,Kolkata,West Bengal,East,Consumer,2025-01-30
CUST00721,Suresh Iyer,Male,54,Lucknow,Uttar Pradesh,North,Corporate,2022-07-30
CUST00722,Isha Rao,Female,23,Surat,Gujarat,West,Consumer,2024-11-15
CUST00723,Amit Mishra,Male,35,Ahmedabad,Gujarat,West,Consumer,2023-10-28
CUST00724,Amit Verma,Male,24,Jaipur,Rajasthan,North,Consumer,2024-06-20
CUST00725,Isha Verma,Female,22,Bhubaneswar,Odisha,East,Small Business,2022-09-20
CUST00726,Vikram Mishra,Female,35,Lucknow,Uttar Pradesh,North,Corporate,2023-10-14
CUST00727,Rohan Singh,Male,37,Lucknow,Uttar Pradesh,North,Small Business,2023-01-16
CUST00728,Isha Verma,Female,35,Pune,Maharashtra,West,Small Business,2022-01-07
CUST00729,Amit Das,Female,28,Bhubaneswar,Odisha,East,Consumer,2023-01-02
CUST00730,Rohan Sharma,Male,30,Delhi,Delhi,North,Consumer,2024-03-08
CUST00731,Nikhil Patel,Male,22,Chandigarh,Chandigarh,North,Consumer,2025-05-25
CUST00732,Ananya Mehta,Female,18,Chennai,Tamil Nadu,South,Corporate,2025-06-23
CUST00733,Ananya Gupta,Male,27,Kochi,Kerala,South,Consumer,2022-11-26
CUST00734,Vikram Mishra,Male,38,Jaipur,Rajasthan,North,Small Business,2023-11-04
CUST00735,Divya Singh,Female,35,Hyderabad,Telangana,South,Corporate,2025-07-07
CUST00736,Vikram Joshi,Male,29,Hyderabad,Telangana,South,Consumer,2024-07-08
CUST00737,Sneha Reddy,Male,42,Chennai,Tamil Nadu,South,Consumer,2025-03-25
CUST00738,Kavya Patel,Male,50,Chandigarh,Chandigarh,North,Consumer,2022-09-17
CUST00739,Nikhil Gupta,Female,39,Mumbai,Maharashtra,West,Corporate,2025-07-25
CUST00740,Rahul Das,Female,48,Lucknow,Uttar Pradesh,North,Consumer,2025-01-18
CUST00741,Vikram Mishra,Male,39,Mumbai,Maharashtra,West,Consumer,2023-08-21
CUST00742,Kiran Reddy,Female,25,Chennai,Tamil Nadu,South,Small Business,2022-02-02
CUST00743,Kiran Das,Female,27,Jaipur,Rajasthan,North,Consumer,2022-06-21
CUST00744,Swathi Patel,Male,29,Pune,Maharashtra,West,Consumer,2023-02-26
CUST00745,Arjun Das,Male,38,Mumbai,Maharashtra,West,Consumer,2024-05-30
CUST00746,Rahul Das,Female,38,Bengaluru,Karnataka,South,Consumer,2023-05-18
CUST00747,Kavya Choudhary,Male,20,Delhi,Delhi,North,Corporate,2022-09-22
CUST00748,Suresh Verma,Male,39,Jaipur,Rajasthan,North,Corporate,2024-12-12
CUST00749,Pooja Iyer,Female,32,Ranchi,Jharkhand,East,Consumer,2025-09-24
CUST00750,Varun Patel,Male,25,Jaipur,Rajasthan,North,Consumer,2023-08-12
CUST00751,Rohan Patel,Male,32,Kolkata,West Bengal,East,Consumer,2023-08-20
CUST00752,Suresh Rao,Female,35,Chennai,Tamil Nadu,South,Consumer,2022-01-09
CUST00753,Meera Mishra,Male,18,Chandigarh,Chandigarh,North,Consumer,2025-05-16
CUST00754,Neha Rao,Male,47,Bhubaneswar,Odisha,East,Small Business,2025-09-30
CUST00755,Meera Joshi,Male,37,Hyderabad,Telangana,South,Consumer,2025-03-10
CUST00756,Meera Das,Male,35,Lucknow,Uttar Pradesh,North,Consumer,2025-01-20
CUST00757,Varun Naidu,Male,35,Chennai,Tamil Nadu,South,Corporate,2025-12-26
CUST00758,Suresh Mishra,Male,39,Ahmedabad,Gujarat,West,Consumer,2024-04-29
CUST00759,Swathi Reddy,Female,30,Patna,Bihar,East,Corporate,2024-08-30
CUST00760,Varun Naidu,Female,26,Bengaluru,Karnataka,South,Corporate,2024-09-25
CUST00761,Meera Joshi,Female,28,Mumbai,Maharashtra,West,Consumer,2024-06-05
CUST00762,Rohan Reddy,Female,20,Pune,Maharashtra,West,Consumer,2023-11-30
CUST00763,Rohan Das,Female,26,Hyderabad,Telangana,South,Consumer,2023-08-15
CUST00764,Suresh Joshi,Male,38,Pune,Maharashtra,West,Small Business,2023-06-12
CUST00765,Kavya Patel,Male,28,Chandigarh,Chandigarh,North,Corporate,2024-07-27
CUST00766,Suresh Iyer,Male,22,Lucknow,Uttar Pradesh,North,Consumer,2022-11-09
CUST00767,Suresh Das,Male,46,Ahmedabad,Gujarat,West,Consumer,2023-10-08
CUST00768,Ravi Singh,Female,27,Lucknow,Uttar Pradesh,North,Corporate,2025-01-18
CUST00769,Kavya Mishra,Male,30,Surat,Gujarat,West,Consumer,2025-11-25
CUST00770,Ravi Reddy,Male,27,Chandigarh,Chandigarh,North,Consumer,2022-05-14
CUST00771,Ananya Verma,Male,40,Lucknow,Uttar Pradesh,North,Consumer,2025-10-10
CUST00772,Rohan Reddy,Female,35,Hyderabad,Telangana,South,Consumer,2022-12-10
CUST00773,Priya Joshi,Female,33,Kolkata,West Bengal,East,Consumer,2022-12-11
CUST00774,Rahul Mishra,Female,18,Ranchi,Jharkhand,East,Consumer,2023-06-12
CUST00775,Rohan Naidu,Female,28,Pune,Maharashtra,West,Consumer,2025-11-26
CUST00776,Suresh Verma,Female,26,Bengaluru,Karnataka,South,Consumer,2024-05-22
CUST00777,Amit Gupta,Female,41,Ranchi,Jharkhand,East,Consumer,2023-08-23
CUST00778,Ravi Choudhary,Male,43,Kochi,Kerala,South,Corporate,2023-09-13
CUST00779,Sneha Sharma,Male,57,Delhi,Delhi,North,Corporate,2023-06-09
CUST00780,Pooja Mishra,Female,19,Kochi,Kerala,South,Consumer,2024-10-28
CUST00781,Kavya Choudhary,Male,31,Chennai,Tamil Nadu,South,Consumer,2025-08-14
CUST00782,Sneha Rao,Male,38,Kolkata,West Bengal,East,Consumer,2022-03-14
CUST00783,Vikram Reddy,Female,35,Kochi,Kerala,South,Corporate,2025-03-20
CUST00784,Meera Mehta,Female,40,Kolkata,West Bengal,East,Corporate,2022-03-30
CUST00785,Swathi Kumar,Male,37,Patna,Bihar,East,Corporate,2024-05-20
CUST00786,Pooja Gupta,Male,25,Chandigarh,Chandigarh,North,Consumer,2023-08-17
CUST00787,Isha Singh,Male,18,Lucknow,Uttar Pradesh,North,Consumer,2022-05-24
CUST00788,Ravi Kumar,Female,27,Ranchi,Jharkhand,East,Consumer,2022-07-02
CUST00789,Nikhil Patel,Female,18,Bhubaneswar,Odisha,East,Consumer,2022-04-21
CUST00790,Neha Patel,Male,22,Pune,Maharashtra,West,Consumer,2023-08-18
CUST00791,Nikhil Choudhary,Female,37,Jaipur,Rajasthan,North,Consumer,2023-06-02
CUST00792,Swathi Gupta,Female,38,Surat,Gujarat,West,Consumer,2023-11-17
CUST00793,Amit Mehta,Male,30,Surat,Gujarat,West,Consumer,2025-04-27
CUST00794,Rohan Mehta,Male,32,Bhubaneswar,Odisha,East,Corporate,2025-05-30
CUST00795,Neha Patel,Female,42,Lucknow,Uttar Pradesh,North,Consumer,2023-10-31
CUST00796,Neha Rao,Female,29,Patna,Bihar,East,Corporate,2023-01-22
CUST00797,Suresh Rao,Female,39,Pune,Maharashtra,West,Corporate,2023-07-29
CUST00798,Kiran Naidu,Male,43,Kochi,Kerala,South,Consumer,2025-12-26
CUST00799,Kavya Patel,Female,46,Mumbai,Maharashtra,West,Consumer,2024-06-10
CUST00800,Isha Gupta,Female,44,Surat,Gujarat,West,Consumer,2025-09-20
CUST00801,Ananya Iyer,Female,20,Patna,Bihar,East,Consumer,2023-07-13
CUST00802,Ravi Reddy,Female,41,Kolkata,West Bengal,East,Consumer,2025-07-03
CUST00803,Isha Sharma,Male,21,Bhubaneswar,Odisha,East,Consumer,2024-02-04
CUST00804,Ananya Joshi,Female,35,Delhi,Delhi,North,Consumer,2025-05-17
CUST00805,Meera Naidu,Female,18,Mumbai,Maharashtra,West,Corporate,2022-10-18
CUST00806,Kavya Reddy,Female,18,Mumbai,Maharashtra,West,Consumer,2025-07-20
CUST00807,Rahul Kumar,Male,42,Ranchi,Jharkhand,East,Small Business,2022-11-21
CUST00808,Isha Patel,Male,18,Mumbai,Maharashtra,West,Consumer,2023-12-10
CUST00809,Rahul Naidu,Female,18,Jaipur,Rajasthan,North,Corporate,2022-06-06
CUST00810,Meera Sharma,Female,35,Pune,Maharashtra,West,Small Business,2022-04-07
CUST00811,Sneha Kumar,Male,35,Hyderabad,Telangana,South,Corporate,2022-04-16
CUST00812,Sneha Das,Female,31,Delhi,Delhi,North,Consumer,2024-05-23
CUST00813,Nikhil Mishra,Male,50,Surat,Gujarat,West,Corporate,2022-07-08
CUST00814,Nikhil Choudhary,Female,30,Jaipur,Rajasthan,North,Corporate,2024-02-01
CUST00815,Sneha Patel,Female,40,Bengaluru,Karnataka,South,Consumer,2022-07-12
CUST00816,Meera Sharma,Female,18,Kochi,Kerala,South,Consumer,2024-07-05
CUST00817,Meera Naidu,Male,19,Jaipur,Rajasthan,North,Corporate,2025-02-25
CUST00818,Ananya Rao,Male,28,Kochi,Kerala,South,Consumer,2023-06-20
CUST00819,Varun Gupta,Male,18,Ranchi,Jharkhand,East,Consumer,2022-10-13
CUST00820,Amit Kumar,Female,38,Kolkata,West Bengal,East,Corporate,2023-07-08
CUST00821,Arjun Choudhary,Male,45,Bengaluru,Karnataka,South,Corporate,2025-07-25
CUST00822,Rohan Naidu,Male,22,Chennai,Tamil Nadu,South,Small Business,2024-06-15
CUST00823,Ananya Singh,Male,51,Kochi,Kerala,South,Consumer,2022-03-02
CUST00824,Neha Mehta,Male,32,Pune,Maharashtra,West,Corporate,2023-08-09
CUST00825,Amit Sharma,Female,32,Ranchi,Jharkhand,East,Consumer,2025-03-31
CUST00826,Suresh Kumar,Female,36,Bhubaneswar,Odisha,East,Consumer,2023-08-31
CUST00827,Rahul Mehta,Male,46,Chennai,Tamil Nadu,South,Corporate,2024-05-22
CUST00828,Arjun Verma,Male,31,Kochi,Kerala,South,Consumer,2022-07-30
CUST00829,Ananya Mishra,Male,43,Bengaluru,Karnataka,South,Small Business,2025-05-27
CUST00830,Kiran Mishra,Male,44,Delhi,Delhi,North,Corporate,2024-04-27
CUST00831,Ananya Gupta,Male,49,Ahmedabad,Gujarat,West,Corporate,2023-02-17
CUST00832,Arjun Naidu,Male,32,Bengaluru,Karnataka,South,Corporate,2025-08-30
CUST00833,Swathi Iyer,Male,21,Ranchi,Jharkhand,East,Corporate,2025-01-31
CUST00834,Vikram Mehta,Female,22,Jaipur,Rajasthan,North,Corporate,2022-05-06
CUST00835,Nikhil Sharma,Male,26,Chandigarh,Chandigarh,North,Corporate,2022-02-25
CUST00836,Ravi Choudhary,Female,23,Ranchi,Jharkhand,East,Corporate,2022-07-06
CUST00837,Rahul Choudhary,Male,30,Bengaluru,Karnataka,South,Corporate,2023-03-23
CUST00838,Arjun Iyer,Male,42,Jaipur,Rajasthan,North,Corporate,2023-03-03
CUST00839,Ananya Naidu,Male,29,Mumbai,Maharashtra,West,Consumer,2022-08-17
CUST00840,Rahul Naidu,Male,26,Delhi,Delhi,North,Corporate,2024-04-15
CUST00841,Nikhil Singh,Female,50,Hyderabad,Telangana,South,Consumer,2023-11-26
CUST00842,Pooja Mishra,Female,40,Kolkata,West Bengal,East,Corporate,2022-04-11
CUST00843,Swathi Sharma,Male,26,Kolkata,West Bengal,East,Small Business,2025-11-28
CUST00844,Varun Iyer,Male,45,Surat,Gujarat,West,Consumer,2022-06-04
CUST00845,Kiran Gupta,Female,32,Patna,Bihar,East,Consumer,2022-04-02
CUST00846,Swathi Singh,Male,41,Hyderabad,Telangana,South,Small Business,2024-02-26
CUST00847,Divya Sharma,Male,45,Hyderabad,Telangana,South,Corporate,2023-10-28
CUST00848,Neha Kumar,Female,24,Chennai,Tamil Nadu,South,Corporate,2024-12-05
CUST00849,Sneha Rao,Female,28,Bhubaneswar,Odisha,East,Consumer,2023-04-09
CUST00850,Neha Mishra,Male,32,Ranchi,Jharkhand,East,Corporate,2022-05-28
CUST00851,Vikram Naidu,Male,36,Ranchi,Jharkhand,East,Consumer,2025-02-18
CUST00852,Isha Choudhary,Male,24,Kolkata,West Bengal,East,Consumer,2023-04-04
CUST00853,Meera Das,Male,34,Bengaluru,Karnataka,South,Corporate,2024-06-12
CUST00854,Divya Mehta,Male,43,Bengaluru,Karnataka,South,Consumer,2024-01-16
CUST00855,Varun Mishra,Female,35,Delhi,Delhi,North,Consumer,2023-07-12
CUST00856,Divya Rao,Female,46,Chennai,Tamil Nadu,South,Small Business,2024-02-23
CUST00857,Rahul Das,Female,30,Chennai,Tamil Nadu,South,Corporate,2025-10-28
CUST00858,Neha Gupta,Female,26,Chennai,Tamil Nadu,South,Consumer,2022-03-25
CUST00859,Amit Singh,Female,30,Lucknow,Uttar Pradesh,North,Consumer,2023-01-13
CUST00860,Kiran Naidu,Female,37,Mumbai,Maharashtra,West,Consumer,2023-06-13
CUST00861,Neha Singh,Female,38,Jaipur,Rajasthan,North,Corporate,2023-09-23
CUST00862,Meera Mehta,Female,35,Bhubaneswar,Odisha,East,Consumer,2025-06-15
CUST00863,Ravi Mehta,Female,30,Bengaluru,Karnataka,South,Consumer,2024-02-19
CUST00864,Sneha Mehta,Male,26,Ahmedabad,Gujarat,West,Consumer,2022-08-02
CUST00865,Sneha Reddy,Female,34,Delhi,Delhi,North,Consumer,2023-01-27
CUST00866,Rohan Iyer,Female,35,Kolkata,West Bengal,East,Corporate,2024-04-20
CUST00867,Neha Mehta,Male,19,Bengaluru,Karnataka,South,Corporate,2024-10-28
CUST00868,Pooja Das,Male,34,Kochi,Kerala,South,Small Business,2024-09-07
CUST00869,Divya Reddy,Male,31,Pune,Maharashtra,West,Consumer,2023-02-14
CUST00870,Ananya Verma,Female,42,Pune,Maharashtra,West,Consumer,2025-10-30
CUST00871,Ananya Sharma,Female,32,Bhubaneswar,Odisha,East,Corporate,2025-06-25
CUST00872,Vikram Rao,Male,29,Pune,Maharashtra,West,Corporate,2024-01-02
CUST00873,Isha Das,Male,34,Delhi,Delhi,North,Corporate,2023-06-28
CUST00874,Amit Gupta,Male,19,Jaipur,Rajasthan,North,Consumer,2022-12-09
CUST00875,Vikram Rao,Female,29,Kolkata,West Bengal,East,Consumer,2023-08-19
CUST00876,Rohan Reddy,Male,31,Chennai,Tamil Nadu,South,Corporate,2022-03-29
CUST00877,Divya Singh,Male,49,Surat,Gujarat,West,Consumer,2024-07-03
CUST00878,Kiran Joshi,Male,42,Bengaluru,Karnataka,South,Corporate,2025-08-26
CUST00879,Arjun Das,Female,33,Ranchi,Jharkhand,East,Small Business,2022-01-05
CUST00880,Suresh Patel,Male,27,Jaipur,Rajasthan,North,Small Business,2024-06-09
CUST00881,Divya Reddy,Male,32,Jaipur,Rajasthan,North,Corporate,2025-07-05
CUST00882,Kiran Gupta,Female,37,Patna,Bihar,East,Consumer,2022-01-16
CUST00883,Neha Joshi,Female,43,Ahmedabad,Gujarat,West,Corporate,2025-09-15
CUST00884,Suresh Naidu,Male,31,Kochi,Kerala,South,Consumer,2025-10-17
CUST00885,Vikram Rao,Male,43,Surat,Gujarat,West,Consumer,2023-12-11
CUST00886,Sneha Iyer,Female,19,Hyderabad,Telangana,South,Small Business,2025-05-29
CUST00887,Kavya Mishra,Male,31,Mumbai,Maharashtra,West,Corporate,2022-03-09
CUST00888,Kavya Choudhary,Male,30,Surat,Gujarat,West,Consumer,2022-12-23
CUST00889,Kavya Sharma,Male,42,Ranchi,Jharkhand,East,Consumer,2025-08-28
CUST00890,Kiran Reddy,Female,34,Chennai,Tamil Nadu,South,Corporate,2023-09-10
CUST00891,Kavya Mehta,Male,32,Kolkata,West Bengal,East,Consumer,2025-02-02
CUST00892,Kiran Patel,Male,36,Surat,Gujarat,West,Corporate,2023-11-09
CUST00893,Kiran Mishra,Male,24,Patna,Bihar,East,Small Business,2024-04-27
CUST00894,Sneha Naidu,Male,23,Surat,Gujarat,West,Consumer,2022-04-11
CUST00895,Ravi Mishra,Female,36,Chennai,Tamil Nadu,South,Corporate,2022-08-14
CUST00896,Meera Kumar,Male,50,Delhi,Delhi,North,Consumer,2023-03-10
CUST00897,Pooja Das,Male,25,Patna,Bihar,East,Corporate,2023-01-03
CUST00898,Priya Joshi,Female,19,Lucknow,Uttar Pradesh,North,Consumer,2023-07-15
CUST00899,Ananya Gupta,Male,26,Bhubaneswar,Odisha,East,Consumer,2024-06-16
CUST00900,Neha Gupta,Female,50,Hyderabad,Telangana,South,Consumer,2025-10-22
CUST00901,Kavya Patel,Male,32,Surat,Gujarat,West,Consumer,2023-11-28
CUST00902,Suresh Choudhary,Male,45,Patna,Bihar,East,Small Business,2023-04-23
CUST00903,Sneha Patel,Female,26,Chandigarh,Chandigarh,North,Consumer,2023-12-09
CUST00904,Divya Choudhary,Male,33,Patna,Bihar,East,Consumer,2025-01-12
CUST00905,Kavya Singh,Male,46,Patna,Bihar,East,Corporate,2022-02-14
CUST00906,Meera Joshi,Male,34,Bengaluru,Karnataka,South,Corporate,2022-01-19
CUST00907,Divya Gupta,Male,32,Kolkata,West Bengal,East,Corporate,2022-02-24
CUST00908,Pooja Naidu,Male,27,Jaipur,Rajasthan,North,Small Business,2023-01-29
CUST00909,Ananya Iyer,Female,24,Jaipur,Rajasthan,North,Consumer,2022-02-18
CUST00910,Nikhil Singh,Male,43,Delhi,Delhi,North,Consumer,2024-03-30
CUST00911,Neha Verma,Male,39,Kolkata,West Bengal,East,Consumer,2024-10-12
CUST00912,Amit Sharma,Female,18,Hyderabad,Telangana,South,Consumer,2022-04-05
CUST00913,Arjun Gupta,Male,40,Pune,Maharashtra,West,Small Business,2024-09-09
CUST00914,Isha Verma,Male,35,,Kerala,South,Small Business,2023-09-24
CUST00915,Swathi Choudhary,Male,27,Mumbai,Maharashtra,West,Small Business,2025-11-11
CUST00916,Priya Naidu,Male,18,Jaipur,Rajasthan,North,Corporate,2022-08-25
CUST00917,Suresh Gupta,Male,52,Pune,Maharashtra,West,Consumer,2023-01-08
CUST00918,Nikhil Gupta,Female,31,Kolkata,West Bengal,East,Corporate,2022-10-02
CUST00919,Vikram Verma,Male,34,Chennai,Tamil Nadu,South,Consumer,2024-07-31
CUST00920,Sneha Patel,Female,39,Bengaluru,Karnataka,South,Small Business,2025-10-28
CUST00921,Vikram Sharma,Female,28,Pune,Maharashtra,West,Consumer,2024-12-16
CUST00922,Divya Reddy,Male,31,Chennai,Tamil Nadu,South,Corporate,2025-07-26
CUST00923,Arjun Choudhary,Male,35,Hyderabad,Telangana,South,Corporate,2025-10-20
CUST00924,Isha Sharma,Male,18,Chandigarh,Chandigarh,North,Corporate,2024-12-06
CUST00925,Vikram Das,Male,43,Lucknow,Uttar Pradesh,North,Small Business,2025-01-10
CUST00926,Neha Verma,Female,47,Chandigarh,Chandigarh,North,Corporate,2024-07-20
CUST00927,Ananya Iyer,Male,30,Bengaluru,Karnataka,South,Small Business,2023-07-01
CUST00928,Kiran Joshi,Male,39,Bengaluru,Karnataka,South,Small Business,2024-08-17
CUST00929,Divya Reddy,Male,22,Delhi,Delhi,North,Corporate,2023-11-09
CUST00930,Sneha Choudhary,Male,43,Ahmedabad,Gujarat,West,Consumer,2025-10-06
CUST00931,Pooja Singh,Female,49,Chandigarh,Chandigarh,North,Consumer,2025-02-05
CUST00932,Nikhil Kumar,Male,34,Jaipur,Rajasthan,North,Consumer,2025-06-29
CUST00933,Vikram Gupta,Male,37,Lucknow,Uttar Pradesh,North,Consumer,2023-02-22
CUST00934,Varun Joshi,Female,33,Chandigarh,Chandigarh,North,Consumer,2025-12-10
CUST00935,Priya Verma,Female,18,Chennai,Tamil Nadu,South,Consumer,2024-10-24
CUST00936,Vikram Rao,Male,33,Jaipur,Rajasthan,North,Consumer,2022-11-21
CUST00937,Pooja Naidu,Male,20,Ranchi,Jharkhand,East,Small Business,2024-08-12
CUST00938,Priya Kumar,Male,18,Chennai,Tamil Nadu,South,Consumer,2022-11-06
CUST00939,Divya Naidu,Female,35,Chennai,Tamil Nadu,South,Consumer,2025-12-14
CUST00940,Nikhil Patel,Female,35,Surat,Gujarat,West,Small Business,2022-06-29
CUST00941,Isha Das,Female,26,Bengaluru,Karnataka,South,Corporate,2022-08-15
CUST00942,Divya Rao,Female,44,Chandigarh,Chandigarh,North,Small Business,2024-11-02
CUST00943,Suresh Das,Male,18,Delhi,Delhi,North,Consumer,2023-10-02
CUST00944,Priya Patel,Male,24,Kolkata,West Bengal,East,Consumer,2024-04-18
CUST00945,Pooja Mehta,Female,29,Mumbai,Maharashtra,West,Consumer,2024-12-25
CUST00946,Ravi Choudhary,Male,33,Pune,Maharashtra,West,Consumer,2023-04-09
CUST00947,Divya Gupta,Male,21,Delhi,Delhi,North,Consumer,2024-01-20
CUST00948,Ananya Reddy,Female,32,Pune,Maharashtra,West,Corporate,2025-09-20
CUST00949,Nikhil Mishra,Male,26,Chandigarh,Chandigarh,North,Corporate,2022-05-13
CUST00950,Swathi Verma,Male,42,Ahmedabad,Gujarat,West,Small Business,2023-04-24
CUST00951,Pooja Choudhary,Male,43,Ranchi,Jharkhand,East,Consumer,2024-04-01
CUST00952,Priya Reddy,Female,40,Pune,Maharashtra,West,Consumer,2023-11-12
CUST00953,Kiran Gupta,Male,37,Ranchi,Jharkhand,East,Corporate,2025-08-30
CUST00954,Vikram Mehta,Female,28,Kolkata,West Bengal,East,Consumer,2023-03-29
CUST00955,Rahul Singh,Female,27,Ahmedabad,Gujarat,West,Corporate,2022-12-15
CUST00956,Rohan Gupta,Female,37,Pune,Maharashtra,West,Consumer,2022-03-05
CUST00957,Isha Iyer,Male,44,Kolkata,West Bengal,East,Corporate,2024-01-05
CUST00958,Meera Reddy,Male,43,Pune,Maharashtra,West,Corporate,2022-12-04
CUST00959,Arjun Choudhary,Male,32,Lucknow,Uttar Pradesh,North,Consumer,2024-12-10
CUST00960,Swathi Joshi,Female,42,Bengaluru,Karnataka,South,Consumer,2023-08-04
CUST00961,Rahul Reddy,Male,36,Delhi,Delhi,North,Consumer,2023-05-17
CUST00962,Nikhil Choudhary,Female,40,Mumbai,Maharashtra,West,Consumer,2024-08-27
CUST00963,Meera Mehta,Female,46,Mumbai,Maharashtra,West,Consumer,2025-07-08
CUST00964,Varun Iyer,Male,43,Bhubaneswar,Odisha,East,Consumer,2022-09-16
CUST00965,Varun Choudhary,Female,33,Kochi,Kerala,South,Small Business,2022-06-04
CUST00966,Ananya Joshi,Female,37,Pune,Maharashtra,West,Consumer,2023-09-21
CUST00967,Ananya Singh,Male,31,Ahmedabad,Gujarat,West,Corporate,2022-09-21
CUST00968,Meera Choudhary,Female,34,Jaipur,Rajasthan,North,Consumer,2025-07-18
CUST00969,Pooja Mishra,Female,31,Bhubaneswar,Odisha,East,Consumer,2024-04-18
CUST00970,Ravi Rao,Male,36,Ahmedabad,Gujarat,West,Consumer,2023-03-08
CUST00971,Meera Singh,Male,44,Pune,Maharashtra,West,Consumer,2024-09-14
CUST00972,Neha Gupta,Female,18,Chandigarh,Chandigarh,North,Small Business,2024-12-01
CUST00973,Ravi Iyer,Female,44,Kochi,Kerala,South,Corporate,2024-04-21
CUST00974,Isha Naidu,Male,26,Jaipur,Rajasthan,North,Corporate,2023-09-29
CUST00975,Ananya Singh,Female,42,Jaipur,Rajasthan,North,Consumer,2024-03-15
CUST00976,Vikram Rao,Male,39,Kochi,Kerala,South,Corporate,2025-05-17
CUST00977,Arjun Singh,Male,22,Lucknow,Uttar Pradesh,North,Corporate,2025-09-16
CUST00978,Divya Mishra,Female,36,Surat,Gujarat,West,Consumer,2023-05-26
CUST00979,Priya Rao,Male,21,Jaipur,Rajasthan,North,Consumer,2024-01-31
CUST00980,Amit Sharma,Female,40,Bengaluru,Karnataka,South,Consumer,2025-08-15
CUST00981,Priya Mishra,Female,23,Mumbai,Maharashtra,West,Consumer,2025-05-23
CUST00982,Vikram Patel,Male,23,Ahmedabad,Gujarat,West,Small Business,2022-06-10
CUST00983,Kavya Choudhary,Male,20,Mumbai,Maharashtra,West,Consumer,2023-11-07
CUST00984,Suresh Sharma,Male,39,Ranchi,Jharkhand,East,Consumer,2025-08-26
CUST00985,Kavya Mehta,Male,32,Kochi,Kerala,South,Consumer,2025-02-06
CUST00986,Kiran Singh,Male,24,Kochi,Kerala,South,Consumer,2023-11-23
CUST00987,Swathi Reddy,Male,21,Mumbai,Maharashtra,West,Consumer,2022-02-08
CUST00988,Nikhil Das,Female,27,Kolkata,West Bengal,East,Corporate,2023-07-15
CUST00989,Rahul Kumar,Male,53,Mumbai,Maharashtra,West,Consumer,2023-05-10
CUST00990,Isha Reddy,Male,30,Chennai,Tamil Nadu,South,Corporate,2025-06-06
CUST00991,Kavya Kumar,Female,18,Bengaluru,Karnataka,South,Consumer,2025-09-22
CUST00992,Pooja Mehta,Female,18,Jaipur,Rajasthan,North,Small Business,2022-12-28
CUST00993,Nikhil Sharma,Male,30,Delhi,Delhi,North,Consumer,2025-02-11
CUST00994,Varun Verma,Female,40,Bhubaneswar,Odisha,East,Consumer,2022-09-17
CUST00995,Swathi Naidu,Male,42,Bengaluru,Karnataka,South,Consumer,2022-04-22
CUST00996,Ananya Mishra,Male,35,Delhi,Delhi,North,Corporate,2025-01-20
CUST00997,Kiran Rao,Male,30,Kochi,Kerala,South,Small Business,2023-10-11
CUST00998,Arjun Joshi,Male,37,Jaipur,Rajasthan,North,Consumer,2024-11-18
CUST00999,Ravi Mehta,Male,38,Chennai,Tamil Nadu,South,Corporate,2024-01-13
CUST01000,Priya Gupta,Male,18,Chandigarh,Chandigarh,North,Consumer,2024-03-19
CUST01001,Divya Choudhary,Female,46,Chandigarh,Chandigarh,North,Consumer,2024-03-22
CUST01002,Amit Choudhary,Male,33,Jaipur,Rajasthan,North,Corporate,2024-12-30
CUST01003,Ananya Verma,Male,33,Patna,Bihar,East,Corporate,2025-05-06
CUST01004,Nikhil Mehta,Female,35,Lucknow,Uttar Pradesh,North,Corporate,2023-06-07
CUST01005,Rahul Mehta,Male,30,Ahmedabad,Gujarat,West,Corporate,2023-05-06
CUST01006,Neha Reddy,Male,34,Patna,Bihar,East,Small Business,2025-07-23
CUST01007,Rohan Singh,Male,35,Surat,Gujarat,West,Consumer,2025-01-11
CUST01008,Swathi Mehta,Female,39,Ranchi,Jharkhand,East,Corporate,2022-08-17
CUST01009,Arjun Choudhary,Female,22,Chennai,Tamil Nadu,South,Consumer,2022-04-16
CUST01010,Kiran Sharma,Male,29,Chandigarh,Chandigarh,North,Consumer,2022-09-26
CUST01011,Arjun Iyer,Male,19,Chandigarh,Chandigarh,North,Corporate,2025-03-13
CUST01012,Vikram Sharma,Male,33,Kolkata,West Bengal,East,Consumer,2023-02-26
CUST01013,Nikhil Verma,Female,51,Bengaluru,Karnataka,South,Consumer,2024-12-31
CUST01014,Pooja Sharma,Male,30,Chandigarh,Chandigarh,North,Consumer,2022-03-11
CUST01015,Ananya Mehta,Male,41,Bhubaneswar,Odisha,East,Consumer,2023-03-31
CUST01016,Swathi Naidu,Female,55,Surat,Gujarat,West,Consumer,2022-09-08
CUST01017,Varun Kumar,Male,35,Delhi,Delhi,North,Consumer,2024-01-12
CUST01018,Pooja Rao,Female,38,Chennai,Tamil Nadu,South,Consumer,2023-12-05
CUST01019,Rohan Patel,Male,38,Hyderabad,Telangana,South,Consumer,2022-01-29
CUST01020,Divya Mishra,Male,33,Bengaluru,Karnataka,South,Consumer,2024-08-01
CUST01021,Priya Verma,Female,23,Surat,Gujarat,West,Consumer,2024-10-10
CUST01022,Pooja Naidu,Male,40,Patna,Bihar,East,Small Business,2025-04-30
CUST01023,Rohan Reddy,Male,36,Ranchi,Jharkhand,East,Corporate,2024-03-03
CUST01024,Arjun Singh,Female,33,Ranchi,Jharkhand,East,Consumer,2025-11-17
CUST01025,Arjun Singh,Female,34,Pune,Maharashtra,West,Consumer,2025-12-23
CUST01026,Neha Mehta,Female,22,Hyderabad,Telangana,South,Corporate,2024-08-19
CUST01027,Meera Verma,Female,36,Surat,Gujarat,West,Consumer,2023-11-04
CUST01028,Meera Singh,Female,21,Ahmedabad,Gujarat,West,Consumer,2025-09-28
CUST01029,Rahul Rao,Female,35,Delhi,Delhi,North,Corporate,2025-11-13
CUST01030,Suresh Singh,Male,39,Kochi,Kerala,South,Consumer,2022-02-07
CUST01031,Swathi Naidu,Male,33,Kochi,Kerala,South,Consumer,2024-01-07
CUST01032,Rohan Singh,Female,49,Hyderabad,Telangana,South,Corporate,2024-07-09
CUST01033,Rohan Patel,Male,35,Delhi,Delhi,North,Consumer,2023-11-18
CUST01034,Priya Das,Female,27,Pune,Maharashtra,West,Consumer,2025-02-01
CUST01035,Arjun Rao,Male,44,Pune,Maharashtra,West,Consumer,2023-12-18
CUST01036,Pooja Gupta,Female,39,Kolkata,West Bengal,East,Small Business,2023-12-29
CUST01037,Varun Das,Male,28,Ranchi,Jharkhand,East,Corporate,2023-05-22
CUST01038,Swathi Choudhary,Male,36,Ranchi,Jharkhand,East,Corporate,2022-08-02
CUST01039,Ravi Mehta,Female,24,Ranchi,Jharkhand,East,Consumer,2024-10-20
CUST01040,Swathi Mishra,Female,36,Jaipur,Rajasthan,North,Consumer,2023-03-09
CUST01041,Nikhil Gupta,Male,34,Hyderabad,Telangana,South,Consumer,2025-10-14
CUST01042,Suresh Reddy,Male,40,Surat,Gujarat,West,Corporate,2025-01-01
CUST01043,Nikhil Patel,Male,33,Hyderabad,Telangana,South,Consumer,2024-04-21
CUST01044,Amit Iyer,Female,48,Jaipur,Rajasthan,North,Consumer,2022-08-10
CUST01045,Nikhil Gupta,Male,55,Patna,Bihar,East,Consumer,2022-01-21
CUST01046,Amit Kumar,Male,52,Bengaluru,Karnataka,South,Consumer,2025-03-03
CUST01047,Isha Naidu,Male,48,Surat,Gujarat,West,Consumer,2024-02-08
CUST01048,Ananya Mishra,Female,29,Mumbai,Maharashtra,West,Consumer,2024-11-15
CUST01049,Meera Mehta,Female,47,Delhi,Delhi,North,Consumer,2024-09-17
CUST01050,Pooja Sharma,Male,25,Kolkata,West Bengal,East,Consumer,2023-05-11
CUST01051,Suresh Choudhary,Female,40,Surat,Gujarat,West,Consumer,2024-11-26
CUST01052,Ravi Das,Male,32,Jaipur,Rajasthan,North,Consumer,2025-04-20
CUST01053,Rohan Joshi,Male,39,Jaipur,Rajasthan,North,Consumer,2023-08-22
CUST01054,Divya Choudhary,Male,40,Chennai,Tamil Nadu,South,Consumer,2023-04-08
CUST01055,Swathi Iyer,Male,40,Kolkata,West Bengal,East,Corporate,2024-06-01
CUST01056,Rahul Iyer,Female,32,Lucknow,Uttar Pradesh,North,Consumer,2025-07-21
CUST01057,Swathi Joshi,Male,39,Ahmedabad,Gujarat,West,Consumer,2024-07-23
CUST01058,Amit Gupta,Male,35,Bhubaneswar,Odisha,East,Corporate,2024-11-04
CUST01059,Kavya Verma,Male,39,Chennai,Tamil Nadu,South,Consumer,2023-06-05
CUST01060,Rohan Patel,Male,37,Delhi,Delhi,North,Consumer,2024-08-25
CUST01061,Nikhil Sharma,Female,64,Chennai,Tamil Nadu,South,Consumer,2023-09-04
CUST01062,Suresh Reddy,Male,47,Chandigarh,Chandigarh,North,Consumer,2023-10-09
CUST01063,Meera Das,Male,31,Bhubaneswar,Odisha,East,Consumer,2022-10-07
CUST01064,Rahul Rao,Female,30,Pune,Maharashtra,West,Corporate,2024-01-28
CUST01065,Arjun Reddy,Female,26,Surat,Gujarat,West,Small Business,2024-01-16
CUST01066,Isha Mishra,Female,50,Chennai,Tamil Nadu,South,Consumer,2025-05-14
CUST01067,Neha Mehta,Female,23,Bengaluru,Karnataka,South,Small Business,2024-09-19
CUST01068,Rahul Joshi,Male,42,Hyderabad,Telangana,South,Consumer,2025-07-29
CUST01069,Kiran Reddy,Male,46,Delhi,Delhi,North,Consumer,2022-02-22
CUST01070,Ananya Kumar,Male,30,Bengaluru,Karnataka,South,Consumer,2023-02-13
CUST01071,Ananya Das,Male,18,Ahmedabad,Gujarat,West,Small Business,2025-06-17
CUST01072,Amit Rao,Female,34,Chandigarh,Chandigarh,North,Small Business,2023-03-31
CUST01073,Rahul Mehta,Female,18,Bhubaneswar,Odisha,East,Consumer,2022-06-22
CUST01074,Isha Joshi,Male,34,Jaipur,Rajasthan,North,Consumer,2022-04-29
CUST01075,Kavya Iyer,Male,44,Patna,Bihar,East,Corporate,2022-08-01
CUST01076,Varun Joshi,Male,18,Lucknow,Uttar Pradesh,North,Consumer,2024-11-11
CUST01077,Kiran Naidu,Male,30,Chennai,Tamil Nadu,South,Small Business,2023-01-14
CUST01078,Rahul Naidu,Female,42,Bhubaneswar,Odisha,East,Consumer,2024-01-08
CUST01079,Neha Singh,Female,44,Chandigarh,Chandigarh,North,Consumer,2024-01-19
CUST01080,Arjun Iyer,Male,37,Chennai,Tamil Nadu,South,Consumer,2023-12-10
CUST01081,Neha Naidu,Male,44,Hyderabad,Telangana,South,Small Business,2023-03-13
CUST01082,Isha Reddy,Female,25,Pune,Maharashtra,West,Consumer,2024-07-30
CUST01083,Rahul Joshi,Male,23,Surat,Gujarat,West,Consumer,2023-02-25
CUST01084,Neha Reddy,Male,38,Lucknow,Uttar Pradesh,North,Corporate,2022-09-30
CUST01085,Varun Joshi,Female,24,Hyderabad,Telangana,South,Small Business,2025-05-13
CUST01086,Kiran Mehta,Female,24,Mumbai,Maharashtra,West,Corporate,2022-03-06
CUST01087,Varun Joshi,Male,21,Kochi,Kerala,South,Corporate,2024-07-09
CUST01088,Nikhil Naidu,Female,45,Hyderabad,Telangana,South,Consumer,2022-02-22
CUST01089,Meera Gupta,Male,48,Jaipur,Rajasthan,North,Small Business,2024-02-19
CUST01090,Priya Mishra,Female,29,Surat,Gujarat,West,Corporate,2024-05-04
CUST01091,Isha Gupta,Male,34,Kochi,Kerala,South,Corporate,2024-10-15
CUST01092,Divya Gupta,Male,36,Ahmedabad,Gujarat,West,Consumer,2024-05-23
CUST01093,Kavya Mehta,Male,40,Bhubaneswar,Odisha,East,Corporate,2025-08-08
CUST01094,Divya Sharma,Male,33,Delhi,Delhi,North,Corporate,2023-09-18
CUST01095,Varun Choudhary,Male,21,Chandigarh,Chandigarh,North,Corporate,2025-07-17
CUST01096,Suresh Gupta,Female,38,Lucknow,Uttar Pradesh,North,Corporate,2022-08-28
CUST01097,Amit Verma,Female,29,Jaipur,Rajasthan,North,Consumer,2024-04-18
CUST01098,Priya Joshi,Female,34,Pune,Maharashtra,West,Consumer,2024-10-06
CUST01099,Neha Sharma,Female,24,Pune,Maharashtra,West,Consumer,2025-06-15
CUST01100,Kavya Rao,Male,37,Bhubaneswar,Odisha,East,Small Business,2024-05-30
CUST01101,Swathi Kumar,Female,36,Ranchi,Jharkhand,East,Consumer,2025-04-19
CUST01102,Ravi Kumar,Male,55,Kolkata,West Bengal,East,Consumer,2025-09-17
CUST01103,Nikhil Choudhary,Male,18,Ahmedabad,Gujarat,West,Small Business,2023-02-06
CUST01104,Ananya Mehta,Female,21,Patna,Bihar,East,Consumer,2022-08-14
CUST01105,Kiran Reddy,Male,33,Pune,Maharashtra,West,Consumer,2023-02-19
CUST01106,Pooja Rao,Male,49,Lucknow,Uttar Pradesh,North,Consumer,2023-08-05
CUST01107,Isha Singh,Male,44,Lucknow,Uttar Pradesh,North,Consumer,2024-02-27
CUST01108,Meera Gupta,Male,44,Chennai,Tamil Nadu,South,Small Business,2025-02-01
CUST01109,Divya Reddy,Male,59,Hyderabad,Telangana,South,Consumer,2023-12-02
CUST01110,Ananya Kumar,Male,33,Chennai,Tamil Nadu,South,Consumer,2024-05-25
CUST01111,Nikhil Iyer,Male,26,Bhubaneswar,Odisha,East,Small Business,2022-08-16
CUST01112,Pooja Iyer,Female,34,Patna,Bihar,East,Small Business,2023-12-03
CUST01113,Rahul Kumar,Male,34,Patna,Bihar,East,Consumer,2022-11-19
CUST01114,Rohan Patel,Female,23,Bengaluru,Karnataka,South,Consumer,2025-06-17
CUST01115,Isha Iyer,Male,41,Bengaluru,Karnataka,South,Consumer,2024-05-27
CUST01116,Arjun Sharma,Female,49,Ahmedabad,Gujarat,West,Consumer,2023-06-20
CUST01117,Vikram Choudhary,Male,35,Ahmedabad,Gujarat,West,Small Business,2022-01-11
CUST01118,Divya Patel,Female,38,Delhi,Delhi,North,Corporate,2023-03-17
CUST01119,Rohan Mehta,Female,37,Kolkata,West Bengal,East,Consumer,2024-09-15
CUST01120,Suresh Choudhary,Female,31,Ranchi,Jharkhand,East,Small Business,2022-03-16
CUST01121,Vikram Kumar,Male,28,Bengaluru,Karnataka,South,Consumer,2025-11-29
CUST01122,Rohan Gupta,Male,39,Chandigarh,Chandigarh,North,Corporate,2024-08-19
CUST01123,Amit Rao,Male,33,Delhi,Delhi,North,Consumer,2022-11-20
CUST01124,Ananya Sharma,Female,45,Jaipur,Rajasthan,North,Consumer,2024-03-08
CUST01125,Ravi Naidu,Female,22,Ahmedabad,Gujarat,West,Corporate,2022-05-19
CUST01126,Arjun Mishra,Male,41,Hyderabad,Telangana,South,Consumer,2023-04-11
CUST01127,Meera Choudhary,Male,24,Delhi,Delhi,North,Consumer,2024-10-26
CUST01128,Suresh Verma,Male,28,Kochi,Kerala,South,Consumer,2023-04-13
CUST01129,Meera Rao,Female,36,Hyderabad,Telangana,South,Small Business,2025-09-25
CUST01130,Neha Rao,Male,29,Kolkata,West Bengal,East,Corporate,2024-12-25
CUST01131,Pooja Reddy,Male,46,Patna,Bihar,East,Consumer,2023-08-12
CUST01132,Meera Rao,Female,24,Lucknow,Uttar Pradesh,North,Corporate,2025-10-24
CUST01133,Priya Choudhary,Male,36,Bhubaneswar,Odisha,East,Consumer,2022-06-26
CUST01134,Isha Iyer,Male,32,Mumbai,Maharashtra,West,Consumer,2025-09-15
CUST01135,Ananya Kumar,Female,41,Lucknow,Uttar Pradesh,North,Corporate,2024-01-19
CUST01136,Ananya Sharma,Male,30,Mumbai,Maharashtra,West,Corporate,2025-02-22
CUST01137,Neha Patel,Male,55,Patna,Bihar,East,Corporate,2025-05-01
CUST01138,Meera Kumar,Male,37,Chandigarh,Chandigarh,North,Consumer,2022-09-25
CUST01139,Swathi Gupta,Male,36,Jaipur,Rajasthan,North,Small Business,2025-12-19
CUST01140,Ravi Choudhary,Female,47,Jaipur,Rajasthan,North,Consumer,2023-12-01
CUST01141,Ananya Choudhary,Female,43,Bengaluru,Karnataka,South,Consumer,2023-09-20
CUST01142,Pooja Verma,Female,33,Chandigarh,Chandigarh,North,Small Business,2022-03-12
CUST01143,Swathi Reddy,Male,28,Patna,Bihar,East,Consumer,2024-04-18
CUST01144,Pooja Singh,Male,27,Pune,Maharashtra,West,Consumer,2024-02-08
CUST01145,Rahul Singh,Female,36,Chennai,Tamil Nadu,South,Consumer,2024-02-29
CUST01146,Swathi Sharma,Male,38,Kochi,Kerala,South,Consumer,2025-07-17
CUST01147,Kiran Iyer,Male,20,Kochi,Kerala,South,Consumer,2025-09-21
CUST01148,Meera Sharma,Male,41,Pune,Maharashtra,West,Small Business,2025-04-03
CUST01149,Vikram Mehta,Male,26,Hyderabad,Telangana,South,Corporate,2024-06-28
CUST01150,Varun Mehta,Female,34,Chandigarh,Chandigarh,North,Consumer,2025-12-10
CUST01151,Rohan Sharma,Male,27,Jaipur,Rajasthan,North,Consumer,2024-01-13
CUST01152,Isha Iyer,Male,43,Ahmedabad,Gujarat,West,Consumer,2023-08-08
CUST01153,Rohan Kumar,Male,33,Kochi,Kerala,South,Consumer,2022-05-26
CUST01154,Pooja Iyer,Male,18,Chandigarh,Chandigarh,North,Consumer,2024-12-07
CUST01155,Varun Gupta,Male,43,Bhubaneswar,Odisha,East,Small Business,2022-06-14
CUST01156,Nikhil Mehta,Female,36,Kolkata,West Bengal,East,Consumer,2023-01-16
CUST01157,Rahul Joshi,Male,22,Hyderabad,Telangana,South,Corporate,2025-11-26
CUST01158,Rahul Sharma,Female,31,Kolkata,West Bengal,East,Corporate,2024-10-13
CUST01159,Pooja Sharma,Female,49,Ahmedabad,Gujarat,West,Small Business,2024-07-06
CUST01160,Ravi Gupta,Male,29,Ranchi,Jharkhand,East,Consumer,2025-07-28
CUST01161,Ravi Verma,Female,26,Lucknow,Uttar Pradesh,North,Consumer,2025-08-03
CUST01162,Ravi Joshi,Female,29,Bengaluru,Karnataka,South,Small Business,2025-12-14
CUST01163,Varun Rao,Male,23,Mumbai,Maharashtra,West,Consumer,2022-04-14
CUST01164,Pooja Singh,Male,38,Pune,Maharashtra,West,Small Business,2025-02-03
CUST01165,Swathi Sharma,Male,18,Ahmedabad,Gujarat,West,Corporate,2025-03-07
CUST01166,Ravi Reddy,Female,34,Ahmedabad,Gujarat,West,Small Business,2022-12-20
CUST01167,Pooja Verma,Male,37,Ahmedabad,Gujarat,West,Consumer,2023-06-24
CUST01168,Kavya Mishra,Male,27,Patna,Bihar,East,Consumer,2024-06-27
CUST01169,Amit Das,Male,18,Bhubaneswar,Odisha,East,Corporate,2023-04-02
CUST01170,Neha Singh,Female,21,Jaipur,Rajasthan,North,Consumer,2023-12-11
CUST01171,Nikhil Iyer,Female,23,Bhubaneswar,Odisha,East,Consumer,2024-12-13
CUST01172,Priya Naidu,Female,33,Jaipur,Rajasthan,North,Corporate,2024-03-12
CUST01173,Pooja Joshi,Female,23,Lucknow,Uttar Pradesh,North,Small Business,2023-08-07
CUST01174,Swathi Mishra,Male,34,Ranchi,Jharkhand,East,Consumer,2025-09-15
CUST01175,Kiran Reddy,Male,37,Bhubaneswar,Odisha,East,Consumer,2024-02-28
CUST01176,Swathi Mehta,Female,26,Bengaluru,Karnataka,South,Consumer,2024-05-27
CUST01177,Pooja Gupta,Male,27,Chennai,Tamil Nadu,South,Consumer,2025-10-14
CUST01178,Rohan Mishra,Female,35,Hyderabad,Telangana,South,Consumer,2023-04-22
CUST01179,Kavya Joshi,Female,19,Lucknow,Uttar Pradesh,North,Consumer,2025-09-30
CUST01180,Pooja Naidu,Male,48,Chennai,Tamil Nadu,South,Corporate,2023-12-30
CUST01181,Rahul Naidu,Female,25,Bengaluru,Karnataka,South,Corporate,2023-11-25
CUST01182,Neha Iyer,Male,34,Bengaluru,Karnataka,South,Consumer,2025-01-24
CUST01183,Neha Mehta,Male,26,Pune,Maharashtra,West,Consumer,2023-01-17
CUST01184,Varun Iyer,Female,40,Jaipur,Rajasthan,North,Consumer,2024-07-01
CUST01185,Priya Reddy,Female,18,Ranchi,Jharkhand,East,Corporate,2025-07-17
CUST01186,Nikhil Verma,Male,48,Bengaluru,Karnataka,South,Consumer,2022-07-05
CUST01187,Swathi Joshi,Male,42,Ranchi,Jharkhand,East,Corporate,2022-01-03
CUST01188,Divya Choudhary,Male,38,Chennai,Tamil Nadu,South,Consumer,2023-05-14
CUST01189,Divya Singh,Male,36,Delhi,Delhi,North,Consumer,2024-08-05
CUST01190,Sneha Iyer,Male,39,Surat,Gujarat,West,Consumer,2022-04-04
CUST01191,Kavya Iyer,Male,53,Chandigarh,Chandigarh,North,Consumer,2025-01-01
CUST01192,Divya Naidu,Female,45,Kochi,Kerala,South,Corporate,2022-04-16
CUST01193,Vikram Das,Male,33,Kolkata,West Bengal,East,Consumer,2023-06-24
CUST01194,Rahul Mehta,Female,27,Mumbai,Maharashtra,West,Consumer,2022-05-22
CUST01195,Kavya Kumar,Male,40,Kolkata,West Bengal,East,Consumer,2024-08-15
CUST01196,Varun Reddy,Male,30,Lucknow,Uttar Pradesh,North,Small Business,2024-10-23
CUST01197,Divya Kumar,Male,53,Kolkata,West Bengal,East,Corporate,2024-09-29
CUST01198,Rohan Verma,Male,38,Hyderabad,Telangana,South,Small Business,2024-04-29
CUST01199,Meera Joshi,Male,30,Patna,Bihar,East,Consumer,2023-07-12
CUST01200,Ananya Joshi,Male,54,Ranchi,Jharkhand,East,Consumer,2022-06-06
CUST01201,Isha Verma,Male,35,Patna,Bihar,East,Corporate,2023-07-12
CUST01202,Rahul Naidu,Male,54,Delhi,Delhi,North,Consumer,2022-09-29
CUST01203,Kavya Mishra,Female,26,Pune,Maharashtra,West,Consumer,2025-08-08
CUST01204,Varun Naidu,Male,26,Bengaluru,Karnataka,South,Corporate,2023-09-15
CUST01205,Amit Sharma,Male,24,Hyderabad,Telangana,South,Consumer,2022-04-21
CUST01206,Divya Joshi,Male,49,Mumbai,Maharashtra,West,Consumer,2022-05-02
CUST01207,Vikram Mehta,Male,45,Delhi,Delhi,North,Consumer,2024-07-12
CUST01208,Rohan Kumar,Male,34,Lucknow,Uttar Pradesh,North,Corporate,2025-11-26
CUST01209,Rohan Naidu,Female,26,Patna,Bihar,East,Corporate,2022-07-15
CUST01210,Sneha Patel,Female,32,Hyderabad,Telangana,South,Consumer,2022-05-28
CUST01211,Ravi Mishra,Male,28,Bhubaneswar,Odisha,East,Consumer,2022-08-17
CUST01212,Isha Naidu,Female,41,Patna,Bihar,East,Consumer,2025-09-05
CUST01213,Swathi Joshi,Male,44,Delhi,Delhi,North,Corporate,2025-05-17
CUST01214,Neha Singh,Male,40,Delhi,Delhi,North,Small Business,2025-07-26
CUST01215,Swathi Sharma,Male,18,Delhi,Delhi,North,Consumer,2025-05-15
CUST01216,Varun Das,Male,46,Jaipur,Rajasthan,North,Corporate,2023-09-15
CUST01217,Varun Patel,Male,35,Ahmedabad,Gujarat,West,Consumer,2025-09-13
CUST01218,Sneha Joshi,Male,33,Chandigarh,Chandigarh,North,Consumer,2025-09-06
CUST01219,Arjun Sharma,Female,24,Kochi,Kerala,South,Consumer,2025-11-27
CUST01220,Suresh Rao,Male,18,Surat,Gujarat,West,Consumer,2024-02-17
CUST01221,Ravi Kumar,Female,28,Delhi,Delhi,North,Consumer,2025-06-06
CUST01222,Swathi Choudhary,Male,33,Bhubaneswar,Odisha,East,Small Business,2025-02-01
CUST01223,Meera Das,Female,28,Chandigarh,Chandigarh,North,Consumer,2022-04-15
CUST01224,Pooja Mishra,Male,24,Jaipur,Rajasthan,North,Corporate,2023-09-23
CUST01225,Swathi Iyer,Male,42,Chennai,Tamil Nadu,South,Corporate,2023-01-28
CUST01226,Pooja Mishra,Female,34,Ahmedabad,Gujarat,West,Small Business,2022-11-13
CUST01227,Divya Verma,Female,28,Surat,Gujarat,West,Consumer,2024-10-05
CUST01228,Swathi Iyer,Female,18,Delhi,Delhi,North,Small Business,2024-04-17
CUST01229,Vikram Gupta,Male,40,Bhubaneswar,Odisha,East,Corporate,2024-06-23
CUST01230,Priya Patel,Male,37,Kolkata,West Bengal,East,Corporate,2022-06-29
CUST01231,Priya Choudhary,Female,31,Bengaluru,Karnataka,South,Corporate,2025-12-30
CUST01232,Arjun Das,Female,19,Chennai,Tamil Nadu,South,Small Business,2022-07-11
CUST01233,Meera Patel,Male,18,Patna,Bihar,East,Consumer,2024-05-15
CUST01234,Swathi Das,Male,30,Pune,Maharashtra,West,Consumer,2025-08-25
CUST01235,Ananya Joshi,Male,32,Surat,Gujarat,West,Small Business,2024-02-26
CUST01236,Rohan Rao,Male,18,Mumbai,Maharashtra,West,Small Business,2023-01-11
CUST01237,Divya Kumar,Male,29,Bengaluru,Karnataka,South,Corporate,2025-10-04
CUST01238,Pooja Naidu,Female,19,Kochi,Kerala,South,Consumer,2025-01-17
CUST01239,Ananya Mehta,Female,36,Hyderabad,Telangana,South,Corporate,2025-06-17
CUST01240,Priya Gupta,Male,29,Ahmedabad,Gujarat,West,Consumer,2022-09-28
CUST01241,Ananya Reddy,Female,42,Surat,Gujarat,West,Consumer,2025-04-07
CUST01242,Kiran Gupta,Male,37,Chennai,Tamil Nadu,South,Corporate,2024-01-13
CUST01243,Rahul Naidu,Female,31,Surat,Gujarat,West,Consumer,2022-09-01
CUST01244,Varun Naidu,Female,35,Ahmedabad,Gujarat,West,Consumer,2025-11-04
CUST01245,Ravi Mehta,Male,32,Kolkata,West Bengal,East,Consumer,2022-05-04
CUST01246,Ravi Iyer,Male,40,Jaipur,Rajasthan,North,Consumer,2024-06-17
CUST01247,Meera Mehta,Female,34,Pune,Maharashtra,West,Corporate,2025-04-03
CUST01248,Vikram Choudhary,Male,30,Pune,Maharashtra,West,Consumer,2023-05-31
CUST01249,Arjun Iyer,Male,31,Kolkata,West Bengal,East,Consumer,2023-09-15
CUST01250,Kavya Singh,Male,40,Jaipur,Rajasthan,North,Consumer,2022-03-11
CUST01251,Ananya Mishra,Male,31,Hyderabad,Telangana,South,Consumer,2024-08-31
CUST01252,Varun Mehta,Male,35,Ranchi,Jharkhand,East,Small Business,2022-08-14
CUST01253,Vikram Mehta,Male,30,Ranchi,Jharkhand,East,Consumer,2022-09-14
CUST01254,Varun Sharma,Female,41,Hyderabad,Telangana,South,Consumer,2024-09-14
CUST01255,Kiran Choudhary,Female,34,Hyderabad,Telangana,South,Consumer,2024-06-20
CUST01256,Arjun Naidu,Female,40,Delhi,Delhi,North,Consumer,2022-02-18
CUST01257,Amit Mishra,Female,39,Chennai,Tamil Nadu,South,Consumer,2024-04-23
CUST01258,Isha Reddy,Female,45,Chandigarh,Chandigarh,North,Consumer,2024-08-21
CUST01259,Swathi Singh,Female,18,Hyderabad,Telangana,South,Consumer,2022-08-18
CUST01260,Kavya Joshi,Male,36,Surat,Gujarat,West,Consumer,2023-12-14
CUST01261,Divya Sharma,Female,20,Pune,Maharashtra,West,Corporate,2022-08-02
CUST01262,Divya Joshi,Female,29,Jaipur,Rajasthan,North,Consumer,2022-08-25
CUST01263,Meera Singh,Male,38,Chennai,Tamil Nadu,South,Small Business,2025-08-08
CUST01264,Nikhil Mishra,Male,54,Pune,Maharashtra,West,Consumer,2025-11-30
CUST01265,Amit Patel,Female,36,Mumbai,Maharashtra,West,Consumer,2023-10-24
CUST01266,Arjun Das,Male,28,Ahmedabad,Gujarat,West,Corporate,2023-11-11
CUST01267,Ravi Mishra,Male,37,Pune,Maharashtra,West,Consumer,2022-03-13
CUST01268,Pooja Mishra,Male,27,Lucknow,Uttar Pradesh,North,Consumer,2022-07-14
CUST01269,Isha Mishra,Female,32,Bhubaneswar,Odisha,East,Consumer,2023-07-27
CUST01270,Rahul Reddy,Female,25,Ahmedabad,Gujarat,West,Consumer,2025-01-08
CUST01271,Arjun Joshi,Male,32,Lucknow,Uttar Pradesh,North,Corporate,2022-02-16
CUST01272,Amit Patel,Male,34,Bhubaneswar,Odisha,East,Consumer,2024-04-20
CUST01273,Nikhil Choudhary,Male,38,Bengaluru,Karnataka,South,Consumer,2024-12-18
CUST01274,Priya Mehta,Male,18,Kochi,Kerala,South,Consumer,2024-07-23
CUST01275,Sneha Gupta,Male,18,Jaipur,Rajasthan,North,Corporate,2025-04-09
CUST01276,Priya Mishra,Male,35,Kochi,Kerala,South,Consumer,2024-04-11
CUST01277,Varun Singh,Male,24,Surat,Gujarat,West,Consumer,2023-08-14
CUST01278,Divya Patel,Male,38,Hyderabad,Telangana,South,Small Business,2024-11-12
CUST01279,Arjun Patel,Male,46,Bengaluru,Karnataka,South,Corporate,2024-12-26
CUST01280,Rohan Mishra,Male,31,Mumbai,Maharashtra,West,Consumer,2024-09-15
CUST01281,Sneha Sharma,Male,20,Jaipur,Rajasthan,North,Corporate,2024-05-02
CUST01282,Sneha Singh,Female,46,Delhi,Delhi,North,Consumer,2025-07-29
CUST01283,Priya Verma,Female,19,Delhi,Delhi,North,Consumer,2025-03-16
CUST01284,Nikhil Verma,Male,50,Bhubaneswar,Odisha,East,Small Business,2025-03-11
CUST01285,Kavya Sharma,Male,38,Chandigarh,Chandigarh,North,Corporate,2025-12-11
CUST01286,Kiran Verma,Male,44,Hyderabad,Telangana,South,Consumer,2025-02-09
CUST01287,Arjun Mishra,Female,35,Bhubaneswar,Odisha,East,Consumer,2023-07-18
CUST01288,Nikhil Das,Male,22,Bengaluru,Karnataka,South,Corporate,2024-01-07
CUST01289,Arjun Rao,Female,46,Bengaluru,Karnataka,South,Consumer,2023-04-15
CUST01290,Swathi Rao,Female,38,Kolkata,West Bengal,East,Consumer,2025-02-10
CUST01291,Neha Choudhary,Male,35,Chandigarh,Chandigarh,North,Small Business,2024-02-11
CUST01292,Arjun Sharma,Male,23,Ahmedabad,Gujarat,West,Consumer,2025-06-25
CUST01293,Swathi Joshi,Male,50,Patna,Bihar,East,Corporate,2025-02-12
CUST01294,Ravi Mehta,Female,37,Jaipur,Rajasthan,North,Corporate,2024-04-25
CUST01295,Priya Reddy,Female,54,Kolkata,West Bengal,East,Consumer,2023-10-01
CUST01296,Rohan Naidu,Male,41,Mumbai,Maharashtra,West,Consumer,2023-02-20
CUST01297,Vikram Kumar,Female,28,Ranchi,Jharkhand,East,Small Business,2022-10-02
CUST01298,Isha Mehta,Female,42,Bhubaneswar,Odisha,East,Small Business,2023-06-13
CUST01299,Ananya Kumar,Female,36,Chandigarh,Chandigarh,North,Consumer,2024-01-10
CUST01300,Neha Sharma,Female,35,Ranchi,Jharkhand,East,Consumer,2024-09-19
CUST01301,Suresh Kumar,Male,40,Lucknow,Uttar Pradesh,North,Corporate,2023-08-06
CUST01302,Divya Iyer,Female,41,Hyderabad,Telangana,South,Consumer,2022-06-15
CUST01303,Rahul Patel,Female,48,Chandigarh,Chandigarh,North,Consumer,2022-11-16
CUST01304,Sneha Iyer,Female,42,Bhubaneswar,Odisha,East,Consumer,2024-12-18
CUST01305,Arjun Patel,Male,53,Kochi,Kerala,South,Consumer,2025-02-20
CUST01306,Arjun Das,Male,37,Hyderabad,Telangana,South,Corporate,2023-03-19
CUST01307,Swathi Sharma,Male,43,Ranchi,Jharkhand,East,Consumer,2024-06-03
CUST01308,Arjun Choudhary,Male,21,Patna,Bihar,East,Corporate,2024-02-23
CUST01309,Kavya Choudhary,Male,27,Patna,Bihar,East,Consumer,2022-12-11
CUST01310,Ananya Verma,Male,23,Ranchi,Jharkhand,East,Consumer,2022-05-24
CUST01311,Nikhil Singh,Female,44,Chandigarh,Chandigarh,North,Consumer,2022-06-18
CUST01312,Priya Sharma,Male,32,Chennai,Tamil Nadu,South,Corporate,2023-01-28
CUST01313,Swathi Reddy,Male,28,Delhi,Delhi,North,Consumer,2022-03-08
CUST01314,Meera Patel,Male,34,Mumbai,Maharashtra,West,Consumer,2022-08-25
CUST01315,Pooja Naidu,Female,32,Kolkata,West Bengal,East,Consumer,2023-08-21
CUST01316,Nikhil Gupta,Male,29,Ranchi,Jharkhand,East,Consumer,2022-09-15
CUST01317,Swathi Singh,Female,47,Ranchi,Jharkhand,East,Corporate,2022-09-17
CUST01318,Suresh Choudhary,Male,36,Mumbai,Maharashtra,West,Corporate,2022-01-07
CUST01319,Kiran Singh,Male,20,Ahmedabad,Gujarat,West,Corporate,2024-04-13
CUST01320,Kavya Singh,Male,25,Jaipur,Rajasthan,North,Corporate,2024-10-01
CUST01321,Meera Rao,Male,60,Patna,Bihar,East,Corporate,2025-03-26
CUST01322,Suresh Sharma,Male,39,Mumbai,Maharashtra,West,Small Business,2024-01-10
CUST01323,Varun Rao,Female,18,Chennai,Tamil Nadu,South,Consumer,2024-04-07
CUST01324,Neha Sharma,Female,33,Pune,Maharashtra,West,Corporate,2024-09-17
CUST01325,Priya Kumar,Female,32,Chennai,Tamil Nadu,South,Corporate,2023-12-21
CUST01326,Arjun Kumar,Female,23,Kochi,Kerala,South,Consumer,2024-02-21
CUST01327,Sneha Gupta,Male,49,Surat,Gujarat,West,Consumer,2022-08-11
CUST01328,Suresh Joshi,Male,37,Delhi,Delhi,North,Consumer,2023-09-16
CUST01329,Kiran Gupta,Male,32,Patna,Bihar,East,Small Business,2025-08-22
CUST01330,Rohan Sharma,Male,41,Chandigarh,Chandigarh,North,Corporate,2024-09-15
CUST01331,Neha Verma,Male,41,Bengaluru,Karnataka,South,Consumer,2024-02-15
CUST01332,Sneha Iyer,Male,32,Pune,Maharashtra,West,Corporate,2022-12-02
CUST01333,Ananya Singh,Female,40,Patna,Bihar,East,Consumer,2023-09-16
CUST01334,Kiran Rao,Female,22,Chandigarh,Chandigarh,North,Consumer,2024-03-10
CUST01335,Ravi Reddy,Male,25,Bengaluru,Karnataka,South,Corporate,2025-06-26
CUST01336,Ravi Kumar,Male,44,Chandigarh,Chandigarh,North,Consumer,2025-12-11
CUST01337,Meera Verma,Female,46,Jaipur,Rajasthan,North,Consumer,2023-04-01
CUST01338,Amit Das,Female,54,Kolkata,West Bengal,East,Small Business,2023-03-10
CUST01339,Rohan Naidu,Female,30,Ranchi,Jharkhand,East,Small Business,2024-03-07
CUST01340,Kiran Mehta,Male,18,Ranchi,Jharkhand,East,Corporate,2025-01-29
CUST01341,Meera Patel,Male,35,Ahmedabad,Gujarat,West,Consumer,2023-11-15
CUST01342,Varun Rao,Male,40,Chandigarh,Chandigarh,North,Consumer,2022-10-29
CUST01343,Suresh Mishra,Female,19,Pune,Maharashtra,West,Small Business,2025-06-11
CUST01344,Isha Naidu,Male,27,Chennai,Tamil Nadu,South,Small Business,2025-10-19
CUST01345,Arjun Choudhary,Male,41,Ahmedabad,Gujarat,West,Consumer,2024-05-16
CUST01346,Vikram Sharma,Female,38,Jaipur,Rajasthan,North,Consumer,2022-08-05
CUST01347,Kiran Iyer,Male,18,Surat,Gujarat,West,Consumer,2024-05-23
CUST01348,Priya Joshi,Female,42,Pune,Maharashtra,West,Consumer,2025-02-18
CUST01349,Kavya Kumar,Male,37,Kochi,Kerala,South,Consumer,2022-01-01
CUST01350,Kiran Verma,Female,31,Chennai,Tamil Nadu,South,Consumer,2025-09-03
CUST01351,Suresh Patel,Male,42,Chennai,Tamil Nadu,South,Consumer,2025-03-13
CUST01352,Vikram Mishra,Male,38,Bengaluru,Karnataka,South,Consumer,2022-08-21
CUST01353,Varun Das,Male,18,Ahmedabad,Gujarat,West,Consumer,2024-04-24
CUST01354,Ravi Iyer,Male,32,Surat,Gujarat,West,Consumer,2023-08-15
CUST01355,Divya Naidu,Male,21,Jaipur,Rajasthan,North,Consumer,2025-07-11
CUST01356,Amit Gupta,Female,20,Ranchi,Jharkhand,East,Small Business,2024-09-01
CUST01357,Swathi Kumar,Male,20,Bhubaneswar,Odisha,East,Corporate,2024-11-06
CUST01358,Priya Choudhary,Male,18,Surat,Gujarat,West,Corporate,2025-05-15
CUST01359,Swathi Choudhary,Male,46,Lucknow,Uttar Pradesh,North,Consumer,2022-06-12
CUST01360,Suresh Verma,Male,36,Kochi,Kerala,South,Small Business,2024-05-19
CUST01361,Divya Choudhary,Male,18,Delhi,Delhi,North,Corporate,2024-09-09
CUST01362,Divya Sharma,Female,25,Kolkata,West Bengal,East,Consumer,2025-12-03
CUST01363,Varun Iyer,Female,29,Ahmedabad,Gujarat,West,Corporate,2023-07-15
CUST01364,Ravi Mishra,Male,50,Ranchi,Jharkhand,East,Consumer,2022-12-15
CUST01365,Ananya Sharma,Male,22,Kochi,Kerala,South,Corporate,2024-05-31
CUST01366,Varun Rao,Male,22,Lucknow,Uttar Pradesh,North,Corporate,2023-12-10
CUST01367,Suresh Das,Male,28,Ahmedabad,Gujarat,West,Consumer,2022-01-29
CUST01368,Ananya Choudhary,Male,30,Kolkata,West Bengal,East,Consumer,2022-09-23
CUST01369,Ravi Naidu,Male,23,Pune,Maharashtra,West,Corporate,2023-05-09
CUST01370,Rohan Mishra,Male,30,Jaipur,Rajasthan,North,Consumer,2023-10-28
CUST01371,Varun Rao,Female,41,Patna,Bihar,East,Consumer,2024-01-26
CUST01372,Sneha Mishra,Male,26,Ahmedabad,Gujarat,West,Consumer,2023-05-25
CUST01373,Rohan Mehta,Male,31,Bhubaneswar,Odisha,East,Consumer,2025-02-19
CUST01374,Vikram Mishra,Male,30,Lucknow,Uttar Pradesh,North,Consumer,2022-10-24
CUST01375,Suresh Choudhary,Female,47,Jaipur,Rajasthan,North,Consumer,2023-06-28
CUST01376,Pooja Mishra,Female,40,Kochi,Kerala,South,Consumer,2025-07-11
CUST01377,Ravi Joshi,Male,24,Kolkata,West Bengal,East,Consumer,2023-04-27
CUST01378,Kavya Patel,Male,22,Chennai,Tamil Nadu,South,Small Business,2022-07-31
CUST01379,Swathi Mehta,Male,27,Delhi,Delhi,North,Corporate,2023-05-29
CUST01380,Rahul Naidu,Female,32,Surat,Gujarat,West,Corporate,2024-01-10
CUST01381,Divya Verma,Male,43,Chennai,Tamil Nadu,South,Consumer,2023-05-07
CUST01382,Pooja Mehta,Male,27,Mumbai,Maharashtra,West,Consumer,2024-08-27
CUST01383,Ravi Kumar,Female,40,Kolkata,West Bengal,East,Consumer,2023-04-11
CUST01384,Pooja Naidu,Male,39,Chennai,Tamil Nadu,South,Corporate,2023-05-09
CUST01385,Swathi Rao,Female,35,Chennai,Tamil Nadu,South,Small Business,2025-04-30
CUST01386,Swathi Mehta,Female,33,Jaipur,Rajasthan,North,Consumer,2022-03-03
CUST01387,Varun Choudhary,Male,32,Mumbai,Maharashtra,West,Small Business,2024-11-01
CUST01388,Suresh Das,Male,32,Patna,Bihar,East,Consumer,2025-05-04
CUST01389,Vikram Gupta,Male,18,Mumbai,Maharashtra,West,Small Business,2025-02-02
CUST01390,Vikram Sharma,Female,21,Bengaluru,Karnataka,South,Consumer,2025-10-09
CUST01391,Rahul Sharma,Female,43,Lucknow,Uttar Pradesh,North,Consumer,2024-04-26
CUST01392,Varun Mehta,Male,39,Jaipur,Rajasthan,North,Consumer,2023-06-13
CUST01393,Ravi Reddy,Male,45,Chandigarh,Chandigarh,North,Small Business,2025-01-23
CUST01394,Pooja Kumar,Male,46,Pune,Maharashtra,West,Consumer,2025-05-29
CUST01395,Amit Rao,Female,54,Pune,Maharashtra,West,Corporate,2022-11-28
CUST01396,Neha Iyer,Female,19,Bhubaneswar,Odisha,East,Corporate,2025-02-12
CUST01397,Sneha Reddy,Female,26,Delhi,Delhi,North,Corporate,2022-02-11
CUST01398,Meera Verma,Male,37,Hyderabad,Telangana,South,Corporate,2024-10-16
CUST01399,Kavya Verma,Male,42,Chennai,Tamil Nadu,South,Consumer,2022-04-15
CUST01400,Suresh Iyer,Female,19,Kochi,Kerala,South,Small Business,2025-08-23
CUST01401,Ravi Das,Female,33,Bengaluru,Karnataka,South,Corporate,2022-05-13
CUST01402,Sneha Mishra,Female,37,Lucknow,Uttar Pradesh,North,Consumer,2022-05-18
CUST01403,Pooja Mishra,Female,21,Ranchi,Jharkhand,East,Small Business,2025-11-02
CUST01404,Varun Naidu,Male,48,Pune,Maharashtra,West,Corporate,2022-05-12
CUST01405,Kavya Rao,Female,44,Surat,Gujarat,West,Consumer,2025-10-21
CUST01406,Rohan Reddy,Male,33,Ranchi,Jharkhand,East,Corporate,2022-06-24
CUST01407,Vikram Verma,Male,27,Bhubaneswar,Odisha,East,Consumer,2023-08-03
CUST01408,Swathi Mehta,Male,52,Chandigarh,Chandigarh,North,Consumer,2024-06-10
CUST01409,Ananya Sharma,Male,29,Delhi,Delhi,North,Small Business,2022-05-02
CUST01410,Pooja Choudhary,Female,28,Chandigarh,Chandigarh,North,Consumer,2025-05-18
CUST01411,Nikhil Verma,Male,22,Bhubaneswar,Odisha,East,Consumer,2023-04-25
CUST01412,Priya Sharma,Female,43,Pune,Maharashtra,West,Consumer,2024-01-11
CUST01413,Meera Sharma,Male,32,Jaipur,Rajasthan,North,Consumer,2023-12-25
CUST01414,Kavya Singh,Female,30,Ahmedabad,Gujarat,West,Corporate,2023-12-25
CUST01415,Kavya Patel,Male,44,Jaipur,Rajasthan,North,Small Business,2023-06-30
CUST01416,Suresh Patel,Male,24,Ahmedabad,Gujarat,West,Consumer,2023-06-21
CUST01417,Varun Verma,Male,18,Jaipur,Rajasthan,North,Consumer,2024-05-13
CUST01418,Kiran Joshi,Female,37,Ranchi,Jharkhand,East,Consumer,2023-08-16
CUST01419,Swathi Rao,Male,18,Bengaluru,Karnataka,South,Corporate,2025-08-09
CUST01420,Kiran Patel,Female,24,Mumbai,Maharashtra,West,Corporate,2025-12-06
CUST01421,Swathi Mehta,Female,44,Chandigarh,Chandigarh,North,Consumer,2023-06-04
CUST01422,Divya Choudhary,Female,31,Ranchi,Jharkhand,East,Consumer,2022-06-16
CUST01423,Isha Singh,Female,23,Chandigarh,Chandigarh,North,Consumer,2024-11-18
CUST01424,Ravi Kumar,Female,46,Jaipur,Rajasthan,North,Consumer,2022-04-05
CUST01425,Ravi Mishra,Male,30,Hyderabad,Telangana,South,Consumer,2022-05-19
CUST01426,Divya Mishra,Male,42,Kolkata,West Bengal,East,Consumer,2022-09-12
CUST01427,Pooja Kumar,Female,39,Mumbai,Maharashtra,West,Corporate,2023-11-11
CUST01428,Rahul Reddy,Female,38,Pune,Maharashtra,West,Corporate,2022-05-17
CUST01429,Varun Singh,Male,28,Bhubaneswar,Odisha,East,Consumer,2023-02-19
CUST01430,Priya Gupta,Male,29,Chennai,Tamil Nadu,South,Consumer,2023-10-15
CUST01431,Swathi Patel,Male,41,Jaipur,Rajasthan,North,Corporate,2023-07-29
CUST01432,Isha Gupta,Male,29,Lucknow,Uttar Pradesh,North,Consumer,2023-06-05
CUST01433,Kiran Joshi,Male,46,Bhubaneswar,Odisha,East,Consumer,2022-02-09
CUST01434,Varun Joshi,Male,44,Ahmedabad,Gujarat,West,Consumer,2022-06-19
CUST01435,Sneha Rao,Male,44,Bengaluru,Karnataka,South,Consumer,2024-03-26
CUST01436,Suresh Iyer,Male,18,Chandigarh,Chandigarh,North,Consumer,2023-02-21
CUST01437,Kavya Choudhary,Female,39,Patna,Bihar,East,Corporate,2022-09-13
CUST01438,Divya Verma,Male,33,Hyderabad,Telangana,South,Small Business,2022-06-06
CUST01439,Kavya Kumar,Male,48,Pune,Maharashtra,West,Corporate,2024-07-25
CUST01440,Nikhil Joshi,Male,43,Chandigarh,Chandigarh,North,Consumer,2025-05-29
CUST01441,Varun Reddy,Female,22,Kochi,Kerala,South,Consumer,2022-08-15
CUST01442,Neha Patel,Male,30,Ahmedabad,Gujarat,West,Consumer,2023-01-06
CUST01443,Divya Sharma,Male,38,Ahmedabad,Gujarat,West,Consumer,2025-07-28
CUST01444,Rohan Joshi,Female,33,Chandigarh,Chandigarh,North,Consumer,2024-11-08
CUST01445,Sneha Patel,Female,41,Chennai,Tamil Nadu,South,Consumer,2024-07-08
CUST01446,Kiran Singh,Male,50,Ranchi,Jharkhand,East,Corporate,2023-01-16
CUST01447,Meera Gupta,Female,31,Jaipur,Rajasthan,North,Consumer,2023-05-07
CUST01448,Arjun Kumar,Female,45,Pune,Maharashtra,West,Consumer,2023-12-28
CUST01449,Isha Choudhary,Female,49,Lucknow,Uttar Pradesh,North,Consumer,2023-08-31
CUST01450,Varun Verma,Male,38,Jaipur,Rajasthan,North,Consumer,2024-12-10
CUST01451,Kiran Mishra,Male,31,Lucknow,Uttar Pradesh,North,Consumer,2022-01-08
CUST01452,Neha Rao,Male,30,Delhi,Delhi,North,Consumer,2025-06-05
CUST01453,Isha Choudhary,Male,18,Ranchi,Jharkhand,East,Consumer,2024-01-07
CUST01454,Meera Rao,Male,36,Bhubaneswar,Odisha,East,Consumer,2022-03-23
CUST01455,Varun Rao,Female,37,Ahmedabad,Gujarat,West,Small Business,2023-11-28
CUST01456,Priya Rao,Female,36,Jaipur,Rajasthan,North,Consumer,2022-08-03
CUST01457,Neha Sharma,Male,38,Kolkata,West Bengal,East,Consumer,2025-11-07
CUST01458,Varun Patel,Male,35,Lucknow,Uttar Pradesh,North,Consumer,2024-11-07
CUST01459,Divya Kumar,Male,37,Ranchi,Jharkhand,East,Consumer,2025-10-08
CUST01460,Vikram Choudhary,Male,41,Jaipur,Rajasthan,North,Consumer,2024-10-16
CUST01461,Varun Kumar,Female,31,Delhi,Delhi,North,Consumer,2023-01-13
CUST01462,Sneha Kumar,Female,35,Chandigarh,Chandigarh,North,Small Business,2024-01-27
CUST01463,Arjun Kumar,Male,23,Kolkata,West Bengal,East,Consumer,2022-09-16
CUST01464,Rohan Choudhary,Female,31,Chandigarh,Chandigarh,North,Small Business,2022-09-03
CUST01465,Ananya Mishra,Male,36,Kolkata,West Bengal,East,Small Business,2023-07-17
CUST01466,Amit Rao,Female,33,Bengaluru,Karnataka,South,Consumer,2025-06-13
CUST01467,Swathi Patel,Male,32,Ranchi,Jharkhand,East,Consumer,2023-07-03
CUST01468,Vikram Mehta,Male,45,Pune,Maharashtra,West,Corporate,2023-06-17
CUST01469,Neha Naidu,Female,34,Patna,Bihar,East,Corporate,2025-04-23
CUST01470,Varun Das,Male,30,Jaipur,Rajasthan,North,Small Business,2023-08-19
CUST01471,Divya Sharma,Female,44,Bengaluru,Karnataka,South,Corporate,2024-10-27
CUST01472,Ananya Kumar,Female,39,Kochi,Kerala,South,Corporate,2025-05-29
CUST01473,Kavya Choudhary,Female,28,Chandigarh,Chandigarh,North,Consumer,2022-10-25
CUST01474,Kavya Choudhary,Male,32,Chandigarh,Chandigarh,North,Consumer,2022-04-03
CUST01475,Isha Choudhary,Female,44,Delhi,Delhi,North,Consumer,2025-07-07
CUST01476,Kiran Iyer,Male,40,Mumbai,Maharashtra,West,Small Business,2024-09-16
CUST01477,Rahul Joshi,Female,36,Kochi,Kerala,South,Consumer,2023-03-29
CUST01478,Isha Das,Male,29,Delhi,Delhi,North,Corporate,2025-09-14
CUST01479,Nikhil Sharma,Male,37,Kochi,Kerala,South,Consumer,2022-09-16
CUST01480,Priya Verma,Male,38,Chennai,Tamil Nadu,South,Small Business,2024-03-23
CUST01481,Amit Singh,Male,21,Lucknow,Uttar Pradesh,North,Consumer,2025-12-09
CUST01482,Pooja Rao,Male,18,Jaipur,Rajasthan,North,Consumer,2023-02-03
CUST01483,Ravi Rao,Female,31,Lucknow,Uttar Pradesh,North,Small Business,2023-10-03
CUST01484,Rohan Joshi,Male,43,Bengaluru,Karnataka,South,Small Business,2023-02-14
CUST01485,Varun Joshi,Male,46,Lucknow,Uttar Pradesh,North,Consumer,2023-06-30
CUST01486,Vikram Rao,Female,34,Ranchi,Jharkhand,East,Corporate,2025-07-25
CUST01487,Arjun Verma,Male,42,Kolkata,West Bengal,East,Corporate,2025-11-18
CUST01488,Varun Iyer,Female,27,Lucknow,Uttar Pradesh,North,Corporate,2025-09-18
CUST01489,Kiran Kumar,Male,18,Ranchi,Jharkhand,East,Consumer,2024-10-21
CUST01490,Divya Singh,Male,50,Chandigarh,Chandigarh,North,Consumer,2024-12-03
CUST01491,Rahul Reddy,Male,43,Bhubaneswar,Odisha,East,Consumer,2025-02-06
CUST01492,Priya Patel,Male,33,Bengaluru,Karnataka,South,Consumer,2022-08-31
CUST01493,Meera Mehta,Male,38,Surat,Gujarat,West,Consumer,2022-01-26
CUST01494,Varun Kumar,Male,23,Jaipur,Rajasthan,North,Consumer,2022-02-24
CUST01495,Pooja Patel,Female,22,Ranchi,Jharkhand,East,Consumer,2022-11-29
CUST01496,Amit Choudhary,Male,35,Lucknow,Uttar Pradesh,North,Corporate,2023-04-12
CUST01497,Kiran Gupta,Male,52,Kochi,Kerala,South,Consumer,2024-10-15
CUST01498,Pooja Verma,Female,25,Chandigarh,Chandigarh,North,Small Business,2023-12-13
CUST01499,Divya Patel,Male,46,Kochi,Kerala,South,Corporate,2023-04-26
CUST01500,Divya Singh,Female,19,Pune,Maharashtra,West,Small Business,2022-03-27
CUST01501,Amit Rao,Female,52,Bhubaneswar,Odisha,East,Corporate,2024-05-23
CUST01502,Neha Gupta,Male,34,Chennai,Tamil Nadu,South,Corporate,2025-04-03
CUST01503,Sneha Sharma,Female,44,Ranchi,Jharkhand,East,Small Business,2023-11-15
CUST01504,Rohan Naidu,Female,43,Chandigarh,Chandigarh,North,Consumer,2024-10-14
CUST01505,Amit Mishra,Male,34,Chandigarh,Chandigarh,North,Small Business,2024-04-20
CUST01506,Meera Das,Male,47,Ahmedabad,Gujarat,West,Consumer,2024-11-02
CUST01507,Varun Das,Male,24,Mumbai,Maharashtra,West,Corporate,2023-04-05
CUST01508,Isha Kumar,Male,26,Ranchi,Jharkhand,East,Consumer,2025-04-13
CUST01509,Rahul Das,Male,26,Chennai,Tamil Nadu,South,Small Business,2025-12-14
CUST01510,Kavya Gupta,Male,28,Pune,Maharashtra,West,Corporate,2022-12-14
CUST01511,Isha Mehta,Female,36,Patna,Bihar,East,Small Business,2023-04-24
CUST01512,Divya Gupta,Female,18,Ahmedabad,Gujarat,West,Consumer,2025-07-08
CUST01513,Meera Rao,Female,44,Delhi,Delhi,North,Consumer,2023-06-25
CUST01514,Varun Rao,Male,28,Chennai,Tamil Nadu,South,Consumer,2022-11-05
CUST01515,Kiran Sharma,Male,19,Chennai,Tamil Nadu,South,Consumer,2023-09-24
CUST01516,Isha Choudhary,Male,46,Bengaluru,Karnataka,South,Consumer,2025-05-29
CUST01517,Divya Rao,Male,35,Chennai,Tamil Nadu,South,Corporate,2024-11-09
CUST01518,Meera Singh,Male,22,Pune,Maharashtra,West,Consumer,2025-05-16
CUST01519,Vikram Gupta,Female,46,Kolkata,West Bengal,East,Corporate,2024-10-09
CUST01520,Sneha Gupta,Female,21,Patna,Bihar,East,Consumer,2023-06-20
CUST01521,Ananya Rao,Male,30,Pune,Maharashtra,West,Corporate,2022-02-14
CUST01522,Ananya Rao,Male,41,Kolkata,West Bengal,East,Consumer,2022-11-28
CUST01523,Ananya Joshi,Female,21,Surat,Gujarat,West,Consumer,2022-09-02
CUST01524,Ravi Kumar,Male,44,Hyderabad,Telangana,South,Consumer,2022-05-05
CUST01525,Rahul Kumar,Female,35,Delhi,Delhi,North,Consumer,2023-10-23
CUST01526,Kiran Sharma,Male,39,Jaipur,Rajasthan,North,Consumer,2025-07-12
CUST01527,Divya Joshi,Male,53,Surat,Gujarat,West,Consumer,2024-02-01
CUST01528,Neha Joshi,Female,45,Jaipur,Rajasthan,North,Consumer,2023-06-10
CUST01529,Neha Patel,Male,44,Mumbai,Maharashtra,West,Corporate,2023-11-18
CUST01530,Kiran Gupta,Female,48,Bengaluru,Karnataka,South,Consumer,2025-08-31
CUST01531,Pooja Choudhary,Male,38,Patna,Bihar,East,Consumer,2024-03-11
CUST01532,Varun Das,Female,20,Hyderabad,Telangana,South,Corporate,2023-09-12
CUST01533,Varun Kumar,Male,41,Delhi,Delhi,North,Small Business,2023-06-28
CUST01534,Vikram Kumar,Male,28,Chandigarh,Chandigarh,North,Consumer,2024-04-25
CUST01535,Divya Naidu,Male,39,Hyderabad,Telangana,South,Small Business,2025-08-01
CUST01536,Divya Naidu,Male,18,Surat,Gujarat,West,Consumer,2025-10-15
CUST01537,Meera Verma,Male,33,Surat,Gujarat,West,Consumer,2023-04-25
CUST01538,Nikhil Mishra,Female,25,Chandigarh,Chandigarh,North,Consumer,2022-04-05
CUST01539,Kiran Naidu,Female,37,Lucknow,Uttar Pradesh,North,Consumer,2024-09-11
CUST01540,Amit Das,Male,22,Ahmedabad,Gujarat,West,Corporate,2023-07-29
CUST01541,Swathi Joshi,Female,35,Pune,Maharashtra,West,Consumer,2022-08-24
CUST01542,Sneha Das,Male,29,Patna,Bihar,East,Consumer,2022-12-09
CUST01543,Suresh Gupta,Male,18,Surat,Gujarat,West,Consumer,2022-12-09
CUST01544,Rahul Gupta,Female,38,Surat,Gujarat,West,Small Business,2025-06-03
CUST01545,Kiran Reddy,Male,27,Jaipur,Rajasthan,North,Corporate,2022-09-07
CUST01546,Nikhil Singh,Male,39,Mumbai,Maharashtra,West,Consumer,2022-05-30
CUST01547,Nikhil Kumar,Female,30,Lucknow,Uttar Pradesh,North,Consumer,2023-05-07
CUST01548,Suresh Gupta,Male,31,Kochi,Kerala,South,Consumer,2022-07-20
CUST01549,Kavya Mehta,Female,39,Delhi,Delhi,North,Corporate,2025-07-20
CUST01550,Arjun Mishra,Male,32,Chennai,Tamil Nadu,South,Consumer,2024-05-04
CUST01551,Kavya Choudhary,Male,34,Chandigarh,Chandigarh,North,Corporate,2025-02-18
CUST01552,Rahul Verma,Male,42,Patna,Bihar,East,Consumer,2024-08-26
CUST01553,Kiran Gupta,Female,33,Lucknow,Uttar Pradesh,North,Corporate,2025-11-09
CUST01554,Meera Iyer,Female,41,Kolkata,West Bengal,East,Corporate,2022-12-16
CUST01555,Priya Gupta,Female,31,Bhubaneswar,Odisha,East,Consumer,2024-09-05
CUST01556,Rahul Kumar,Female,35,Jaipur,Rajasthan,North,Consumer,2022-04-22
CUST01557,Vikram Reddy,Male,37,Kolkata,West Bengal,East,Consumer,2025-02-03
CUST01558,Swathi Verma,Female,18,Kolkata,West Bengal,East,Corporate,2023-06-06
CUST01559,Neha Singh,Female,31,Hyderabad,Telangana,South,Consumer,2024-11-15
CUST01560,Sneha Mehta,Male,18,Mumbai,Maharashtra,West,Corporate,2024-05-24
CUST01561,Meera Rao,Female,26,Bengaluru,Karnataka,South,Consumer,2024-03-17
CUST01562,Kavya Rao,Male,27,Patna,Bihar,East,Consumer,2025-03-10
CUST01563,Varun Iyer,Male,37,Chandigarh,Chandigarh,North,Consumer,2025-10-26
CUST01564,Vikram Reddy,Female,38,Ranchi,Jharkhand,East,Corporate,2025-07-02
CUST01565,Suresh Gupta,Female,40,Hyderabad,Telangana,South,Consumer,2024-10-01
CUST01566,Suresh Verma,Female,41,Mumbai,Maharashtra,West,Consumer,2023-10-02
CUST01567,Swathi Singh,Male,35,Chandigarh,Chandigarh,North,Small Business,2024-12-16
CUST01568,Sneha Reddy,Female,52,Lucknow,Uttar Pradesh,North,Corporate,2022-04-09
CUST01569,Pooja Gupta,Male,26,Ahmedabad,Gujarat,West,Corporate,2023-08-04
CUST01570,Suresh Das,Female,29,Delhi,Delhi,North,Consumer,2023-09-07
CUST01571,Priya Sharma,Female,18,Patna,Bihar,East,Corporate,2025-08-19
CUST01572,Nikhil Gupta,Female,47,Bengaluru,Karnataka,South,Consumer,2022-07-24
CUST01573,Pooja Iyer,Female,53,Lucknow,Uttar Pradesh,North,Corporate,2023-10-12
CUST01574,Arjun Iyer,Female,37,Bhubaneswar,Odisha,East,Consumer,2025-08-01
CUST01575,Swathi Rao,Male,51,Lucknow,Uttar Pradesh,North,Consumer,2023-08-30
CUST01576,Ravi Singh,Male,34,Bhubaneswar,Odisha,East,Consumer,2024-07-26
CUST01577,Rahul Mehta,Female,20,Chandigarh,Chandigarh,North,Corporate,2023-07-13
CUST01578,Nikhil Das,Male,44,Mumbai,Maharashtra,West,Small Business,2023-02-06
CUST01579,Rohan Joshi,Male,31,Bhubaneswar,Odisha,East,Consumer,2024-03-31
CUST01580,Vikram Joshi,Female,36,Kochi,Kerala,South,Consumer,2023-05-06
CUST01581,Kiran Kumar,Male,40,Hyderabad,Telangana,South,Consumer,2023-05-30
CUST01582,Ravi Choudhary,Male,27,Hyderabad,Telangana,South,Consumer,2024-08-09
CUST01583,Ravi Joshi,Female,26,Bengaluru,Karnataka,South,Small Business,2023-05-27
CUST01584,Sneha Kumar,Female,23,Patna,Bihar,East,Corporate,2025-11-01
CUST01585,Ananya Iyer,Female,22,Bhubaneswar,Odisha,East,Consumer,2023-08-09
CUST01586,Varun Gupta,Male,35,Patna,Bihar,East,Small Business,2023-12-19
CUST01587,Nikhil Singh,Male,38,Chennai,Tamil Nadu,South,Consumer,2024-08-07
CUST01588,Pooja Naidu,Female,36,Mumbai,Maharashtra,West,Consumer,2024-08-04
CUST01589,Amit Verma,Male,42,Ranchi,Jharkhand,East,Consumer,2024-09-29
CUST01590,Amit Das,Male,58,Chennai,Tamil Nadu,South,Consumer,2024-01-01
CUST01591,Pooja Patel,Male,33,Delhi,Delhi,North,Corporate,2023-09-11
CUST01592,Ananya Kumar,Male,41,Surat,Gujarat,West,Consumer,2022-10-04
CUST01593,Kavya Reddy,Female,44,Chandigarh,Chandigarh,North,Consumer,2023-10-20
CUST01594,Meera Singh,Male,44,Patna,Bihar,East,Consumer,2022-10-06
CUST01595,Varun Das,Male,40,Patna,Bihar,East,Consumer,2022-12-26
CUST01596,Isha Gupta,Female,41,Pune,Maharashtra,West,Consumer,2024-02-17
CUST01597,Kavya Sharma,Male,23,Patna,Bihar,East,Consumer,2024-12-09
CUST01598,Neha Singh,Female,24,Jaipur,Rajasthan,North,Consumer,2024-04-25
CUST01599,Ravi Kumar,Male,29,Mumbai,Maharashtra,West,Consumer,2025-10-04
CUST01600,Ananya Singh,Female,34,Kochi,Kerala,South,Consumer,2024-10-30
CUST01601,Sneha Mishra,Female,30,Delhi,Delhi,North,Consumer,2023-02-01
CUST01602,Swathi Sharma,Female,46,Bhubaneswar,Odisha,East,Small Business,2023-03-17
CUST01603,Ananya Verma,Male,27,Mumbai,Maharashtra,West,Consumer,2022-09-05
CUST01604,Rahul Das,Female,42,Mumbai,Maharashtra,West,Consumer,2023-08-03
CUST01605,Kiran Verma,Female,42,Ranchi,Jharkhand,East,Corporate,2022-08-23
CUST01606,Nikhil Rao,Female,35,Surat,Gujarat,West,Corporate,2025-01-19
CUST01607,Kavya Reddy,Female,26,Pune,Maharashtra,West,Small Business,2022-04-25
CUST01608,Swathi Joshi,Female,33,Ahmedabad,Gujarat,West,Consumer,2022-10-30
CUST01609,Arjun Iyer,Male,30,Ranchi,Jharkhand,East,Corporate,2025-02-14
CUST01610,Rahul Verma,Male,24,Pune,Maharashtra,West,Corporate,2023-03-19
CUST01611,Ravi Rao,Male,40,Delhi,Delhi,North,Small Business,2022-02-26
CUST01612,Kavya Patel,Male,19,Mumbai,Maharashtra,West,Consumer,2025-07-04
CUST01613,Ravi Das,Female,39,Jaipur,Rajasthan,North,Consumer,2024-07-23
CUST01614,Ananya Singh,Male,26,Chennai,Tamil Nadu,South,Consumer,2023-03-10
CUST01615,Rahul Joshi,Male,23,Patna,Bihar,East,Corporate,2022-02-11
CUST01616,Neha Mishra,Female,54,Patna,Bihar,East,Consumer,2024-12-02
CUST01617,Meera Iyer,Female,40,Chennai,Tamil Nadu,South,Consumer,2024-09-12
CUST01618,Isha Gupta,Female,18,Ahmedabad,Gujarat,West,Consumer,2024-08-24
CUST01619,Kiran Choudhary,Male,26,Mumbai,Maharashtra,West,Consumer,2024-08-07
CUST01620,Sneha Rao,Male,48,Hyderabad,Telangana,South,Consumer,2024-02-10
CUST01621,Nikhil Choudhary,Male,19,Chandigarh,Chandigarh,North,Consumer,2025-08-25
CUST01622,Ananya Das,Male,29,Ahmedabad,Gujarat,West,Corporate,2024-09-28
CUST01623,Kavya Mishra,Female,28,Ahmedabad,Gujarat,West,Corporate,2025-03-02
CUST01624,Vikram Reddy,Female,37,Surat,Gujarat,West,Consumer,2023-02-18
CUST01625,Kavya Mehta,Male,37,Delhi,Delhi,North,Consumer,2023-11-28
CUST01626,Nikhil Mishra,Female,32,Lucknow,Uttar Pradesh,North,Corporate,2024-02-03
CUST01627,Kavya Joshi,Male,30,Pune,Maharashtra,West,Small Business,2022-01-13
CUST01628,Divya Naidu,Female,35,Patna,Bihar,East,Consumer,2025-04-18
CUST01629,Sneha Rao,Female,30,Delhi,Delhi,North,Small Business,2024-12-19
CUST01630,Nikhil Sharma,Male,30,Jaipur,Rajasthan,North,Corporate,2025-11-29
CUST01631,Arjun Kumar,Male,18,Kochi,Kerala,South,Consumer,2024-08-13
CUST01632,Amit Singh,Female,35,Pune,Maharashtra,West,Small Business,2022-09-22
CUST01633,Suresh Mehta,Male,42,Bengaluru,Karnataka,South,Corporate,2025-04-01
CUST01634,Varun Sharma,Male,18,Pune,Maharashtra,West,Consumer,2025-08-12
CUST01635,Isha Rao,Female,37,Kochi,Kerala,South,Consumer,2025-12-27
CUST01636,Ananya Reddy,Male,30,Ahmedabad,Gujarat,West,Consumer,2024-09-23
CUST01637,Swathi Verma,Female,32,Lucknow,Uttar Pradesh,North,Consumer,2022-03-19
CUST01638,Arjun Verma,Female,40,Bengaluru,Karnataka,South,Consumer,2025-01-05
CUST01639,Swathi Choudhary,Female,26,Ranchi,Jharkhand,East,Corporate,2024-09-20
CUST01640,Isha Mehta,Male,26,Hyderabad,Telangana,South,Small Business,2024-08-17
CUST01641,Suresh Das,Female,29,Lucknow,Uttar Pradesh,North,Corporate,2024-12-17
CUST01642,Isha Mishra,Male,23,Bhubaneswar,Odisha,East,Consumer,2025-08-05
CUST01643,Amit Naidu,Female,27,Chennai,Tamil Nadu,South,Consumer,2025-04-02
CUST01644,Vikram Gupta,Female,35,Ranchi,Jharkhand,East,Consumer,2022-07-07
CUST01645,Kiran Gupta,Male,46,Patna,Bihar,East,Consumer,2024-12-24
CUST01646,Swathi Reddy,Female,32,Chennai,Tamil Nadu,South,Corporate,2025-01-21
CUST01647,Pooja Kumar,Male,41,Hyderabad,Telangana,South,Corporate,2024-10-05
CUST01648,Divya Singh,Female,50,Patna,Bihar,East,Corporate,2024-03-11
CUST01649,Sneha Rao,Male,41,Jaipur,Rajasthan,North,Consumer,2022-03-06
CUST01650,Divya Verma,Male,30,Patna,Bihar,East,Corporate,2025-05-17
CUST01651,Pooja Patel,Male,37,Bhubaneswar,Odisha,East,Consumer,2022-08-01
CUST01652,Swathi Mehta,Female,18,Kolkata,West Bengal,East,Consumer,2024-10-10
CUST01653,Neha Mishra,Male,37,Kochi,Kerala,South,Consumer,2022-08-25
CUST01654,Meera Joshi,Male,28,Ahmedabad,Gujarat,West,Consumer,2023-01-11
CUST01655,Suresh Das,Male,27,Lucknow,Uttar Pradesh,North,Consumer,2024-12-20
CUST01656,Kiran Choudhary,Female,39,Delhi,Delhi,North,Consumer,2023-09-26
CUST01657,Neha Sharma,Male,22,Ahmedabad,Gujarat,West,Small Business,2024-04-28
CUST01658,Ananya Mehta,Female,18,Mumbai,Maharashtra,West,Consumer,2025-07-24
CUST01659,Varun Patel,Male,27,Bhubaneswar,Odisha,East,Consumer,2024-06-28
CUST01660,Nikhil Iyer,Female,48,Ranchi,Jharkhand,East,Small Business,2022-03-05
CUST01661,Rahul Choudhary,Male,31,Mumbai,Maharashtra,West,Corporate,2025-12-20
CUST01662,Neha Reddy,Female,38,Chennai,Tamil Nadu,South,Consumer,2022-10-23
CUST01663,Rahul Das,Male,31,Jaipur,Rajasthan,North,Corporate,2022-01-29
CUST01664,Kiran Gupta,Male,22,Ahmedabad,Gujarat,West,Small Business,2022-04-27
CUST01665,Varun Mehta,Female,27,Surat,Gujarat,West,Small Business,2025-06-10
CUST01666,Nikhil Joshi,Male,18,Surat,Gujarat,West,Consumer,2023-08-28
CUST01667,Rohan Verma,Female,23,Chennai,Tamil Nadu,South,Consumer,2025-10-31
CUST01668,Varun Das,Male,30,Bengaluru,Karnataka,South,Consumer,2025-11-21
CUST01669,Sneha Naidu,Female,18,Hyderabad,Telangana,South,Consumer,2025-11-09
CUST01670,Nikhil Patel,Male,23,Jaipur,Rajasthan,North,Consumer,2025-08-22
CUST01671,Priya Patel,Male,36,Bhubaneswar,Odisha,East,Corporate,2023-02-21
CUST01672,Isha Kumar,Female,50,Ahmedabad,Gujarat,West,Small Business,2022-05-22
CUST01673,Kavya Joshi,Female,33,Pune,Maharashtra,West,Consumer,2023-10-11
CUST01674,Ananya Rao,Male,45,Hyderabad,Telangana,South,Consumer,2024-10-26
CUST01675,Rohan Kumar,Male,46,Mumbai,Maharashtra,West,Consumer,2022-11-26
CUST01676,Kavya Singh,Male,39,Bengaluru,Karnataka,South,Consumer,2024-09-26
CUST01677,Ananya Das,Male,41,Delhi,Delhi,North,Consumer,2022-10-02
CUST01678,Kavya Gupta,Male,29,Bengaluru,Karnataka,South,Corporate,2025-11-11
CUST01679,Neha Verma,Male,38,Bhubaneswar,Odisha,East,Consumer,2025-08-14
CUST01680,Meera Choudhary,Female,42,Ranchi,Jharkhand,East,Small Business,2022-11-28
CUST01681,Swathi Kumar,Male,37,Mumbai,Maharashtra,West,Small Business,2023-04-03
CUST01682,Arjun Sharma,Male,48,Bhubaneswar,Odisha,East,Consumer,2025-05-09
CUST01683,Ravi Das,Female,25,Lucknow,Uttar Pradesh,North,Corporate,2023-04-25
CUST01684,Isha Gupta,Male,47,Pune,Maharashtra,West,Corporate,2025-02-04
CUST01685,Rohan Gupta,Male,35,Bengaluru,Karnataka,South,Consumer,2024-05-17
CUST01686,Kiran Das,Male,34,Hyderabad,Telangana,South,Consumer,2022-12-14
CUST01687,Isha Naidu,Male,34,Bengaluru,Karnataka,South,Consumer,2023-10-11
CUST01688,Suresh Reddy,Male,19,Kochi,Kerala,South,Consumer,2022-06-15
CUST01689,Arjun Das,Female,41,Chandigarh,Chandigarh,North,Corporate,2022-08-10
CUST01690,Sneha Reddy,Female,32,Surat,Gujarat,West,Consumer,2025-05-10
CUST01691,Vikram Mehta,Female,32,Chennai,Tamil Nadu,South,Consumer,2023-10-02
CUST01692,Kiran Gupta,Female,34,Jaipur,Rajasthan,North,Consumer,2022-03-31
CUST01693,Pooja Kumar,Female,40,Kochi,Kerala,South,Consumer,2023-02-07
CUST01694,Isha Patel,Male,38,Kolkata,West Bengal,East,Consumer,2024-11-05
CUST01695,Kavya Reddy,Male,42,Hyderabad,Telangana,South,Corporate,2022-02-20
CUST01696,Meera Kumar,Female,24,Patna,Bihar,East,Corporate,2022-11-12
CUST01697,Nikhil Naidu,Male,35,Hyderabad,Telangana,South,Corporate,2024-05-03
CUST01698,Divya Gupta,Female,60,Jaipur,Rajasthan,North,Small Business,2022-05-29
CUST01699,Rahul Rao,Male,30,Bhubaneswar,Odisha,East,Consumer,2024-10-20
CUST01700,Ananya Kumar,Female,22,Delhi,Delhi,North,Corporate,2024-11-26
CUST01701,Kiran Rao,Male,43,Bhubaneswar,Odisha,East,Consumer,2025-01-11
CUST01702,Rahul Das,Male,26,Pune,Maharashtra,West,Consumer,2022-12-10
CUST01703,Nikhil Rao,Female,39,Bengaluru,Karnataka,South,Consumer,2023-08-15
CUST01704,Isha Gupta,Male,32,Kolkata,West Bengal,East,Consumer,2024-12-20
CUST01705,Meera Rao,Female,43,Chandigarh,Chandigarh,North,Consumer,2024-01-03
CUST01706,Ravi Mishra,Female,43,Delhi,Delhi,North,Consumer,2023-04-07
CUST01707,Divya Singh,Female,36,Chennai,Tamil Nadu,South,Small Business,2025-10-27
CUST01708,Isha Rao,Male,33,Ranchi,Jharkhand,East,Consumer,2024-09-05
CUST01709,Rahul Joshi,Male,18,Bhubaneswar,Odisha,East,Small Business,2024-05-14
CUST01710,Priya Das,Female,29,Kolkata,West Bengal,East,Corporate,2024-07-15
CUST01711,Divya Sharma,Male,27,Kochi,Kerala,South,Consumer,2023-07-11
CUST01712,Vikram Mishra,Female,30,Ranchi,Jharkhand,East,Consumer,2025-07-27
CUST01713,Suresh Rao,Male,23,Kochi,Kerala,South,Small Business,2023-01-21
CUST01714,Varun Joshi,Female,31,Delhi,Delhi,North,Consumer,2024-05-01
CUST01715,Isha Iyer,Female,41,Jaipur,Rajasthan,North,Consumer,2023-05-08
CUST01716,Nikhil Iyer,Male,45,Bengaluru,Karnataka,South,Consumer,2025-12-16
CUST01717,Suresh Reddy,Male,28,Chandigarh,Chandigarh,North,Consumer,2024-07-27
CUST01718,Rahul Choudhary,Male,37,Lucknow,Uttar Pradesh,North,Consumer,2025-10-09
CUST01719,Rahul Singh,Male,24,Chennai,Tamil Nadu,South,Consumer,2025-12-17
CUST01720,Vikram Sharma,Female,36,Chandigarh,Chandigarh,North,Consumer,2025-12-10
CUST01721,Meera Choudhary,Male,31,Patna,Bihar,East,Consumer,2022-02-11
CUST01722,Ananya Das,Female,47,Patna,Bihar,East,Consumer,2024-03-28
CUST01723,Kiran Mishra,Male,19,Delhi,Delhi,North,Consumer,2024-11-03
CUST01724,Rohan Choudhary,Male,22,Lucknow,Uttar Pradesh,North,Small Business,2025-01-11
CUST01725,Sneha Naidu,Female,37,Chandigarh,Chandigarh,North,Consumer,2025-07-14
CUST01726,Amit Rao,Male,35,Patna,Bihar,East,Consumer,2022-01-21
CUST01727,Pooja Mehta,Female,35,Bhubaneswar,Odisha,East,Consumer,2023-05-26
CUST01728,Ravi Mishra,Female,40,Ranchi,Jharkhand,East,Corporate,2023-02-10
CUST01729,Nikhil Iyer,Female,36,Ranchi,Jharkhand,East,Consumer,2022-04-17
CUST01730,Arjun Kumar,Female,41,Mumbai,Maharashtra,West,Consumer,2022-07-08
CUST01731,Divya Sharma,Male,49,Hyderabad,Telangana,South,Corporate,2022-07-19
CUST01732,Priya Gupta,Female,37,Kolkata,West Bengal,East,Small Business,2025-01-05
CUST01733,Rohan Singh,Male,22,Kochi,Kerala,South,Consumer,2023-09-30
CUST01734,Rahul Patel,Male,34,Ranchi,Jharkhand,East,Consumer,2022-07-02
CUST01735,Swathi Rao,Female,18,Mumbai,Maharashtra,West,Small Business,2024-11-09
CUST01736,Priya Choudhary,Female,31,Bengaluru,Karnataka,South,Small Business,2024-06-08
CUST01737,Ananya Joshi,Male,34,Pune,Maharashtra,West,Corporate,2022-09-20
CUST01738,Varun Sharma,Female,23,Chennai,Tamil Nadu,South,Consumer,2024-09-01
CUST01739,Varun Choudhary,Male,49,Surat,Gujarat,West,Consumer,2023-04-10
CUST01740,Neha Gupta,Male,41,Ranchi,Jharkhand,East,Consumer,2025-07-30
CUST01741,Isha Sharma,Male,24,Bhubaneswar,Odisha,East,Consumer,2023-12-23
CUST01742,Rahul Rao,Female,23,Kochi,Kerala,South,Consumer,2023-11-25
CUST01743,Varun Kumar,Male,44,Kochi,Kerala,South,Consumer,2024-07-29
CUST01744,Varun Iyer,Female,48,Chennai,Tamil Nadu,South,Consumer,2025-06-18
CUST01745,Ananya Iyer,Male,38,Bengaluru,Karnataka,South,Corporate,2025-11-07
CUST01746,Suresh Joshi,Male,31,Patna,Bihar,East,Corporate,2025-06-07
CUST01747,Vikram Reddy,Male,26,Delhi,Delhi,North,Consumer,2022-09-17
CUST01748,Isha Joshi,Female,56,Delhi,Delhi,North,Consumer,2024-09-12
CUST01749,Neha Gupta,Female,27,Kolkata,West Bengal,East,Small Business,2023-11-21
CUST01750,Isha Kumar,Male,32,Lucknow,Uttar Pradesh,North,Consumer,2022-02-22
CUST01751,Kavya Kumar,Male,18,Pune,Maharashtra,West,Consumer,2023-07-01
CUST01752,Ravi Naidu,Male,36,Hyderabad,Telangana,South,Corporate,2023-07-14
CUST01753,Nikhil Kumar,Male,44,Pune,Maharashtra,West,Consumer,2024-02-07
CUST01754,Ravi Naidu,Male,32,Chennai,Tamil Nadu,South,Consumer,2023-03-13
CUST01755,Swathi Gupta,Male,48,Patna,Bihar,East,Corporate,2024-11-28
CUST01756,Divya Sharma,Male,41,Jaipur,Rajasthan,North,Corporate,2024-03-29
CUST01757,Sneha Choudhary,Male,54,Patna,Bihar,East,Consumer,2024-01-26
CUST01758,Rohan Gupta,Male,36,Mumbai,Maharashtra,West,Consumer,2025-01-27
CUST01759,Isha Patel,Male,29,Surat,Gujarat,West,Corporate,2022-08-19
CUST01760,Isha Gupta,Female,29,Patna,Bihar,East,Corporate,2025-07-10
CUST01761,Suresh Joshi,Female,18,Bengaluru,Karnataka,South,Consumer,2023-09-18
CUST01762,Pooja Patel,Male,43,Patna,Bihar,East,Small Business,2024-02-15
CUST01763,Rahul Naidu,Female,19,Pune,Maharashtra,West,Consumer,2022-10-20
CUST01764,Varun Iyer,Male,51,Surat,Gujarat,West,Small Business,2023-03-04
CUST01765,Swathi Rao,Female,37,Chennai,Tamil Nadu,South,Consumer,2024-03-22
CUST01766,Sneha Patel,Male,18,Lucknow,Uttar Pradesh,North,Small Business,2025-05-10
CUST01767,Suresh Naidu,Male,23,Mumbai,Maharashtra,West,Consumer,2025-10-17
CUST01768,Ravi Reddy,Male,42,Bengaluru,Karnataka,South,Small Business,2023-12-16
CUST01769,Amit Sharma,Female,45,Ahmedabad,Gujarat,West,Small Business,2025-09-11
CUST01770,Priya Das,Male,46,Kochi,Kerala,South,Consumer,2023-01-31
CUST01771,Pooja Patel,Female,57,Bhubaneswar,Odisha,East,Corporate,2023-05-17
CUST01772,Kavya Mehta,Female,30,Chandigarh,Chandigarh,North,Consumer,2022-01-26
CUST01773,Suresh Sharma,Male,25,Kochi,Kerala,South,Corporate,2022-11-06
CUST01774,Amit Choudhary,Male,32,Ahmedabad,Gujarat,West,Consumer,2023-03-26
CUST01775,Priya Gupta,Female,29,Mumbai,Maharashtra,West,Corporate,2024-03-02
CUST01776,Priya Joshi,Female,32,Patna,Bihar,East,Consumer,2025-08-13
CUST01777,Rohan Das,Male,23,Bengaluru,Karnataka,South,Consumer,2023-07-15
CUST01778,Neha Iyer,Male,52,Mumbai,Maharashtra,West,Consumer,2025-06-22
CUST01779,Arjun Gupta,Male,27,Patna,Bihar,East,Consumer,2025-10-13
CUST01780,Vikram Mehta,Male,41,Jaipur,Rajasthan,North,Consumer,2024-01-26
CUST01781,Swathi Joshi,Female,20,Mumbai,Maharashtra,West,Consumer,2023-09-12
CUST01782,Swathi Joshi,Male,22,Patna,Bihar,East,Consumer,2023-11-01
CUST01783,Ananya Mehta,Female,38,Bhubaneswar,Odisha,East,Small Business,2023-09-02
CUST01784,Meera Mehta,Male,26,Ranchi,Jharkhand,East,Consumer,2024-05-29
CUST01785,Arjun Gupta,Male,32,Kochi,Kerala,South,Consumer,2024-04-16
CUST01786,Neha Verma,Male,49,Pune,Maharashtra,West,Corporate,2024-07-14
CUST01787,Rohan Gupta,Female,18,Surat,Gujarat,West,Consumer,2023-04-07
CUST01788,Ananya Das,Male,23,Kochi,Kerala,South,Small Business,2022-01-06
CUST01789,Varun Das,Female,20,Delhi,Delhi,North,Consumer,2025-02-12
CUST01790,Rahul Sharma,Female,33,Chandigarh,Chandigarh,North,Corporate,2025-05-22
CUST01791,Amit Singh,Male,31,Delhi,Delhi,North,Consumer,2022-01-05
CUST01792,Ravi Singh,Female,36,Ahmedabad,Gujarat,West,Consumer,2024-10-08
CUST01793,Pooja Patel,Male,34,Bengaluru,Karnataka,South,Consumer,2022-02-13
CUST01794,Rohan Iyer,Female,56,Delhi,Delhi,North,Consumer,2022-01-23
CUST01795,Amit Reddy,Male,35,Chandigarh,Chandigarh,North,Small Business,2025-05-01
CUST01796,Sneha Rao,Male,44,Kochi,Kerala,South,Consumer,2025-03-23
CUST01797,Varun Kumar,Female,31,Ahmedabad,Gujarat,West,Corporate,2025-10-05
CUST01798,Ravi Joshi,Female,20,Mumbai,Maharashtra,West,Consumer,2024-12-02
CUST01799,Swathi Kumar,Female,29,Ahmedabad,Gujarat,West,Small Business,2025-10-31
CUST01800,Vikram Mehta,Male,55,Surat,Gujarat,West,Consumer,2023-09-26
CUST01801,Ananya Reddy,Male,25,Pune,Maharashtra,West,Corporate,2023-03-06
CUST01802,Varun Naidu,Male,25,Delhi,Delhi,North,Corporate,2022-04-19
CUST01803,Pooja Joshi,Male,27,Ahmedabad,Gujarat,West,Consumer,2024-10-01
CUST01804,Suresh Singh,Male,29,Delhi,Delhi,North,Small Business,2025-04-05
CUST01805,Priya Gupta,Female,33,Surat,Gujarat,West,Corporate,2022-10-29
CUST01806,Rohan Joshi,Female,27,Surat,Gujarat,West,Consumer,2025-01-09
CUST01807,Rohan Iyer,Female,42,Pune,Maharashtra,West,Consumer,2022-03-10
CUST01808,Nikhil Iyer,Male,42,Bhubaneswar,Odisha,East,Corporate,2022-07-23
CUST01809,Suresh Mehta,Male,49,Jaipur,Rajasthan,North,Consumer,2022-09-13
CUST01810,Suresh Verma,Male,41,Bengaluru,Karnataka,South,Consumer,2022-04-23
CUST01811,Rohan Verma,Female,44,Kochi,Kerala,South,Consumer,2024-10-02
CUST01812,Kavya Choudhary,Male,27,Ahmedabad,Gujarat,West,Consumer,2022-06-26
CUST01813,Suresh Naidu,Female,21,Patna,Bihar,East,Consumer,2023-12-11
CUST01814,Suresh Mehta,Female,22,Chandigarh,Chandigarh,North,Consumer,2022-01-27
CUST01815,Sneha Iyer,Male,36,Pune,Maharashtra,West,Consumer,2024-10-09
CUST01816,Ananya Singh,Female,35,Bhubaneswar,Odisha,East,Small Business,2024-07-02
CUST01817,Kavya Verma,Male,27,Kochi,Kerala,South,Consumer,2023-02-25
CUST01818,Ananya Das,Female,31,Chandigarh,Chandigarh,North,Corporate,2023-04-13
CUST01819,Arjun Mehta,Male,25,Delhi,Delhi,North,Consumer,2025-10-27
CUST01820,Vikram Kumar,Male,29,Chennai,Tamil Nadu,South,Consumer,2024-03-12
CUST01821,Swathi Kumar,Male,35,Hyderabad,Telangana,South,Consumer,2023-12-04
CUST01822,Suresh Verma,Female,34,Patna,Bihar,East,Corporate,2025-03-11
CUST01823,Ananya Reddy,Male,35,Lucknow,Uttar Pradesh,North,Consumer,2022-03-12
CUST01824,Ravi Reddy,Female,32,Surat,Gujarat,West,Consumer,2024-07-26
CUST01825,Nikhil Singh,Female,30,Chandigarh,Chandigarh,North,Corporate,2025-04-17
CUST01826,Priya Mehta,Male,37,Mumbai,Maharashtra,West,Small Business,2023-03-19
CUST01827,Isha Kumar,Male,20,Pune,Maharashtra,West,Consumer,2023-12-06
CUST01828,Swathi Choudhary,Female,32,Kolkata,West Bengal,East,Consumer,2025-10-06
CUST01829,Varun Joshi,Female,50,Bhubaneswar,Odisha,East,Consumer,2022-02-06
CUST01830,Isha Naidu,Female,36,Lucknow,Uttar Pradesh,North,Small Business,2024-04-11
CUST01831,Priya Kumar,Male,35,Bengaluru,Karnataka,South,Consumer,2025-07-10
CUST01832,Nikhil Verma,Male,24,Jaipur,Rajasthan,North,Consumer,2023-12-23
CUST01833,Meera Choudhary,Female,28,Surat,Gujarat,West,Consumer,2025-10-03
CUST01834,Ravi Verma,Female,21,Delhi,Delhi,North,Corporate,2024-12-06
CUST01835,Arjun Reddy,Female,40,Lucknow,Uttar Pradesh,North,Consumer,2024-02-29
CUST01836,Divya Patel,Male,33,Delhi,Delhi,North,Small Business,2024-10-15
CUST01837,Vikram Iyer,Male,33,Bengaluru,Karnataka,South,Corporate,2024-03-30
CUST01838,Pooja Rao,Male,43,Patna,Bihar,East,Consumer,2025-10-01
CUST01839,Pooja Sharma,Female,55,Jaipur,Rajasthan,North,Consumer,2025-05-10
CUST01840,Ravi Verma,Male,20,Surat,Gujarat,West,Small Business,2022-01-27
CUST01841,Nikhil Kumar,Male,29,Surat,Gujarat,West,Corporate,2022-10-27
CUST01842,Neha Gupta,Female,49,Ahmedabad,Gujarat,West,Consumer,2024-06-27
CUST01843,Neha Verma,Female,31,Ahmedabad,Gujarat,West,Consumer,2025-12-23
CUST01844,Pooja Reddy,Female,25,Bengaluru,Karnataka,South,Consumer,2023-09-07
CUST01845,Divya Das,Female,32,Mumbai,Maharashtra,West,Consumer,2023-01-01
CUST01846,Priya Sharma,Male,33,Bengaluru,Karnataka,South,Corporate,2024-05-08
CUST01847,Ananya Reddy,Female,25,Delhi,Delhi,North,Consumer,2022-03-23
CUST01848,Arjun Mehta,Male,27,Bhubaneswar,Odisha,East,Small Business,2022-08-04
CUST01849,Neha Sharma,Male,20,Bengaluru,Karnataka,South,Small Business,2025-12-01
CUST01850,Swathi Naidu,Female,47,Lucknow,Uttar Pradesh,North,Consumer,2024-07-08
CUST01851,Isha Patel,Male,49,Lucknow,Uttar Pradesh,North,Consumer,2022-11-08
CUST01852,Neha Patel,Male,19,Kolkata,West Bengal,East,Corporate,2025-10-23
CUST01853,Pooja Mehta,Female,24,Delhi,Delhi,North,Corporate,2023-03-13
CUST01854,Meera Patel,Male,38,Kolkata,West Bengal,East,Corporate,2024-05-21
CUST01855,Ravi Rao,Female,25,Mumbai,Maharashtra,West,Corporate,2023-07-03
CUST01856,Ananya Mehta,Male,25,Delhi,Delhi,North,Small Business,2022-08-28
CUST01857,Kiran Singh,Male,30,Pune,Maharashtra,West,Corporate,2025-04-27
CUST01858,Isha Mishra,Male,39,Ranchi,Jharkhand,East,Consumer,2022-03-05
CUST01859,Priya Naidu,Female,29,Kolkata,West Bengal,East,Consumer,2022-03-25
CUST01860,Pooja Verma,Male,36,Lucknow,Uttar Pradesh,North,Consumer,2023-07-30
CUST01861,Neha Iyer,Female,39,Mumbai,Maharashtra,West,Consumer,2025-09-01
CUST01862,Kiran Sharma,Female,23,Bhubaneswar,Odisha,East,Consumer,2025-03-29
CUST01863,Amit Mehta,Female,28,Ranchi,Jharkhand,East,Consumer,2025-09-21
CUST01864,Priya Reddy,Female,35,Pune,Maharashtra,West,Consumer,2022-10-08
CUST01865,Priya Verma,Male,35,Chennai,Tamil Nadu,South,Consumer,2022-04-27
CUST01866,Isha Mehta,Male,38,Surat,Gujarat,West,Consumer,2023-06-16
CUST01867,Ravi Mehta,Male,34,Jaipur,Rajasthan,North,Consumer,2025-11-29
CUST01868,Priya Singh,Male,45,Patna,Bihar,East,Consumer,2023-02-02
CUST01869,Varun Gupta,Female,30,Delhi,Delhi,North,Small Business,2025-02-26
CUST01870,Nikhil Patel,Female,55,Ranchi,Jharkhand,East,Consumer,2023-08-15
CUST01871,Vikram Reddy,Female,45,Ahmedabad,Gujarat,West,Consumer,2025-07-08
CUST01872,Amit Singh,Female,33,Ranchi,Jharkhand,East,Consumer,2022-03-20
CUST01873,Rahul Rao,Male,34,Chennai,Tamil Nadu,South,Consumer,2024-10-13
CUST01874,Rohan Reddy,Female,24,Bengaluru,Karnataka,South,Consumer,2025-01-08
CUST01875,Swathi Choudhary,Female,38,Bengaluru,Karnataka,South,Consumer,2025-01-11
CUST01876,Divya Patel,Male,31,Kolkata,West Bengal,East,Small Business,2023-05-14
CUST01877,Priya Kumar,Male,38,Bengaluru,Karnataka,South,Corporate,2025-02-17
CUST01878,Arjun Reddy,Female,20,Kochi,Kerala,South,Consumer,2022-06-07
CUST01879,Rohan Verma,Male,18,Bengaluru,Karnataka,South,Consumer,2024-04-29
CUST01880,Vikram Naidu,Female,37,Chennai,Tamil Nadu,South,Corporate,2024-03-20
CUST01881,Isha Kumar,Male,25,Ahmedabad,Gujarat,West,Corporate,2022-04-27
CUST01882,Amit Gupta,Male,29,Mumbai,Maharashtra,West,Corporate,2025-07-28
CUST01883,Swathi Patel,Male,33,Patna,Bihar,East,Corporate,2025-03-11
CUST01884,Kavya Reddy,Female,24,Patna,Bihar,East,Consumer,2024-10-04
CUST01885,Isha Sharma,Male,26,Kolkata,West Bengal,East,Consumer,2025-05-03
CUST01886,Neha Iyer,Male,25,Surat,Gujarat,West,Small Business,2025-07-05
CUST01887,Ananya Das,Female,32,Mumbai,Maharashtra,West,Consumer,2023-08-22
CUST01888,Amit Sharma,Female,33,Bengaluru,Karnataka,South,Corporate,2023-02-23
CUST01889,Varun Iyer,Female,39,Jaipur,Rajasthan,North,Consumer,2022-04-02
CUST01890,Amit Patel,Female,27,Delhi,Delhi,North,Consumer,2024-08-27
CUST01891,Meera Reddy,Female,36,Jaipur,Rajasthan,North,Consumer,2023-10-01
CUST01892,Swathi Joshi,Male,18,Lucknow,Uttar Pradesh,North,Corporate,2023-04-15
CUST01893,Nikhil Verma,Male,30,Ahmedabad,Gujarat,West,Corporate,2025-12-14
CUST01894,Ravi Singh,Female,41,Pune,Maharashtra,West,Consumer,2025-01-23
CUST01895,Sneha Choudhary,Male,37,Surat,Gujarat,West,Corporate,2024-05-08
CUST01896,Ravi Choudhary,Male,41,Surat,Gujarat,West,Small Business,2024-10-03
CUST01897,Varun Singh,Male,46,Chennai,Tamil Nadu,South,Consumer,2023-05-05
CUST01898,Amit Choudhary,Male,58,Chennai,Tamil Nadu,South,Small Business,2022-03-03
CUST01899,Swathi Naidu,Male,38,Chennai,Tamil Nadu,South,Consumer,2023-05-02
CUST01900,Isha Mishra,Female,30,Jaipur,Rajasthan,North,Consumer,2022-05-31
CUST01901,Sneha Kumar,Male,32,Bengaluru,Karnataka,South,Consumer,2022-05-27
CUST01902,Arjun Gupta,Male,46,Chandigarh,Chandigarh,North,Consumer,2024-11-01
CUST01903,Suresh Das,Male,39,Pune,Maharashtra,West,Consumer,2025-04-04
CUST01904,Pooja Kumar,Male,56,Lucknow,Uttar Pradesh,North,Consumer,2022-04-15
CUST01905,Vikram Naidu,Male,49,Bengaluru,Karnataka,South,Consumer,2024-05-14
CUST01906,Suresh Mishra,Male,33,Bengaluru,Karnataka,South,Small Business,2025-11-06
CUST01907,Arjun Gupta,Male,25,Kochi,Kerala,South,Consumer,2022-12-14
CUST01908,Varun Singh,Female,31,Pune,Maharashtra,West,Consumer,2022-02-22
CUST01909,Ananya Reddy,Male,38,Mumbai,Maharashtra,West,Consumer,2025-05-26
CUST01910,Meera Choudhary,Male,31,Bengaluru,Karnataka,South,Consumer,2024-02-16
CUST01911,Suresh Iyer,Male,32,Ahmedabad,Gujarat,West,Consumer,2024-11-25
CUST01912,Neha Patel,Female,22,Mumbai,Maharashtra,West,Consumer,2022-04-14
CUST01913,Suresh Gupta,Female,33,Hyderabad,Telangana,South,Consumer,2022-11-03
CUST01914,Isha Joshi,Female,31,Surat,Gujarat,West,Corporate,2023-07-29
CUST01915,Meera Kumar,Male,36,Kochi,Kerala,South,Consumer,2023-10-31
CUST01916,Amit Patel,Male,33,Chennai,Tamil Nadu,South,Small Business,2025-09-21
CUST01917,Pooja Sharma,Male,52,Lucknow,Uttar Pradesh,North,Small Business,2025-12-22
CUST01918,Kavya Mishra,Male,18,Delhi,Delhi,North,Corporate,2022-11-03
CUST01919,Rohan Singh,Female,47,Mumbai,Maharashtra,West,Small Business,2023-08-13
CUST01920,Arjun Verma,Female,47,Pune,Maharashtra,West,Corporate,2023-03-02
CUST01921,Ananya Verma,Male,18,Bhubaneswar,Odisha,East,Corporate,2022-01-10
CUST01922,Ananya Gupta,Male,30,Ahmedabad,Gujarat,West,Consumer,2025-01-06
CUST01923,Nikhil Reddy,Male,29,Mumbai,Maharashtra,West,Corporate,2022-02-16
CUST01924,Rohan Choudhary,Male,37,Bengaluru,Karnataka,South,Corporate,2024-01-24
CUST01925,Sneha Sharma,Male,42,Kolkata,West Bengal,East,Consumer,2025-05-10
CUST01926,Ananya Verma,Female,35,Surat,Gujarat,West,Consumer,2024-12-10
CUST01927,Varun Mehta,Female,35,Ranchi,Jharkhand,East,Corporate,2025-06-11
CUST01928,Isha Mishra,Female,34,Jaipur,Rajasthan,North,Small Business,2024-06-11
CUST01929,Varun Joshi,Female,51,Delhi,Delhi,North,Small Business,2023-01-02
CUST01930,Ravi Mehta,Female,42,Ranchi,Jharkhand,East,Consumer,2022-10-31
CUST01931,Kiran Rao,Male,41,Kochi,Kerala,South,Consumer,2023-11-21
CUST01932,Varun Reddy,Male,28,Surat,Gujarat,West,Consumer,2022-10-13
CUST01933,Swathi Joshi,Male,18,Hyderabad,Telangana,South,Consumer,2023-02-16
CUST01934,Divya Kumar,Male,29,Ranchi,Jharkhand,East,Consumer,2023-12-05
CUST01935,Suresh Iyer,Male,32,Ahmedabad,Gujarat,West,Small Business,2025-07-06
CUST01936,Swathi Mehta,Female,27,Hyderabad,Telangana,South,Small Business,2023-12-13
CUST01937,Suresh Rao,Female,29,Ahmedabad,Gujarat,West,Corporate,2022-06-26
CUST01938,Vikram Mishra,Female,18,Hyderabad,Telangana,South,Consumer,2024-01-21
CUST01939,Amit Verma,Male,24,Mumbai,Maharashtra,West,Small Business,2023-05-27
CUST01940,Suresh Mishra,Male,26,Chennai,Tamil Nadu,South,Small Business,2024-09-13
CUST01941,Meera Verma,Female,35,Bhubaneswar,Odisha,East,Consumer,2023-05-22
CUST01942,Neha Singh,Male,42,Delhi,Delhi,North,Corporate,2022-10-02
CUST01943,Varun Kumar,Female,23,Chandigarh,Chandigarh,North,Small Business,2022-02-08
CUST01944,Suresh Mehta,Female,40,Patna,Bihar,East,Corporate,2024-01-29
CUST01945,Suresh Mishra,Male,46,Ahmedabad,Gujarat,West,Corporate,2025-02-11
CUST01946,Meera Kumar,Female,37,Chennai,Tamil Nadu,South,Corporate,2022-10-15
CUST01947,Vikram Kumar,Male,51,Jaipur,Rajasthan,North,Consumer,2022-08-01
CUST01948,Neha Singh,Female,28,Bengaluru,Karnataka,South,Consumer,2025-09-05
CUST01949,Ravi Naidu,Male,22,Patna,Bihar,East,Consumer,2022-02-01
CUST01950,Rahul Rao,Male,40,Kochi,Kerala,South,Consumer,2023-08-24
CUST01951,Nikhil Rao,Female,48,Jaipur,Rajasthan,North,Corporate,2024-05-18
CUST01952,Neha Mehta,Male,32,Ranchi,Jharkhand,East,Corporate,2024-11-24
CUST01953,Isha Choudhary,Male,46,Hyderabad,Telangana,South,Small Business,2022-01-31
CUST01954,Kiran Naidu,Female,40,Kolkata,West Bengal,East,Consumer,2024-08-08
CUST01955,Priya Sharma,Female,26,Lucknow,Uttar Pradesh,North,Consumer,2022-01-18
CUST01956,Kavya Mehta,Female,39,Patna,Bihar,East,Consumer,2023-06-12
CUST01957,Amit Kumar,Male,32,Chandigarh,Chandigarh,North,Corporate,2025-08-26
CUST01958,Arjun Mehta,Male,24,Mumbai,Maharashtra,West,Consumer,2022-04-01
CUST01959,Varun Iyer,Female,39,Surat,Gujarat,West,Corporate,2023-10-06
CUST01960,Amit Verma,Female,48,Patna,Bihar,East,Small Business,2022-02-07
CUST01961,Meera Sharma,Male,41,Hyderabad,Telangana,South,Consumer,2023-04-13
CUST01962,Meera Joshi,Female,27,Hyderabad,Telangana,South,Corporate,2022-03-23
CUST01963,Rahul Reddy,Male,32,Chandigarh,Chandigarh,North,Corporate,2022-01-01
CUST01964,Sneha Naidu,Female,33,Surat,Gujarat,West,Small Business,2023-05-26
CUST01965,Rohan Singh,Male,45,Bengaluru,Karnataka,South,Corporate,2024-01-26
CUST01966,Varun Mehta,Female,49,Ahmedabad,Gujarat,West,Consumer,2025-02-06
CUST01967,Vikram Rao,Male,37,Surat,Gujarat,West,Consumer,2022-11-25
CUST01968,Ravi Kumar,Male,44,Ahmedabad,Gujarat,West,Corporate,2025-06-07
CUST01969,Meera Naidu,Female,36,Surat,Gujarat,West,Consumer,2025-11-02
CUST01970,Priya Choudhary,Female,28,Chandigarh,Chandigarh,North,Consumer,2022-11-04
CUST01971,Rahul Mishra,Male,36,Pune,Maharashtra,West,Consumer,2025-06-06
CUST01972,Isha Naidu,Female,27,Bhubaneswar,Odisha,East,Consumer,2022-08-05
CUST01973,Varun Choudhary,Female,36,Hyderabad,Telangana,South,Consumer,2024-10-07
CUST01974,Rahul Gupta,Male,36,Mumbai,Maharashtra,West,Consumer,2025-03-21
CUST01975,Suresh Gupta,Male,38,Chennai,Tamil Nadu,South,Consumer,2025-06-21
CUST01976,Meera Kumar,Male,22,Surat,Gujarat,West,Consumer,2024-01-08
CUST01977,Arjun Kumar,Female,24,Kolkata,West Bengal,East,Consumer,2022-04-05
CUST01978,Suresh Gupta,Female,18,Hyderabad,Telangana,South,Corporate,2025-05-11
CUST01979,Isha Patel,Male,35,Jaipur,Rajasthan,North,Consumer,2024-01-30
CUST01980,Nikhil Gupta,Female,47,Kolkata,West Bengal,East,Consumer,2023-04-10
CUST01981,Sneha Das,Male,34,Patna,Bihar,East,Small Business,2025-06-03
CUST01982,Pooja Joshi,Female,26,Kochi,Kerala,South,Consumer,2025-03-26
CUST01983,Swathi Singh,Female,54,Ahmedabad,Gujarat,West,Consumer,2022-06-10
CUST01984,Meera Verma,Female,53,Bengaluru,Karnataka,South,Consumer,2025-10-18
CUST01985,Varun Kumar,Female,25,Kochi,Kerala,South,Small Business,2025-06-27
CUST01986,Vikram Gupta,Male,31,Delhi,Delhi,North,Consumer,2025-04-04
CUST01987,Rohan Mishra,Female,19,Ahmedabad,Gujarat,West,Consumer,2023-02-25
CUST01988,Sneha Gupta,Male,48,Hyderabad,Telangana,South,Consumer,2022-06-11
CUST01989,Arjun Reddy,Female,52,Bengaluru,Karnataka,South,Small Business,2023-08-05
CUST01990,Suresh Reddy,Male,39,Surat,Gujarat,West,Consumer,2024-01-24
CUST01991,Isha Rao,Female,33,Ahmedabad,Gujarat,West,Consumer,2023-03-10
CUST01992,Kavya Singh,Female,47,Delhi,Delhi,North,Consumer,2023-01-04
CUST01993,Vikram Naidu,Female,43,Ahmedabad,Gujarat,West,Consumer,2022-06-27
CUST01994,Isha Rao,Male,50,Patna,Bihar,East,Consumer,2022-04-15
CUST01995,Ananya Kumar,Male,44,Chennai,Tamil Nadu,South,Consumer,2024-12-06
CUST01996,Meera Mehta,Male,18,Mumbai,Maharashtra,West,Corporate,2025-05-19
CUST01997,Priya Joshi,Male,40,Ahmedabad,Gujarat,West,Corporate,2024-07-19
CUST01998,Vikram Gupta,Female,36,Chandigarh,Chandigarh,North,Corporate,2025-11-07
CUST01999,Meera Choudhary,Female,57,Kochi,Kerala,South,Small Business,2022-05-30
CUST02000,Varun Sharma,Female,55,Surat,Gujarat,West,Corporate,2025-06-18
CUST02001,Varun Verma,Female,45,Bhubaneswar,Odisha,East,Small Business,2022-06-11
CUST02002,Suresh Kumar,Female,30,Lucknow,Uttar Pradesh,North,Consumer,2023-08-21
CUST02003,Priya Joshi,Male,31,Patna,Bihar,East,Consumer,2025-05-25
CUST02004,Priya Verma,Female,37,Ranchi,Jharkhand,East,Consumer,2024-08-16
CUST02005,Neha Sharma,Male,33,Bengaluru,Karnataka,South,Consumer,2023-02-04
CUST02006,Swathi Rao,Female,50,Ranchi,Jharkhand,East,Corporate,2024-04-22
CUST02007,Arjun Joshi,Male,49,Pune,Maharashtra,West,Consumer,2024-04-28
CUST02008,Neha Verma,Male,48,Hyderabad,Telangana,South,Small Business,2022-03-15
CUST02009,Vikram Gupta,Male,22,Patna,Bihar,East,Consumer,2022-12-05
CUST02010,Suresh Choudhary,Female,43,Bhubaneswar,Odisha,East,Corporate,2023-07-16
CUST02011,Nikhil Mehta,Male,29,Kolkata,West Bengal,East,Consumer,2024-04-07
CUST02012,Ravi Joshi,Female,45,Lucknow,Uttar Pradesh,North,Consumer,2023-07-17
CUST02013,Isha Sharma,Female,29,Kochi,Kerala,South,Small Business,2024-11-03
CUST02014,Nikhil Patel,Male,28,Pune,Maharashtra,West,Consumer,2024-08-19
CUST02015,Ravi Joshi,Male,33,Bengaluru,Karnataka,South,Consumer,2024-11-14
CUST02016,Vikram Joshi,Female,40,Delhi,Delhi,North,Consumer,2024-02-23
CUST02017,Divya Rao,Female,25,Mumbai,Maharashtra,West,Consumer,2025-03-17
CUST02018,Amit Iyer,Male,21,Ahmedabad,Gujarat,West,Consumer,2022-04-23
CUST02019,Pooja Choudhary,Female,23,Ahmedabad,Gujarat,West,Consumer,2024-04-03
CUST02020,Arjun Reddy,Male,18,Ahmedabad,Gujarat,West,Consumer,2025-03-25
CUST02021,Rahul Iyer,Male,26,Bhubaneswar,Odisha,East,Corporate,2025-04-27
CUST02022,Priya Kumar,Female,32,Chandigarh,Chandigarh,North,Consumer,2024-08-16
CUST02023,Pooja Sharma,Male,24,,Maharashtra,West,Consumer,2023-04-14
CUST02024,Rohan Kumar,Male,40,Bengaluru,Karnataka,South,Small Business,2023-06-21
CUST02025,Suresh Joshi,Male,38,Surat,Gujarat,West,Consumer,2025-07-04
CUST02026,Nikhil Singh,Male,48,Surat,Gujarat,West,Consumer,2022-10-31
CUST02027,Nikhil Kumar,Male,49,Ahmedabad,Gujarat,West,Consumer,2023-12-14
CUST02028,Kavya Reddy,Male,29,Hyderabad,Telangana,South,Consumer,2024-12-25
CUST02029,Sneha Mishra,Male,36,Delhi,Delhi,North,Corporate,2023-10-27
CUST02030,Priya Sharma,Female,36,Ranchi,Jharkhand,East,Small Business,2023-05-23
CUST02031,Amit Singh,Female,30,Hyderabad,Telangana,South,Consumer,2023-06-09
CUST02032,Nikhil Kumar,Female,23,Delhi,Delhi,North,Corporate,2025-06-06
CUST02033,Divya Sharma,Female,22,Surat,Gujarat,West,Consumer,2024-01-23
CUST02034,Sneha Joshi,Female,40,Hyderabad,Telangana,South,Consumer,2024-05-14
CUST02035,Varun Iyer,Male,31,Chandigarh,Chandigarh,North,Consumer,2025-10-05
CUST02036,Meera Rao,Female,24,Surat,Gujarat,West,Consumer,2022-10-12
CUST02037,Sneha Patel,Male,29,Surat,Gujarat,West,Consumer,2024-04-13
CUST02038,Neha Naidu,Male,29,Kolkata,West Bengal,East,Corporate,2022-04-10
CUST02039,Kavya Kumar,Female,48,Kolkata,West Bengal,East,Corporate,2022-06-14
CUST02040,Neha Gupta,Male,30,Patna,Bihar,East,Small Business,2023-12-28
CUST02041,Swathi Joshi,Female,34,Jaipur,Rajasthan,North,Consumer,2023-06-03
CUST02042,Arjun Joshi,Male,42,Mumbai,Maharashtra,West,Consumer,2024-02-15
CUST02043,Nikhil Verma,Male,18,Jaipur,Rajasthan,North,Corporate,2024-11-04
CUST02044,Ananya Joshi,Female,38,Chennai,Tamil Nadu,South,Small Business,2023-01-03
CUST02045,Suresh Mehta,Female,29,Patna,Bihar,East,Consumer,2024-12-29
CUST02046,Arjun Naidu,Female,47,Bhubaneswar,Odisha,East,Consumer,2025-03-30
CUST02047,Sneha Rao,Male,48,Ranchi,Jharkhand,East,Small Business,2022-03-08
CUST02048,Kiran Mehta,Female,48,Hyderabad,Telangana,South,Corporate,2024-01-18
CUST02049,Arjun Sharma,Male,43,Lucknow,Uttar Pradesh,North,Consumer,2025-07-07
CUST02050,Sneha Gupta,Male,37,Kolkata,West Bengal,East,Corporate,2022-06-10
CUST02051,Isha Kumar,Male,45,Hyderabad,Telangana,South,Consumer,2023-12-05
CUST02052,Ravi Sharma,Male,50,Delhi,Delhi,North,Consumer,2023-05-31
CUST02053,Vikram Mehta,Female,37,Lucknow,Uttar Pradesh,North,Consumer,2025-08-11
CUST02054,Rohan Patel,Female,54,Chennai,Tamil Nadu,South,Consumer,2024-09-23
CUST02055,Meera Das,Female,40,Surat,Gujarat,West,Corporate,2024-02-25
CUST02056,Kiran Choudhary,Male,37,Chandigarh,Chandigarh,North,Corporate,2024-08-14
CUST02057,Sneha Joshi,Male,33,Pune,Maharashtra,West,Consumer,2022-02-04
CUST02058,Nikhil Rao,Female,29,Delhi,Delhi,North,Consumer,2023-04-20
CUST02059,Kiran Kumar,Male,40,Ranchi,Jharkhand,East,Small Business,2022-10-15
CUST02060,Arjun Mishra,Female,37,Lucknow,Uttar Pradesh,North,Small Business,2022-04-13
CUST02061,Neha Iyer,Male,51,Delhi,Delhi,North,Small Business,2023-03-03
CUST02062,Meera Patel,Female,37,Ranchi,Jharkhand,East,Corporate,2025-06-23
CUST02063,Pooja Kumar,Female,29,Mumbai,Maharashtra,West,Consumer,2023-10-29
CUST02064,Arjun Kumar,Female,32,Ahmedabad,Gujarat,West,Corporate,2023-03-04
CUST02065,Divya Rao,Male,30,Patna,Bihar,East,Consumer,2022-06-28
CUST02066,Nikhil Das,Male,36,Lucknow,Uttar Pradesh,North,Consumer,2025-01-12
CUST02067,Ravi Das,Male,34,Kolkata,West Bengal,East,Consumer,2025-09-26
CUST02068,Ananya Patel,Male,32,Kolkata,West Bengal,East,Corporate,2022-01-04
CUST02069,Kiran Iyer,Male,30,Ahmedabad,Gujarat,West,Small Business,2024-07-09
CUST02070,Isha Gupta,Female,41,Chandigarh,Chandigarh,North,Corporate,2025-10-01
CUST02071,Neha Naidu,Male,34,Chennai,Tamil Nadu,South,Corporate,2023-08-12
CUST02072,Arjun Verma,Female,43,Lucknow,Uttar Pradesh,North,Consumer,2022-02-17
CUST02073,Arjun Iyer,Male,38,Delhi,Delhi,North,Small Business,2022-10-21
CUST02074,Swathi Choudhary,Female,31,Surat,Gujarat,West,Consumer,2022-05-14
CUST02075,Meera Das,Male,48,Chennai,Tamil Nadu,South,Consumer,2022-06-10
CUST02076,Arjun Das,Male,24,Bhubaneswar,Odisha,East,Small Business,2023-03-08
CUST02077,Divya Das,Female,19,Lucknow,Uttar Pradesh,North,Corporate,2024-06-03
CUST02078,Amit Iyer,Male,36,Ahmedabad,Gujarat,West,Corporate,2023-07-09
CUST02079,Nikhil Patel,Female,29,Kochi,Kerala,South,Consumer,2024-05-20
CUST02080,Pooja Kumar,Female,26,Bhubaneswar,Odisha,East,Consumer,2023-03-20
CUST02081,Sneha Mehta,Male,20,Hyderabad,Telangana,South,Consumer,2024-09-21
CUST02082,Rohan Patel,Male,37,Delhi,Delhi,North,Corporate,2022-07-29
CUST02083,Ananya Gupta,Male,18,Surat,Gujarat,West,Consumer,2025-12-29
CUST02084,Priya Gupta,Female,23,Delhi,Delhi,North,Consumer,2024-01-24
CUST02085,Ravi Mishra,Female,52,Surat,Gujarat,West,Consumer,2024-08-03
CUST02086,Rahul Patel,Male,45,Surat,Gujarat,West,Corporate,2022-05-29
CUST02087,Pooja Singh,Male,24,Mumbai,Maharashtra,West,Consumer,2025-10-30
CUST02088,Swathi Singh,Male,25,Chennai,Tamil Nadu,South,Consumer,2023-12-15
CUST02089,Sneha Mehta,Female,18,Hyderabad,Telangana,South,Small Business,2025-03-05
CUST02090,Rohan Choudhary,Female,28,Bengaluru,Karnataka,South,Corporate,2022-05-09
CUST02091,Pooja Sharma,Female,39,Chennai,Tamil Nadu,South,Consumer,2025-09-15
CUST02092,Neha Iyer,Male,37,Surat,Gujarat,West,Corporate,2022-09-01
CUST02093,Amit Verma,Female,29,Pune,Maharashtra,West,Consumer,2024-04-09
CUST02094,Kiran Patel,Female,24,Lucknow,Uttar Pradesh,North,Consumer,2024-11-11
CUST02095,Pooja Reddy,Male,30,Kochi,Kerala,South,Corporate,2022-10-28
CUST02096,Rahul Patel,Male,25,Hyderabad,Telangana,South,Consumer,2023-10-23
CUST02097,Arjun Patel,Female,30,Mumbai,Maharashtra,West,Consumer,2025-03-04
CUST02098,Varun Gupta,Female,28,Ahmedabad,Gujarat,West,Consumer,2022-07-13
CUST02099,Varun Reddy,Female,18,Ahmedabad,Gujarat,West,Small Business,2025-07-17
CUST02100,Meera Mishra,Female,49,Chandigarh,Chandigarh,North,Consumer,2022-05-13
CUST02101,Ananya Verma,Male,31,Kochi,Kerala,South,Corporate,2023-09-09
CUST02102,Suresh Das,Male,27,Jaipur,Rajasthan,North,Corporate,2023-07-21
CUST02103,Neha Choudhary,Male,35,Hyderabad,Telangana,South,Consumer,2024-12-08
CUST02104,Rohan Sharma,Female,43,Chennai,Tamil Nadu,South,Corporate,2023-11-23
CUST02105,Kiran Gupta,Male,42,Delhi,Delhi,North,Small Business,2023-11-11
CUST02106,Suresh Mishra,Female,33,Hyderabad,Telangana,South,Small Business,2025-01-09
CUST02107,Suresh Naidu,Female,21,Ahmedabad,Gujarat,West,Corporate,2024-08-11
CUST02108,Rohan Patel,Female,27,Chennai,Tamil Nadu,South,Consumer,2023-07-16
CUST02109,Varun Mehta,Male,28,Jaipur,Rajasthan,North,Consumer,2025-09-23
CUST02110,Priya Sharma,Male,31,Hyderabad,Telangana,South,Consumer,2023-12-22
CUST02111,Ravi Das,Male,28,Delhi,Delhi,North,Consumer,2022-05-19
CUST02112,Sneha Joshi,Female,24,Chandigarh,Chandigarh,North,Consumer,2024-08-25
CUST02113,Pooja Gupta,Male,45,Kochi,Kerala,South,Corporate,2025-06-01
CUST02114,Kavya Verma,Male,40,Hyderabad,Telangana,South,Consumer,2025-05-23
CUST02115,Divya Naidu,Female,48,Ahmedabad,Gujarat,West,Consumer,2024-08-05
CUST02116,Divya Sharma,Male,29,Kolkata,West Bengal,East,Consumer,2025-09-07
CUST02117,Neha Verma,Female,23,Hyderabad,Telangana,South,Consumer,2022-03-12
CUST02118,Ravi Iyer,Female,46,Surat,Gujarat,West,Corporate,2025-03-12
CUST02119,Sneha Kumar,Male,43,Chennai,Tamil Nadu,South,Corporate,2025-04-23
CUST02120,Meera Patel,Female,26,Bhubaneswar,Odisha,East,Consumer,2025-01-24
CUST02121,Pooja Patel,Female,33,Jaipur,Rajasthan,North,Consumer,2025-09-17
CUST02122,Kiran Rao,Male,53,Surat,Gujarat,West,Consumer,2023-03-07
CUST02123,Ananya Choudhary,Female,30,Lucknow,Uttar Pradesh,North,Consumer,2025-08-25
CUST02124,Neha Verma,Female,41,Jaipur,Rajasthan,North,Consumer,2022-05-06
CUST02125,Kavya Choudhary,Male,24,Mumbai,Maharashtra,West,Small Business,2022-03-23
CUST02126,Neha Choudhary,Female,18,Delhi,Delhi,North,Consumer,2022-08-12
CUST02127,Sneha Joshi,Female,44,Surat,Gujarat,West,Consumer,2022-04-07
CUST02128,Varun Reddy,Male,47,Kochi,Kerala,South,Consumer,2025-02-12
CUST02129,Arjun Choudhary,Male,24,Chandigarh,Chandigarh,North,Small Business,2022-01-24
CUST02130,Rohan Sharma,Female,40,Mumbai,Maharashtra,West,Consumer,2023-05-19
CUST02131,Kiran Naidu,Male,36,Hyderabad,Telangana,South,Small Business,2023-06-27
CUST02132,Rahul Patel,Male,18,Kochi,Kerala,South,Corporate,2024-06-22
CUST02133,Amit Naidu,Male,28,Jaipur,Rajasthan,North,Consumer,2022-08-14
CUST02134,Arjun Naidu,Male,31,Surat,Gujarat,West,Corporate,2025-05-27
CUST02135,Kiran Mishra,Female,21,Mumbai,Maharashtra,West,Small Business,2025-04-28
CUST02136,Priya Verma,Male,36,Kochi,Kerala,South,Small Business,2024-11-28
CUST02137,Pooja Naidu,Male,18,Bengaluru,Karnataka,South,Consumer,2025-02-26
CUST02138,Sneha Kumar,Female,26,Hyderabad,Telangana,South,Consumer,2023-07-17
CUST02139,Nikhil Naidu,Female,30,Lucknow,Uttar Pradesh,North,Consumer,2023-03-29
CUST02140,Meera Reddy,Male,24,Patna,Bihar,East,Consumer,2025-02-16
CUST02141,Swathi Reddy,Female,31,Hyderabad,Telangana,South,Small Business,2025-01-10
CUST02142,Rohan Iyer,Female,37,Hyderabad,Telangana,South,Corporate,2023-10-20
CUST02143,Suresh Singh,Male,53,Kolkata,West Bengal,East,Corporate,2024-10-16
CUST02144,Amit Rao,Female,30,Hyderabad,Telangana,South,Consumer,2025-03-17
CUST02145,Pooja Naidu,Male,33,Mumbai,Maharashtra,West,Consumer,2022-08-30
CUST02146,Ananya Singh,Female,40,Bhubaneswar,Odisha,East,Corporate,2024-02-20
CUST02147,Kavya Naidu,Male,35,Hyderabad,Telangana,South,Corporate,2023-11-21
CUST02148,Rahul Kumar,Female,34,Kochi,Kerala,South,Consumer,2025-04-27
CUST02149,Isha Kumar,Male,18,Bengaluru,Karnataka,South,Consumer,2025-02-20
CUST02150,Priya Verma,Male,23,Surat,Gujarat,West,Consumer,2024-10-21
CUST02151,Vikram Kumar,Female,19,Chennai,Tamil Nadu,South,Consumer,2022-04-05
CUST02152,Ravi Patel,Male,31,Bengaluru,Karnataka,South,Consumer,2025-02-20
CUST02153,Neha Choudhary,Female,18,Patna,Bihar,East,Consumer,2022-10-03
CUST02154,Priya Rao,Female,19,Ranchi,Jharkhand,East,Consumer,2024-11-15
CUST02155,Kiran Reddy,Female,27,Delhi,Delhi,North,Consumer,2023-07-21
CUST02156,Swathi Naidu,Female,22,Kochi,Kerala,South,Consumer,2024-09-30
CUST02157,Amit Joshi,Male,39,Lucknow,Uttar Pradesh,North,Consumer,2024-08-08
CUST02158,Varun Iyer,Female,23,Bhubaneswar,Odisha,East,Consumer,2023-03-11
CUST02159,Rohan Joshi,Male,24,Jaipur,Rajasthan,North,Small Business,2024-07-07
CUST02160,Kavya Reddy,Female,20,Mumbai,Maharashtra,West,Corporate,2024-09-19
CUST02161,Varun Joshi,Female,31,Pune,Maharashtra,West,Consumer,2024-03-09
CUST02162,Varun Joshi,Male,33,Ahmedabad,Gujarat,West,Consumer,2023-11-16
CUST02163,Kavya Joshi,Male,52,Jaipur,Rajasthan,North,Corporate,2025-09-20
CUST02164,Isha Mishra,Male,42,Kochi,Kerala,South,Consumer,2024-10-10
CUST02165,Ananya Joshi,Male,27,Chandigarh,Chandigarh,North,Consumer,2022-01-20
CUST02166,Neha Das,Male,43,Ahmedabad,Gujarat,West,Consumer,2023-12-02
CUST02167,Varun Mehta,Male,44,Kochi,Kerala,South,Small Business,2024-05-11
CUST02168,Rahul Verma,Male,48,Chennai,Tamil Nadu,South,Corporate,2023-01-22
CUST02169,Meera Kumar,Female,39,Chennai,Tamil Nadu,South,Consumer,2023-10-16
CUST02170,Nikhil Rao,Male,31,Delhi,Delhi,North,Consumer,2022-04-05
CUST02171,Ravi Iyer,Male,18,Kolkata,West Bengal,East,Consumer,2022-05-17
CUST02172,Isha Verma,Male,42,Patna,Bihar,East,Consumer,2023-06-10
CUST02173,Priya Rao,Female,33,Surat,Gujarat,West,Consumer,2023-03-23
CUST02174,Swathi Mehta,Male,18,Jaipur,Rajasthan,North,Consumer,2022-02-17
CUST02175,Arjun Rao,Male,18,Ranchi,Jharkhand,East,Consumer,2022-01-09
CUST02176,Rohan Sharma,Female,46,Surat,Gujarat,West,Small Business,2024-02-29
CUST02177,Amit Patel,Male,25,Kochi,Kerala,South,Small Business,2025-12-07
CUST02178,Arjun Kumar,Female,24,Surat,Gujarat,West,Small Business,2024-10-10
CUST02179,Ravi Kumar,Female,25,Jaipur,Rajasthan,North,Consumer,2025-03-19
CUST02180,Kiran Naidu,Male,32,Hyderabad,Telangana,South,Consumer,2024-09-28
CUST02181,Suresh Kumar,Male,24,Lucknow,Uttar Pradesh,North,Corporate,2024-01-03
CUST02182,Vikram Singh,Female,41,Surat,Gujarat,West,Consumer,2024-02-09
CUST02183,Neha Mishra,Male,41,Kochi,Kerala,South,Consumer,2025-09-05
CUST02184,Divya Naidu,Male,23,Surat,Gujarat,West,Consumer,2022-11-04
CUST02185,Swathi Patel,Female,34,Patna,Bihar,East,Consumer,2023-01-06
CUST02186,Meera Gupta,Female,42,Chennai,Tamil Nadu,South,Corporate,2024-07-13
CUST02187,Isha Verma,Female,26,Pune,Maharashtra,West,Consumer,2023-11-24
CUST02188,Ananya Naidu,Male,45,Bengaluru,Karnataka,South,Consumer,2023-06-08
CUST02189,Ananya Rao,Female,25,Chennai,Tamil Nadu,South,Corporate,2023-07-14
CUST02190,Vikram Choudhary,Male,42,Patna,Bihar,East,Consumer,2024-11-21
CUST02191,Meera Choudhary,Male,49,Lucknow,Uttar Pradesh,North,Consumer,2022-09-06
CUST02192,Rahul Kumar,Female,40,Delhi,Delhi,North,Consumer,2023-12-25
CUST02193,Rohan Patel,Male,42,Surat,Gujarat,West,Corporate,2024-11-07
CUST02194,Amit Reddy,Male,25,Chennai,Tamil Nadu,South,Consumer,2023-07-30
CUST02195,Varun Joshi,Female,25,Pune,Maharashtra,West,Small Business,2024-02-02
CUST02196,Nikhil Das,Female,32,Chennai,Tamil Nadu,South,Consumer,2024-11-14
CUST02197,Ravi Singh,Female,36,Kolkata,West Bengal,East,Small Business,2023-12-08
CUST02198,Swathi Sharma,Female,39,Jaipur,Rajasthan,North,Consumer,2023-06-20
CUST02199,Rahul Naidu,Male,18,Chennai,Tamil Nadu,South,Consumer,2024-07-19
CUST02200,Amit Iyer,Female,32,Mumbai,Maharashtra,West,Consumer,2025-08-05
CUST02201,Nikhil Sharma,Male,24,Jaipur,Rajasthan,North,Consumer,2024-08-21
CUST02202,Varun Choudhary,Female,34,Hyderabad,Telangana,South,Corporate,2023-11-06
CUST02203,Kiran Singh,Female,46,Ahmedabad,Gujarat,West,Corporate,2022-12-26
CUST02204,Sneha Patel,Male,46,Hyderabad,Telangana,South,Consumer,2025-06-01
CUST02205,Isha Rao,Female,25,Chandigarh,Chandigarh,North,Consumer,2024-07-27
CUST02206,Nikhil Iyer,Female,23,Ahmedabad,Gujarat,West,Corporate,2025-08-26
CUST02207,Swathi Reddy,Male,34,Lucknow,Uttar Pradesh,North,Consumer,2023-12-31
CUST02208,Varun Singh,Male,34,Pune,Maharashtra,West,Consumer,2022-01-21
CUST02209,Varun Sharma,Male,33,Hyderabad,Telangana,South,Consumer,2025-07-09
CUST02210,Nikhil Verma,Female,37,Kolkata,West Bengal,East,Small Business,2024-08-30
CUST02211,Arjun Mishra,Male,27,Chennai,Tamil Nadu,South,Consumer,2023-06-13
CUST02212,Meera Singh,Female,52,Kolkata,West Bengal,East,Consumer,2025-06-28
CUST02213,Ananya Iyer,Male,18,Surat,Gujarat,West,Consumer,2023-11-07
CUST02214,Kiran Patel,Male,41,Hyderabad,Telangana,South,Corporate,2025-05-15
CUST02215,Nikhil Verma,Male,35,Kochi,Kerala,South,Consumer,2023-12-25
CUST02216,Ravi Choudhary,Male,22,Chandigarh,Chandigarh,North,Corporate,2022-11-02
CUST02217,Ananya Kumar,Male,23,Kochi,Kerala,South,Consumer,2023-07-10
CUST02218,Priya Das,Female,29,Kochi,Kerala,South,Consumer,2025-01-02
CUST02219,Varun Patel,Male,32,Hyderabad,Telangana,South,Consumer,2024-06-15
CUST02220,Swathi Das,Male,22,Ahmedabad,Gujarat,West,Consumer,2025-01-20
CUST02221,Priya Iyer,Male,40,Hyderabad,Telangana,South,Corporate,2024-05-08
CUST02222,Swathi Verma,Female,28,Hyderabad,Telangana,South,Small Business,2023-09-19
CUST02223,Neha Rao,Female,23,Lucknow,Uttar Pradesh,North,Consumer,2022-09-04
CUST02224,Meera Iyer,Female,28,Lucknow,Uttar Pradesh,North,Consumer,2025-10-01
CUST02225,Divya Iyer,Male,49,Chandigarh,Chandigarh,North,Consumer,2023-05-13
CUST02226,Sneha Rao,Female,45,Ranchi,Jharkhand,East,Consumer,2022-01-28
CUST02227,Rahul Sharma,Male,21,Delhi,Delhi,North,Small Business,2022-01-19
CUST02228,Amit Sharma,Male,23,Hyderabad,Telangana,South,Consumer,2024-01-12
CUST02229,Swathi Kumar,Male,48,Ranchi,Jharkhand,East,Corporate,2025-09-05
CUST02230,Isha Naidu,Female,52,Surat,Gujarat,West,Consumer,2023-05-11
CUST02231,Ravi Joshi,Male,30,Jaipur,Rajasthan,North,Consumer,2023-10-08
CUST02232,Varun Mishra,Male,44,Patna,Bihar,East,Consumer,2023-03-26
CUST02233,Divya Kumar,Male,40,Bhubaneswar,Odisha,East,Small Business,2025-02-16
CUST02234,Swathi Iyer,Female,18,Patna,Bihar,East,Corporate,2024-12-18
CUST02235,Divya Mehta,Male,36,Mumbai,Maharashtra,West,Corporate,2024-07-09
CUST02236,Divya Choudhary,Male,39,Pune,Maharashtra,West,Corporate,2024-11-23
CUST02237,Suresh Mishra,Male,30,Chandigarh,Chandigarh,North,Consumer,2022-04-18
CUST02238,Nikhil Iyer,Male,34,Chandigarh,Chandigarh,North,Consumer,2023-11-20
CUST02239,Isha Verma,Female,29,Jaipur,Rajasthan,North,Consumer,2025-02-16
CUST02240,Priya Joshi,Female,39,Ahmedabad,Gujarat,West,Consumer,2025-07-04
CUST02241,Meera Das,Female,26,Delhi,Delhi,North,Corporate,2025-07-07
CUST02242,Nikhil Joshi,Female,39,Chennai,Tamil Nadu,South,Consumer,2022-08-03
CUST02243,Neha Joshi,Male,33,Pune,Maharashtra,West,Consumer,2022-01-14
CUST02244,Meera Patel,Female,32,Lucknow,Uttar Pradesh,North,Small Business,2022-01-19
CUST02245,Pooja Kumar,Female,60,Surat,Gujarat,West,Corporate,2025-02-13
CUST02246,Pooja Rao,Male,27,Kochi,Kerala,South,Corporate,2022-04-22
CUST02247,Amit Naidu,Male,36,Chennai,Tamil Nadu,South,Corporate,2024-03-08
CUST02248,Divya Singh,Male,21,Kolkata,West Bengal,East,Corporate,2024-01-13
CUST02249,Isha Singh,Female,39,Ranchi,Jharkhand,East,Consumer,2023-07-10
CUST02250,Rahul Gupta,Male,53,Bengaluru,Karnataka,South,Consumer,2022-05-09
CUST02251,Ananya Gupta,Male,35,Ranchi,Jharkhand,East,Consumer,2022-05-26
CUST02252,Arjun Kumar,Male,31,Ranchi,Jharkhand,East,Corporate,2023-01-27
CUST02253,Kiran Das,Female,36,Surat,Gujarat,West,Small Business,2025-04-12
CUST02254,Neha Iyer,Male,21,Mumbai,Maharashtra,West,Consumer,2025-01-11
CUST02255,Divya Choudhary,Male,38,Chandigarh,Chandigarh,North,Consumer,2022-07-10
CUST02256,Sneha Rao,Female,18,Kolkata,West Bengal,East,Consumer,2023-10-20
CUST02257,Varun Verma,Female,36,Patna,Bihar,East,Consumer,2025-06-18
CUST02258,Swathi Kumar,Male,39,Surat,Gujarat,West,Small Business,2024-10-22
CUST02259,Priya Joshi,Male,22,Jaipur,Rajasthan,North,Small Business,2025-07-01
CUST02260,Meera Mishra,Male,28,Patna,Bihar,East,Consumer,2023-08-28
CUST02261,Ananya Sharma,Male,36,Chandigarh,Chandigarh,North,Consumer,2024-10-22
CUST02262,Suresh Rao,Female,37,Delhi,Delhi,North,Consumer,2023-08-03
CUST02263,Rahul Kumar,Male,41,Bengaluru,Karnataka,South,Corporate,2023-09-06
CUST02264,Rohan Gupta,Female,43,Chennai,Tamil Nadu,South,Consumer,2023-06-10
CUST02265,Priya Joshi,Male,40,Kolkata,West Bengal,East,Consumer,2023-09-04
CUST02266,Neha Gupta,Male,59,Jaipur,Rajasthan,North,Corporate,2024-07-26
CUST02267,Rahul Choudhary,Female,36,Chennai,Tamil Nadu,South,Corporate,2023-10-25
CUST02268,Neha Joshi,Male,21,Mumbai,Maharashtra,West,Consumer,2022-08-13
CUST02269,Sneha Verma,Male,28,Pune,Maharashtra,West,Consumer,2025-03-10
CUST02270,Ananya Gupta,Female,40,Hyderabad,Telangana,South,Corporate,2024-06-12
CUST02271,Kavya Sharma,Female,28,Bengaluru,Karnataka,South,Consumer,2025-08-10
CUST02272,Swathi Iyer,Male,43,Jaipur,Rajasthan,North,Consumer,2022-02-21
CUST02273,Sneha Naidu,Male,44,Patna,Bihar,East,Consumer,2025-06-22
CUST02274,Suresh Choudhary,Male,56,Ranchi,Jharkhand,East,Consumer,2025-02-03
CUST02275,Swathi Joshi,Female,39,Kolkata,West Bengal,East,Corporate,2025-03-26
CUST02276,Kiran Patel,Male,41,Surat,Gujarat,West,Consumer,2022-02-13
CUST02277,Ananya Joshi,Male,33,Bhubaneswar,Odisha,East,Consumer,2025-05-29
CUST02278,Nikhil Patel,Male,33,Pune,Maharashtra,West,Small Business,2024-01-17
CUST02279,Ravi Verma,Male,50,Lucknow,Uttar Pradesh,North,Corporate,2025-06-21
CUST02280,Rahul Sharma,Male,53,Patna,Bihar,East,Consumer,2025-11-05
CUST02281,Isha Verma,Male,18,Hyderabad,Telangana,South,Consumer,2025-10-29
CUST02282,Amit Gupta,Female,34,Bhubaneswar,Odisha,East,Consumer,2025-01-17
CUST02283,Ravi Das,Male,19,Delhi,Delhi,North,Consumer,2023-06-02
CUST02284,Varun Sharma,Female,33,Bengaluru,Karnataka,South,Consumer,2024-10-30
CUST02285,Swathi Mehta,Male,19,Jaipur,Rajasthan,North,Consumer,2023-07-08
CUST02286,Swathi Gupta,Female,26,Chandigarh,Chandigarh,North,Corporate,2024-03-20
CUST02287,Ravi Iyer,Female,44,Bengaluru,Karnataka,South,Corporate,2024-08-07
CUST02288,Kavya Sharma,Male,43,Kolkata,West Bengal,East,Consumer,2023-01-27
CUST02289,Amit Choudhary,Female,21,Surat,Gujarat,West,Consumer,2024-08-21
CUST02290,Ananya Patel,Female,30,Patna,Bihar,East,Consumer,2025-07-13
CUST02291,Meera Joshi,Male,36,Chandigarh,Chandigarh,North,Consumer,2024-12-22
CUST02292,Priya Gupta,Female,34,Jaipur,Rajasthan,North,Corporate,2025-07-16
CUST02293,Ananya Iyer,Male,25,Bhubaneswar,Odisha,East,Corporate,2025-10-20
CUST02294,Neha Mishra,Male,18,Bhubaneswar,Odisha,East,Consumer,2024-09-08
CUST02295,Swathi Patel,Male,23,Bengaluru,Karnataka,South,Small Business,2025-10-30
CUST02296,Kavya Mehta,Male,27,Surat,Gujarat,West,Consumer,2025-08-28
CUST02297,Nikhil Mishra,Male,42,Pune,Maharashtra,West,Consumer,2025-05-29
CUST02298,Sneha Singh,Male,23,Lucknow,Uttar Pradesh,North,Consumer,2023-09-16
CUST02299,Sneha Sharma,Male,33,Mumbai,Maharashtra,West,Consumer,2022-02-14
CUST02300,Kavya Naidu,Male,33,Bengaluru,Karnataka,South,Corporate,2023-12-31
CUST02301,Sneha Mehta,Male,18,Kolkata,West Bengal,East,Consumer,2022-10-28
CUST02302,Rohan Rao,Male,33,Ahmedabad,Gujarat,West,Consumer,2023-04-22
CUST02303,Suresh Rao,Female,31,Jaipur,Rajasthan,North,Consumer,2022-08-18
CUST02304,Ravi Naidu,Female,38,Surat,Gujarat,West,Consumer,2022-07-14
CUST02305,Rohan Reddy,Male,34,Kolkata,West Bengal,East,Small Business,2024-05-08
CUST02306,Isha Sharma,Male,18,Lucknow,Uttar Pradesh,North,Corporate,2025-11-28
CUST02307,Vikram Reddy,Female,23,Mumbai,Maharashtra,West,Consumer,2023-06-24
CUST02308,Rahul Kumar,Male,25,Bengaluru,Karnataka,South,Corporate,2025-10-23
CUST02309,Neha Mishra,Female,48,Pune,Maharashtra,West,Consumer,2022-06-26
CUST02310,Varun Naidu,Female,35,Surat,Gujarat,West,Small Business,2025-10-04
CUST02311,Kiran Sharma,Male,38,Lucknow,Uttar Pradesh,North,Consumer,2024-11-06
CUST02312,Suresh Kumar,Female,26,Lucknow,Uttar Pradesh,North,Corporate,2025-06-22
CUST02313,Rahul Choudhary,Male,37,Bengaluru,Karnataka,South,Consumer,2023-01-28
CUST02314,Nikhil Reddy,Male,31,Jaipur,Rajasthan,North,Corporate,2024-11-01
CUST02315,Varun Das,Male,18,Patna,Bihar,East,Consumer,2025-09-22
CUST02316,Ananya Das,Male,31,Ahmedabad,Gujarat,West,Small Business,2025-07-29
CUST02317,Sneha Singh,Female,34,Bhubaneswar,Odisha,East,Corporate,2023-05-16
CUST02318,Suresh Das,Female,51,Patna,Bihar,East,Consumer,2022-02-28
CUST02319,Swathi Singh,Female,30,Lucknow,Uttar Pradesh,North,Corporate,2025-11-30
CUST02320,Varun Mishra,Male,29,Surat,Gujarat,West,Consumer,2025-02-07
CUST02321,Suresh Iyer,Male,43,Hyderabad,Telangana,South,Consumer,2023-12-23
CUST02322,Kiran Iyer,Male,26,Jaipur,Rajasthan,North,Consumer,2023-10-10
CUST02323,Vikram Singh,Female,48,Surat,Gujarat,West,Corporate,2022-01-28
CUST02324,Vikram Iyer,Male,31,Chandigarh,Chandigarh,North,Consumer,2025-01-31
CUST02325,Amit Rao,Female,29,Pune,Maharashtra,West,Corporate,2023-09-15
CUST02326,Nikhil Reddy,Male,22,Surat,Gujarat,West,Corporate,2023-11-05
CUST02327,Meera Iyer,Female,26,Chandigarh,Chandigarh,North,Consumer,2025-02-14
CUST02328,Sneha Reddy,Male,22,Delhi,Delhi,North,Small Business,2024-09-05
CUST02329,Ananya Joshi,Female,31,Bengaluru,Karnataka,South,Consumer,2023-02-07
CUST02330,Rohan Naidu,Female,30,Pune,Maharashtra,West,Consumer,2024-12-22
CUST02331,Vikram Naidu,Male,47,Delhi,Delhi,North,Corporate,2024-06-29
CUST02332,Priya Reddy,Male,29,Ranchi,Jharkhand,East,Consumer,2022-11-20
CUST02333,Rahul Joshi,Female,48,Ranchi,Jharkhand,East,Consumer,2023-07-10
CUST02334,Swathi Kumar,Female,36,Pune,Maharashtra,West,Corporate,2025-05-25
CUST02335,Rahul Rao,Female,25,Patna,Bihar,East,Consumer,2023-07-17
CUST02336,Ananya Mehta,Female,24,Jaipur,Rajasthan,North,Corporate,2025-11-27
CUST02337,Rohan Das,Female,23,Ranchi,Jharkhand,East,Small Business,2024-06-03
CUST02338,Kiran Sharma,Male,31,Ahmedabad,Gujarat,West,Corporate,2025-05-22
CUST02339,Swathi Mehta,Male,31,Ahmedabad,Gujarat,West,Corporate,2024-07-21
CUST02340,Arjun Patel,Female,37,Ranchi,Jharkhand,East,Consumer,2024-01-11
CUST02341,Swathi Sharma,Male,29,Hyderabad,Telangana,South,Consumer,2025-03-25
CUST02342,Pooja Kumar,Female,46,Surat,Gujarat,West,Corporate,2022-04-27
CUST02343,Divya Iyer,Female,49,Jaipur,Rajasthan,North,Corporate,2023-08-10
CUST02344,Divya Iyer,Male,26,Ranchi,Jharkhand,East,Small Business,2022-12-24
CUST02345,Isha Rao,Female,48,Ranchi,Jharkhand,East,Small Business,2025-09-06
CUST02346,Rahul Naidu,Male,29,Kochi,Kerala,South,Consumer,2022-01-23
CUST02347,Divya Patel,Male,18,Pune,Maharashtra,West,Consumer,2022-05-12
CUST02348,Pooja Patel,Female,22,Kolkata,West Bengal,East,Consumer,2023-01-27
CUST02349,Ananya Sharma,Male,39,Delhi,Delhi,North,Consumer,2025-11-06
CUST02350,Priya Naidu,Female,37,Bengaluru,Karnataka,South,Consumer,2024-04-06
CUST02351,Divya Das,Male,20,Bengaluru,Karnataka,South,Consumer,2022-05-03
CUST02352,Sneha Verma,Female,27,Jaipur,Rajasthan,North,Corporate,2023-12-31
CUST02353,Neha Das,Female,32,Surat,Gujarat,West,Consumer,2023-03-08
CUST02354,Sneha Kumar,Female,32,Patna,Bihar,East,Corporate,2024-05-24
CUST02355,Kiran Iyer,Male,55,Jaipur,Rajasthan,North,Consumer,2024-12-19
CUST02356,Rahul Das,Female,30,Chandigarh,Chandigarh,North,Consumer,2025-01-06
CUST02357,Kavya Singh,Male,54,Surat,Gujarat,West,Small Business,2022-01-29
CUST02358,Kavya Gupta,Male,47,Chandigarh,Chandigarh,North,Corporate,2022-11-01
CUST02359,Suresh Kumar,Female,44,Pune,Maharashtra,West,Consumer,2025-12-01
CUST02360,Kiran Rao,Female,33,Delhi,Delhi,North,Small Business,2024-02-10
CUST02361,Nikhil Reddy,Female,18,Bhubaneswar,Odisha,East,Small Business,2023-10-28
CUST02362,Amit Sharma,Female,43,Bengaluru,Karnataka,South,Corporate,2022-09-26
CUST02363,Swathi Gupta,Male,45,Mumbai,Maharashtra,West,Consumer,2025-09-03
CUST02364,Meera Joshi,Female,33,Patna,Bihar,East,Consumer,2023-01-17
CUST02365,Kiran Choudhary,Male,32,Hyderabad,Telangana,South,Small Business,2024-06-25
CUST02366,Ananya Gupta,Female,34,Lucknow,Uttar Pradesh,North,Consumer,2023-04-08
CUST02367,Ravi Choudhary,Female,22,Ahmedabad,Gujarat,West,Corporate,2023-09-13
CUST02368,Arjun Iyer,Male,31,Delhi,Delhi,North,Consumer,2024-06-09
CUST02369,Swathi Iyer,Male,50,Kochi,Kerala,South,Consumer,2023-03-14
CUST02370,Sneha Singh,Female,31,Kochi,Kerala,South,Small Business,2025-08-18
CUST02371,Meera Patel,Male,29,Bhubaneswar,Odisha,East,Consumer,2022-07-22
CUST02372,Varun Joshi,Male,30,Patna,Bihar,East,Corporate,2022-11-13
CUST02373,Kiran Mishra,Female,31,Patna,Bihar,East,Small Business,2023-02-01
CUST02374,Amit Reddy,Female,27,Surat,Gujarat,West,Corporate,2025-06-07
CUST02375,Amit Reddy,Male,33,Hyderabad,Telangana,South,Corporate,2022-03-28
CUST02376,Ravi Reddy,Female,24,Mumbai,Maharashtra,West,Corporate,2023-06-02
CUST02377,Kiran Rao,Female,26,Patna,Bihar,East,Consumer,2022-01-04
CUST02378,Pooja Patel,Female,39,Bengaluru,Karnataka,South,Small Business,2024-11-06
CUST02379,Isha Patel,Male,25,Surat,Gujarat,West,Corporate,2023-05-12
CUST02380,Kiran Iyer,Female,23,Ahmedabad,Gujarat,West,Corporate,2024-02-17
CUST02381,Divya Naidu,Female,38,Patna,Bihar,East,Small Business,2023-09-18
CUST02382,Isha Verma,Female,37,Chandigarh,Chandigarh,North,Corporate,2025-10-23
CUST02383,Varun Das,Female,31,Pune,Maharashtra,West,Consumer,2023-04-01
CUST02384,Priya Reddy,Male,24,Ranchi,Jharkhand,East,Consumer,2023-02-04
CUST02385,Sneha Mehta,Male,49,Patna,Bihar,East,Small Business,2023-10-23
CUST02386,Varun Rao,Male,21,Ranchi,Jharkhand,East,Consumer,2025-06-04
CUST02387,Sneha Joshi,Female,61,Pune,Maharashtra,West,Corporate,2024-03-20
CUST02388,Kavya Iyer,Female,41,Ahmedabad,Gujarat,West,Consumer,2025-02-18
CUST02389,Divya Patel,Female,31,Chennai,Tamil Nadu,South,Corporate,2025-05-05
CUST02390,Neha Singh,Male,33,Jaipur,Rajasthan,North,Corporate,2024-04-18
CUST02391,Amit Mehta,Male,22,Mumbai,Maharashtra,West,Consumer,2022-06-17
CUST02392,Rahul Joshi,Male,37,Chennai,Tamil Nadu,South,Corporate,2025-05-29
CUST02393,Pooja Rao,Male,34,Surat,Gujarat,West,Consumer,2025-02-25
CUST02394,Suresh Verma,Female,18,Lucknow,Uttar Pradesh,North,Consumer,2024-11-27
CUST02395,Amit Mishra,Male,18,Patna,Bihar,East,Corporate,2025-05-22
CUST02396,Rohan Das,Male,36,Chennai,Tamil Nadu,South,Corporate,2024-10-28
CUST02397,Pooja Verma,Male,28,Mumbai,Maharashtra,West,Consumer,2024-02-21
CUST02398,Nikhil Joshi,Male,33,Jaipur,Rajasthan,North,Small Business,2025-10-09
CUST02399,Arjun Patel,Female,30,Ranchi,Jharkhand,East,Corporate,2022-08-04
CUST02400,Neha Patel,Female,28,Kolkata,West Bengal,East,Consumer,2023-02-28
CUST02401,Rohan Sharma,Female,36,Bengaluru,Karnataka,South,Small Business,2025-06-04
CUST02402,Kiran Verma,Female,23,Delhi,Delhi,North,Corporate,2022-08-01
CUST02403,Kavya Choudhary,Male,35,Mumbai,Maharashtra,West,Consumer,2023-06-27
CUST02404,Divya Das,Female,22,Mumbai,Maharashtra,West,Consumer,2022-09-29
CUST02405,Vikram Reddy,Female,22,Delhi,Delhi,North,Corporate,2025-01-17
CUST02406,Kavya Naidu,Female,38,Kochi,Kerala,South,Consumer,2025-11-19
CUST02407,Suresh Joshi,Male,45,Hyderabad,Telangana,South,Small Business,2025-06-12
CUST02408,Rohan Iyer,Female,18,Patna,Bihar,East,Corporate,2024-01-03
CUST02409,Arjun Joshi,Male,50,Surat,Gujarat,West,Consumer,2025-07-26
CUST02410,Arjun Kumar,Female,22,Lucknow,Uttar Pradesh,North,Consumer,2022-06-09
CUST02411,Pooja Kumar,Female,45,Hyderabad,Telangana,South,Consumer,2025-12-13
CUST02412,Rahul Choudhary,Female,45,Lucknow,Uttar Pradesh,North,Corporate,2024-07-10
CUST02413,Varun Sharma,Male,30,Jaipur,Rajasthan,North,Consumer,2023-12-26
CUST02414,Neha Choudhary,Female,36,Ranchi,Jharkhand,East,Consumer,2025-01-11
CUST02415,Varun Rao,Male,21,Ahmedabad,Gujarat,West,Consumer,2023-01-18
CUST02416,Sneha Singh,Female,37,Chennai,Tamil Nadu,South,Consumer,2022-09-21
CUST02417,Priya Iyer,Female,42,Chandigarh,Chandigarh,North,Small Business,2025-02-08
CUST02418,Arjun Mishra,Female,40,Jaipur,Rajasthan,North,Consumer,2024-03-01
CUST02419,Amit Gupta,Female,52,Bhubaneswar,Odisha,East,Consumer,2022-05-13
CUST02420,Rohan Patel,Male,28,Kolkata,West Bengal,East,Consumer,2022-10-06
CUST02421,Nikhil Joshi,Male,32,Bhubaneswar,Odisha,East,Corporate,2022-06-19
CUST02422,Kavya Sharma,Female,25,Bhubaneswar,Odisha,East,Consumer,2024-04-06
CUST02423,Pooja Reddy,Male,27,Bhubaneswar,Odisha,East,Consumer,2023-05-31
CUST02424,Ananya Kumar,Female,35,Kolkata,West Bengal,East,Corporate,2024-05-28
CUST02425,Kiran Rao,Female,19,Surat,Gujarat,West,Corporate,2022-05-06
CUST02426,Nikhil Rao,Female,38,Delhi,Delhi,North,Corporate,2024-03-28
CUST02427,Rohan Kumar,Male,30,Chandigarh,Chandigarh,North,Consumer,2023-03-25
CUST02428,Neha Singh,Male,40,Pune,Maharashtra,West,Consumer,2022-05-29
CUST02429,Swathi Sharma,Female,24,Surat,Gujarat,West,Consumer,2024-11-19
CUST02430,Arjun Rao,Male,36,Surat,Gujarat,West,Small Business,2023-08-25
CUST02431,Divya Das,Female,24,Jaipur,Rajasthan,North,Consumer,2024-06-19
CUST02432,Nikhil Reddy,Male,35,Chandigarh,Chandigarh,North,Consumer,2025-07-15
CUST02433,Neha Sharma,Male,18,Kolkata,West Bengal,East,Corporate,2023-01-25
CUST02434,Kiran Reddy,Male,21,Ahmedabad,Gujarat,West,Corporate,2022-09-27
CUST02435,Amit Das,Male,33,Mumbai,Maharashtra,West,Consumer,2024-11-22
CUST02436,Kavya Patel,Female,26,Lucknow,Uttar Pradesh,North,Consumer,2024-11-12
CUST02437,Neha Gupta,Female,37,Kochi,Kerala,South,Consumer,2022-10-05
CUST02438,Meera Joshi,Male,26,Hyderabad,Telangana,South,Corporate,2024-05-26
CUST02439,Kavya Joshi,Male,40,Bhubaneswar,Odisha,East,Consumer,2024-09-04
CUST02440,Kiran Iyer,Male,52,Pune,Maharashtra,West,Consumer,2023-12-21
CUST02441,Amit Singh,Female,41,Chennai,Tamil Nadu,South,Consumer,2025-04-17
CUST02442,Ravi Gupta,Female,33,Surat,Gujarat,West,Corporate,2023-04-12
CUST02443,Rohan Reddy,Female,36,Patna,Bihar,East,Consumer,2025-01-09
CUST02444,Rohan Sharma,Male,28,Bengaluru,Karnataka,South,Small Business,2023-11-19
CUST02445,Kiran Rao,Female,30,Surat,Gujarat,West,Consumer,2023-03-16
CUST02446,Isha Kumar,Male,41,Ahmedabad,Gujarat,West,Small Business,2025-08-02
CUST02447,Vikram Gupta,Female,33,Jaipur,Rajasthan,North,Consumer,2023-09-30
CUST02448,Amit Patel,Female,23,Chennai,Tamil Nadu,South,Corporate,2024-01-20
CUST02449,Suresh Rao,Male,36,Kolkata,West Bengal,East,Corporate,2025-10-01
CUST02450,Divya Reddy,Male,38,Bhubaneswar,Odisha,East,Small Business,2023-09-29
CUST02451,Swathi Iyer,Male,22,Kolkata,West Bengal,East,Consumer,2023-02-08
CUST02452,Amit Mishra,Female,34,Delhi,Delhi,North,Consumer,2022-05-03
CUST02453,Priya Joshi,Male,46,Hyderabad,Telangana,South,Consumer,2023-03-01
CUST02454,Ananya Rao,Male,62,Pune,Maharashtra,West,Corporate,2022-06-04
CUST02455,Rahul Verma,Female,34,Mumbai,Maharashtra,West,Consumer,2023-01-26
CUST02456,Varun Das,Female,18,Kochi,Kerala,South,Consumer,2024-07-19
CUST02457,Vikram Kumar,Male,29,Surat,Gujarat,West,Small Business,2022-08-15
CUST02458,Divya Patel,Male,49,Patna,Bihar,East,Consumer,2024-04-17
CUST02459,Pooja Reddy,Female,34,Chandigarh,Chandigarh,North,Corporate,2022-04-25
CUST02460,Amit Gupta,Male,43,Ahmedabad,Gujarat,West,Small Business,2023-02-20
CUST02461,Suresh Mishra,Female,44,Jaipur,Rajasthan,North,Consumer,2024-05-28
CUST02462,Amit Rao,Male,45,Ranchi,Jharkhand,East,Consumer,2025-02-12
CUST02463,Arjun Naidu,Female,52,Ahmedabad,Gujarat,West,Consumer,2023-04-10
CUST02464,Vikram Naidu,Male,29,Kolkata,West Bengal,East,Corporate,2024-08-07
CUST02465,Vikram Gupta,Male,41,Patna,Bihar,East,Corporate,2024-12-26
CUST02466,Swathi Mehta,Male,41,Hyderabad,Telangana,South,Consumer,2023-07-23
CUST02467,Swathi Reddy,Male,24,Pune,Maharashtra,West,Consumer,2022-07-21
CUST02468,Arjun Choudhary,Male,38,Ahmedabad,Gujarat,West,Consumer,2023-07-14
CUST02469,Neha Gupta,Female,45,Bengaluru,Karnataka,South,Small Business,2022-05-06
CUST02470,Kavya Mishra,Male,52,Hyderabad,Telangana,South,Consumer,2024-09-17
CUST02471,Swathi Singh,Female,43,Jaipur,Rajasthan,North,Corporate,2024-04-25
CUST02472,Ananya Sharma,Male,32,Ahmedabad,Gujarat,West,Consumer,2023-02-08
CUST02473,Kavya Iyer,Female,31,Ahmedabad,Gujarat,West,Consumer,2024-09-22
CUST02474,Varun Reddy,Male,22,Ranchi,Jharkhand,East,Consumer,2024-03-21
CUST02475,Neha Rao,Male,43,Chennai,Tamil Nadu,South,Consumer,2023-05-20
CUST02476,Priya Choudhary,Female,38,Chennai,Tamil Nadu,South,Corporate,2024-08-15
CUST02477,Amit Rao,Male,28,Mumbai,Maharashtra,West,Consumer,2025-04-17
CUST02478,Isha Singh,Male,44,Lucknow,Uttar Pradesh,North,Small Business,2024-08-08
CUST02479,Vikram Singh,Male,37,Surat,Gujarat,West,Corporate,2024-08-02
CUST02480,Ravi Patel,Male,37,Bhubaneswar,Odisha,East,Consumer,2023-07-14
CUST02481,Vikram Kumar,Male,41,Ahmedabad,Gujarat,West,Consumer,2022-04-22
CUST02482,Sneha Mishra,Male,34,Ahmedabad,Gujarat,West,Consumer,2023-04-10
CUST02483,Ananya Das,Male,46,Bengaluru,Karnataka,South,Consumer,2023-05-15
CUST02484,Kavya Singh,Female,38,Kolkata,West Bengal,East,Corporate,2025-01-18
CUST02485,Rohan Mehta,Female,29,Mumbai,Maharashtra,West,Consumer,2025-05-21
CUST02486,Divya Das,Male,26,Ahmedabad,Gujarat,West,Consumer,2022-08-04
CUST02487,Neha Reddy,Female,31,Kolkata,West Bengal,East,Corporate,2024-01-17
CUST02488,Amit Naidu,Female,40,Bengaluru,Karnataka,South,Small Business,2023-04-29
CUST02489,Pooja Mishra,Male,34,Patna,Bihar,East,Corporate,2022-01-27
CUST02490,Varun Choudhary,Male,22,Ahmedabad,Gujarat,West,Consumer,2022-05-13
CUST02491,Isha Joshi,Male,37,Delhi,Delhi,North,Small Business,2023-01-17
CUST02492,Meera Naidu,Female,44,Pune,Maharashtra,West,Consumer,2023-07-26
CUST02493,Priya Reddy,Male,30,Pune,Maharashtra,West,Consumer,2024-08-17
CUST02494,Rahul Reddy,Male,37,Hyderabad,Telangana,South,Corporate,2024-11-26
CUST02495,Ravi Singh,Female,31,Lucknow,Uttar Pradesh,North,Consumer,2022-07-07
CUST02496,Ananya Rao,Male,30,Ranchi,Jharkhand,East,Corporate,2025-07-08
CUST02497,Rohan Joshi,Female,42,Delhi,Delhi,North,Consumer,2023-02-09
CUST02498,Arjun Patel,Male,42,Patna,Bihar,East,Corporate,2023-12-06
CUST02499,Vikram Gupta,Male,30,Bhubaneswar,Odisha,East,Consumer,2023-12-07
CUST02500,Swathi Das,Male,37,Kochi,Kerala,South,Consumer,2023-09-20
CUST02501,Kiran Das,Female,33,Mumbai,Maharashtra,West,Consumer,2024-08-14
CUST02502,Suresh Das,Female,19,Chennai,Tamil Nadu,South,Consumer,2025-06-21
CUST02503,Vikram Sharma,Male,49,Mumbai,Maharashtra,West,Consumer,2025-12-12
CUST02504,Suresh Singh,Male,33,Delhi,Delhi,North,Small Business,2024-03-25
CUST02505,Vikram Joshi,Male,29,Bhubaneswar,Odisha,East,Consumer,2023-04-29
CUST02506,Ananya Rao,Female,43,Bhubaneswar,Odisha,East,Consumer,2022-01-01
CUST02507,Suresh Naidu,Female,28,Bengaluru,Karnataka,South,Consumer,2024-08-01
CUST02508,Ananya Rao,Male,18,Ahmedabad,Gujarat,West,Corporate,2025-06-11
CUST02509,Varun Mehta,Female,22,Patna,Bihar,East,Small Business,2023-05-04
CUST02510,Ananya Sharma,Male,32,Surat,Gujarat,West,Small Business,2023-03-28
CUST02511,Ananya Choudhary,Male,22,Kolkata,West Bengal,East,Consumer,2024-04-24
CUST02512,Meera Iyer,Female,34,Pune,Maharashtra,West,Small Business,2023-04-29
CUST02513,Rohan Joshi,Male,25,Hyderabad,Telangana,South,Corporate,2025-10-20
CUST02514,Pooja Gupta,Female,35,Surat,Gujarat,West,Consumer,2024-07-05
CUST02515,Neha Patel,Male,27,Hyderabad,Telangana,South,Consumer,2025-07-26
CUST02516,Vikram Rao,Male,18,Pune,Maharashtra,West,Consumer,2025-01-26
CUST02517,Isha Kumar,Female,27,Chandigarh,Chandigarh,North,Corporate,2023-12-03
CUST02518,Priya Das,Female,20,Kolkata,West Bengal,East,Consumer,2022-11-13
CUST02519,Arjun Rao,Male,42,Bengaluru,Karnataka,South,Consumer,2024-03-10
CUST02520,Varun Gupta,Female,21,Pune,Maharashtra,West,Consumer,2025-09-17
CUST02521,Suresh Gupta,Female,23,Ranchi,Jharkhand,East,Corporate,2022-09-02
CUST02522,Rahul Patel,Female,25,Jaipur,Rajasthan,North,Corporate,2022-07-19
CUST02523,Kiran Gupta,Female,35,Mumbai,Maharashtra,West,Consumer,2024-10-03
CUST02524,Divya Rao,Female,46,Delhi,Delhi,North,Consumer,2024-12-02
CUST02525,Divya Choudhary,Female,38,Kochi,Kerala,South,Consumer,2023-03-30
CUST02526,Pooja Iyer,Male,39,Jaipur,Rajasthan,North,Small Business,2022-03-24
CUST02527,Rahul Reddy,Female,39,Patna,Bihar,East,Consumer,2023-04-09
CUST02528,Varun Reddy,Female,21,Kolkata,West Bengal,East,Consumer,2025-05-23
CUST02529,Amit Mehta,Female,39,Jaipur,Rajasthan,North,Small Business,2025-04-09
CUST02530,Sneha Iyer,Female,18,Pune,Maharashtra,West,Small Business,2024-05-27
CUST02531,Vikram Das,Female,27,Chennai,Tamil Nadu,South,Consumer,2022-03-12
CUST02532,Swathi Joshi,Female,24,Ahmedabad,Gujarat,West,Small Business,2022-03-15
CUST02533,Meera Naidu,Female,34,Patna,Bihar,East,Consumer,2025-06-18
CUST02534,Divya Patel,Female,42,Lucknow,Uttar Pradesh,North,Corporate,2022-10-28
CUST02535,Neha Mishra,Female,33,Lucknow,Uttar Pradesh,North,Consumer,2025-01-26
CUST02536,Kiran Choudhary,Female,36,Surat,Gujarat,West,Consumer,2025-06-03
CUST02537,Kiran Rao,Female,40,Ranchi,Jharkhand,East,Small Business,2025-10-25
CUST02538,Rahul Singh,Male,60,Mumbai,Maharashtra,West,Corporate,2024-03-17
CUST02539,Meera Singh,Male,42,Ahmedabad,Gujarat,West,Consumer,2025-07-24
CUST02540,Pooja Kumar,Male,31,Jaipur,Rajasthan,North,Consumer,2023-01-08
CUST02541,Rohan Choudhary,Female,18,Bhubaneswar,Odisha,East,Consumer,2024-01-14
CUST02542,Varun Kumar,Female,50,Chandigarh,Chandigarh,North,Consumer,2022-03-21
CUST02543,Kiran Gupta,Male,32,Jaipur,Rajasthan,North,Consumer,2022-10-05
CUST02544,Rohan Gupta,Male,34,Mumbai,Maharashtra,West,Consumer,2024-05-26
CUST02545,Meera Kumar,Female,33,Bengaluru,Karnataka,South,Consumer,2023-12-30
CUST02546,Rahul Choudhary,Female,44,Bhubaneswar,Odisha,East,Small Business,2022-03-18
CUST02547,Priya Patel,Female,24,Bengaluru,Karnataka,South,Consumer,2024-05-03
CUST02548,Pooja Sharma,Male,30,Kolkata,West Bengal,East,Small Business,2022-09-22
CUST02549,Isha Gupta,Male,18,Kolkata,West Bengal,East,Small Business,2022-09-29
CUST02550,Kiran Verma,Female,36,Ahmedabad,Gujarat,West,Corporate,2024-07-12
CUST02551,Suresh Sharma,Male,39,Bengaluru,Karnataka,South,Small Business,2023-09-20
CUST02552,Meera Iyer,Male,43,Pune,Maharashtra,West,Consumer,2025-02-01
CUST02553,Vikram Das,Male,18,Kolkata,West Bengal,East,Consumer,2024-03-31
CUST02554,Nikhil Kumar,Male,36,Pune,Maharashtra,West,Consumer,2023-01-11
CUST02555,Ravi Singh,Female,53,Jaipur,Rajasthan,North,Consumer,2024-09-22
CUST02556,Isha Joshi,Male,28,Kolkata,West Bengal,East,Small Business,2022-07-14
CUST02557,Rahul Patel,Male,21,Lucknow,Uttar Pradesh,North,Consumer,2024-09-20
CUST02558,Suresh Singh,Male,27,Hyderabad,Telangana,South,Consumer,2024-12-07
CUST02559,Rohan Reddy,Male,34,Lucknow,Uttar Pradesh,North,Corporate,2023-08-13
CUST02560,Ravi Das,Female,43,Ahmedabad,Gujarat,West,Consumer,2022-10-05
CUST02561,Kavya Singh,Female,25,Kolkata,West Bengal,East,Consumer,2023-12-22
CUST02562,Vikram Sharma,Male,51,Mumbai,Maharashtra,West,Corporate,2023-05-26
CUST02563,Divya Rao,Female,21,Jaipur,Rajasthan,North,Consumer,2025-03-12
CUST02564,Varun Mehta,Male,24,Surat,Gujarat,West,Consumer,2023-09-03
CUST02565,Ravi Joshi,Male,21,Kochi,Kerala,South,Consumer,2022-12-24
CUST02566,Sneha Sharma,Male,35,Chandigarh,Chandigarh,North,Corporate,2024-11-23
CUST02567,Kavya Sharma,Male,36,Bengaluru,Karnataka,South,Corporate,2024-03-07
CUST02568,Rahul Kumar,Male,18,Ahmedabad,Gujarat,West,Corporate,2025-09-05
CUST02569,Suresh Das,Female,44,Kochi,Kerala,South,Consumer,2024-10-02
CUST02570,Kavya Iyer,Male,64,Jaipur,Rajasthan,North,Consumer,2022-05-22
CUST02571,Rahul Verma,Male,29,Bhubaneswar,Odisha,East,Corporate,2025-08-27
CUST02572,Arjun Choudhary,Female,44,Patna,Bihar,East,Small Business,2025-08-05
CUST02573,Kiran Joshi,Female,18,Hyderabad,Telangana,South,Consumer,2024-12-27
CUST02574,Ananya Rao,Male,18,Ahmedabad,Gujarat,West,Consumer,2024-10-18
CUST02575,Meera Reddy,Male,38,Chandigarh,Chandigarh,North,Consumer,2022-06-18
CUST02576,Kiran Verma,Male,37,Mumbai,Maharashtra,West,Consumer,2023-03-03
CUST02577,Isha Sharma,Female,42,Jaipur,Rajasthan,North,Consumer,2025-10-09
CUST02578,Suresh Das,Male,43,Jaipur,Rajasthan,North,Corporate,2022-08-27
CUST02579,Amit Kumar,Female,48,Bhubaneswar,Odisha,East,Corporate,2022-03-13
CUST02580,Arjun Patel,Female,31,Hyderabad,Telangana,South,Consumer,2024-12-05
CUST02581,Ananya Singh,Female,22,Hyderabad,Telangana,South,Consumer,2024-10-01
CUST02582,Suresh Kumar,Male,42,Ranchi,Jharkhand,East,Consumer,2025-01-06
CUST02583,Priya Iyer,Female,19,Ranchi,Jharkhand,East,Consumer,2024-02-26
CUST02584,Rohan Verma,Male,34,Kochi,Kerala,South,Small Business,2024-11-13
CUST02585,Nikhil Iyer,Female,36,Lucknow,Uttar Pradesh,North,Consumer,2023-02-19
CUST02586,Rahul Reddy,Male,39,Hyderabad,Telangana,South,Consumer,2023-12-06
CUST02587,Pooja Joshi,Female,35,Patna,Bihar,East,Consumer,2022-05-19
CUST02588,Sneha Mehta,Female,32,Chennai,Tamil Nadu,South,Corporate,2022-09-21
CUST02589,Vikram Sharma,Female,39,Hyderabad,Telangana,South,Consumer,2025-11-28
CUST02590,Ananya Gupta,Female,24,Lucknow,Uttar Pradesh,North,Consumer,2022-11-03
CUST02591,Priya Kumar,Male,33,Bhubaneswar,Odisha,East,Small Business,2023-05-29
CUST02592,Arjun Verma,Male,29,Hyderabad,Telangana,South,Consumer,2022-10-01
CUST02593,Suresh Sharma,Female,30,Surat,Gujarat,West,Small Business,2022-12-25
CUST02594,Rahul Rao,Female,34,Kochi,Kerala,South,Consumer,2023-07-07
CUST02595,Neha Rao,Male,23,Patna,Bihar,East,Consumer,2025-10-22
CUST02596,Swathi Rao,Male,35,Surat,Gujarat,West,Consumer,2024-03-04
CUST02597,Varun Iyer,Male,53,Bhubaneswar,Odisha,East,Consumer,2025-06-08
CUST02598,Priya Mehta,Female,40,Kolkata,West Bengal,East,Consumer,2025-08-01
CUST02599,Sneha Sharma,Male,41,Bengaluru,Karnataka,South,Small Business,2024-07-30
CUST02600,Kiran Mehta,Male,42,Bengaluru,Karnataka,South,Consumer,2025-05-21
CUST02601,Pooja Verma,Male,18,Kolkata,West Bengal,East,Consumer,2025-12-12
CUST02602,Priya Gupta,Female,25,Jaipur,Rajasthan,North,Consumer,2024-05-14
CUST02603,Meera Joshi,Female,47,Surat,Gujarat,West,Corporate,2022-04-21
CUST02604,Amit Mehta,Female,21,Ranchi,Jharkhand,East,Corporate,2025-04-27
CUST02605,Varun Sharma,Female,36,Chandigarh,Chandigarh,North,Consumer,2022-01-12
CUST02606,Swathi Mehta,Male,28,Pune,Maharashtra,West,Corporate,2024-04-26
CUST02607,Nikhil Mishra,Male,54,Jaipur,Rajasthan,North,Consumer,2024-12-12
CUST02608,Suresh Choudhary,Male,34,Pune,Maharashtra,West,Corporate,2023-07-11
CUST02609,Priya Mishra,Female,43,Bengaluru,Karnataka,South,Consumer,2025-06-20
CUST02610,Sneha Kumar,Female,30,Delhi,Delhi,North,Consumer,2023-09-26
CUST02611,Kavya Iyer,Male,25,Ahmedabad,Gujarat,West,Consumer,2025-12-23
CUST02612,Rohan Gupta,Male,34,Chandigarh,Chandigarh,North,Consumer,2024-12-25
CUST02613,Vikram Choudhary,Male,36,Ranchi,Jharkhand,East,Small Business,2025-11-06
CUST02614,Amit Verma,Female,19,Chandigarh,Chandigarh,North,Corporate,2025-03-27
CUST02615,Suresh Kumar,Female,33,Surat,Gujarat,West,Consumer,2022-06-13
CUST02616,Ravi Naidu,Female,31,Kolkata,West Bengal,East,Consumer,2024-10-20
CUST02617,Amit Sharma,Male,59,Kochi,Kerala,South,Small Business,2022-01-31
CUST02618,Sneha Mehta,Male,51,Patna,Bihar,East,Small Business,2022-03-03
CUST02619,Varun Naidu,Female,29,Delhi,Delhi,North,Corporate,2023-01-10
CUST02620,Amit Gupta,Female,24,Chennai,Tamil Nadu,South,Consumer,2025-05-20
CUST02621,Priya Mehta,Female,32,Surat,Gujarat,West,Corporate,2023-06-11
CUST02622,Vikram Choudhary,Male,43,Bhubaneswar,Odisha,East,Corporate,2025-06-17
CUST02623,Amit Choudhary,Male,42,Hyderabad,Telangana,South,Consumer,2023-08-28
CUST02624,Meera Reddy,Female,18,Mumbai,Maharashtra,West,Consumer,2023-03-10
CUST02625,Priya Kumar,Female,36,Delhi,Delhi,North,Consumer,2022-03-04
CUST02626,Divya Naidu,Male,46,Delhi,Delhi,North,Corporate,2025-03-25
CUST02627,Rohan Verma,Male,18,Bhubaneswar,Odisha,East,Corporate,2023-10-26
CUST02628,Nikhil Das,Male,46,Pune,Maharashtra,West,Consumer,2023-06-06
CUST02629,Rahul Choudhary,Male,42,Mumbai,Maharashtra,West,Consumer,2023-03-22
CUST02630,Ravi Rao,Male,18,Hyderabad,Telangana,South,Corporate,2023-05-31
CUST02631,Rohan Mehta,Male,36,Hyderabad,Telangana,South,Consumer,2023-09-15
CUST02632,Kavya Kumar,Male,35,Patna,Bihar,East,Consumer,2024-09-27
CUST02633,Kiran Kumar,Female,25,Kochi,Kerala,South,Consumer,2022-05-12
CUST02634,Sneha Patel,Male,39,Hyderabad,Telangana,South,Consumer,2025-01-03
CUST02635,Vikram Sharma,Female,36,Delhi,Delhi,North,Corporate,2023-11-12
CUST02636,Rahul Naidu,Female,18,Bengaluru,Karnataka,South,Consumer,2024-04-20
CUST02637,Rahul Verma,Female,33,Pune,Maharashtra,West,Consumer,2025-04-21
CUST02638,Ananya Patel,Male,30,Surat,Gujarat,West,Consumer,2025-03-11
CUST02639,Varun Gupta,Male,34,Mumbai,Maharashtra,West,Consumer,2025-08-14
CUST02640,Suresh Mehta,Female,36,Pune,Maharashtra,West,Consumer,2022-11-22
CUST02641,Arjun Das,Female,18,Pune,Maharashtra,West,Small Business,2024-03-14
CUST02642,Arjun Rao,Female,24,Delhi,Delhi,North,Consumer,2022-11-22
CUST02643,Meera Patel,Male,38,Mumbai,Maharashtra,West,Corporate,2024-04-26
CUST02644,Varun Naidu,Male,22,Mumbai,Maharashtra,West,Consumer,2022-08-21
CUST02645,Kavya Naidu,Female,22,Hyderabad,Telangana,South,Consumer,2022-12-26
CUST02646,Kiran Singh,Male,40,Ranchi,Jharkhand,East,Corporate,2023-07-19
CUST02647,Pooja Reddy,Female,18,Surat,Gujarat,West,Corporate,2022-06-22
CUST02648,Priya Sharma,Male,23,Chennai,Tamil Nadu,South,Corporate,2025-06-08
CUST02649,Arjun Mehta,Female,24,Ahmedabad,Gujarat,West,Consumer,2022-07-21
CUST02650,Varun Joshi,Male,22,Mumbai,Maharashtra,West,Consumer,2022-09-16
CUST02651,Varun Kumar,Male,30,Ahmedabad,Gujarat,West,Corporate,2023-05-12
CUST02652,Suresh Gupta,Female,25,Bengaluru,Karnataka,South,Consumer,2025-01-04
CUST02653,Sneha Kumar,Female,28,Chandigarh,Chandigarh,North,Small Business,2022-11-29
CUST02654,Ravi Rao,Male,33,Delhi,Delhi,North,Corporate,2023-11-22
CUST02655,Kavya Naidu,Male,41,Surat,Gujarat,West,Corporate,2023-07-14
CUST02656,Ravi Reddy,Male,51,Patna,Bihar,East,Consumer,2022-11-26
CUST02657,Rahul Iyer,Female,19,Kochi,Kerala,South,Consumer,2023-04-02
CUST02658,Pooja Mishra,Male,34,Surat,Gujarat,West,Consumer,2023-12-06
CUST02659,Divya Gupta,Female,47,Surat,Gujarat,West,Small Business,2023-11-08
CUST02660,Pooja Mehta,Female,18,Kochi,Kerala,South,Consumer,2023-03-14
CUST02661,Rahul Patel,Female,40,Hyderabad,Telangana,South,Consumer,2023-07-16
CUST02662,Swathi Naidu,Male,34,Surat,Gujarat,West,Consumer,2022-04-16
CUST02663,Ravi Das,Male,46,Patna,Bihar,East,Consumer,2024-06-23
CUST02664,Isha Das,Female,23,Patna,Bihar,East,Consumer,2025-06-16
CUST02665,Suresh Singh,Male,31,Patna,Bihar,East,Consumer,2024-12-26
CUST02666,Pooja Sharma,Female,38,Bhubaneswar,Odisha,East,Corporate,2024-11-12
CUST02667,Amit Naidu,Female,31,Bhubaneswar,Odisha,East,Corporate,2022-09-25
CUST02668,Nikhil Verma,Male,26,Lucknow,Uttar Pradesh,North,Consumer,2023-03-07
CUST02669,Swathi Iyer,Male,35,Kochi,Kerala,South,Consumer,2023-02-16
CUST02670,Varun Patel,Female,45,Bengaluru,Karnataka,South,Small Business,2024-08-01
CUST02671,Isha Singh,Male,29,Delhi,Delhi,North,Consumer,2025-07-10
CUST02672,Pooja Joshi,Female,30,Pune,Maharashtra,West,Consumer,2023-12-25
CUST02673,Priya Sharma,Female,21,Chandigarh,Chandigarh,North,Consumer,2022-08-20
CUST02674,Ananya Gupta,Male,41,Jaipur,Rajasthan,North,Consumer,2025-12-11
CUST02675,Arjun Das,Female,18,Jaipur,Rajasthan,North,Corporate,2025-04-12
CUST02676,Meera Mehta,Male,35,Delhi,Delhi,North,Consumer,2025-10-02
CUST02677,Ananya Gupta,Female,31,Bhubaneswar,Odisha,East,Consumer,2022-11-28
CUST02678,Rohan Naidu,Male,36,Surat,Gujarat,West,Consumer,2023-10-20
CUST02679,Ravi Verma,Male,43,Jaipur,Rajasthan,North,Small Business,2022-12-20
CUST02680,Sneha Sharma,Male,37,Surat,Gujarat,West,Corporate,2025-11-10
CUST02681,Meera Naidu,Male,21,Chennai,Tamil Nadu,South,Consumer,2023-05-28
CUST02682,Kavya Iyer,Male,53,Bengaluru,Karnataka,South,Consumer,2025-03-07
CUST02683,Pooja Mishra,Male,52,Chennai,Tamil Nadu,South,Consumer,2022-06-22
CUST02684,Vikram Das,Female,37,Delhi,Delhi,North,Corporate,2023-05-13
CUST02685,Ravi Mishra,Female,38,Pune,Maharashtra,West,Corporate,2023-12-15
CUST02686,Rohan Naidu,Male,18,Jaipur,Rajasthan,North,Corporate,2024-08-03
CUST02687,Priya Singh,Male,24,Chennai,Tamil Nadu,South,Corporate,2025-10-13
CUST02688,Suresh Das,Female,46,Surat,Gujarat,West,Consumer,2024-10-09
CUST02689,Sneha Das,Male,39,Bhubaneswar,Odisha,East,Consumer,2023-05-11
CUST02690,Ravi Das,Male,40,Kochi,Kerala,South,Consumer,2023-09-19
CUST02691,Swathi Verma,Male,41,Ahmedabad,Gujarat,West,Consumer,2024-04-29
CUST02692,Ravi Singh,Female,26,Bhubaneswar,Odisha,East,Corporate,2024-06-15
CUST02693,Suresh Sharma,Male,18,Bhubaneswar,Odisha,East,Corporate,2022-03-25
CUST02694,Kavya Reddy,Female,32,Patna,Bihar,East,Consumer,2022-08-22
CUST02695,Isha Iyer,Male,37,Chennai,Tamil Nadu,South,Consumer,2024-03-17
CUST02696,Neha Naidu,Male,55,Lucknow,Uttar Pradesh,North,Small Business,2025-03-21
CUST02697,Kavya Patel,Female,57,Ranchi,Jharkhand,East,Consumer,2025-04-22
CUST02698,Ananya Naidu,Female,25,Chennai,Tamil Nadu,South,Consumer,2023-04-17
CUST02699,Pooja Iyer,Female,24,Pune,Maharashtra,West,Consumer,2024-06-06
CUST02700,Rohan Reddy,Male,36,Delhi,Delhi,North,Small Business,2022-06-25
CUST02701,Swathi Patel,Male,41,Pune,Maharashtra,West,Consumer,2024-03-25
CUST02702,Meera Kumar,Male,33,Mumbai,Maharashtra,West,Small Business,2023-07-27
CUST02703,Rahul Kumar,Male,27,Hyderabad,Telangana,South,Consumer,2023-02-13
CUST02704,Meera Choudhary,Female,49,Patna,Bihar,East,Consumer,2022-03-25
CUST02705,Priya Choudhary,Male,21,Hyderabad,Telangana,South,Consumer,2025-08-27
CUST02706,Pooja Naidu,Female,30,Lucknow,Uttar Pradesh,North,Consumer,2023-07-16
CUST02707,Rahul Mishra,Male,35,Ranchi,Jharkhand,East,Corporate,2024-02-21
CUST02708,Ravi Kumar,Male,20,Patna,Bihar,East,Consumer,2023-03-09
CUST02709,Kavya Kumar,Female,36,Delhi,Delhi,North,Consumer,2023-02-24
CUST02710,Sneha Iyer,Male,34,Delhi,Delhi,North,Consumer,2025-08-26
CUST02711,Pooja Rao,Female,40,Hyderabad,Telangana,South,Consumer,2022-05-13
CUST02712,Isha Verma,Male,37,Mumbai,Maharashtra,West,Consumer,2023-09-01
CUST02713,Ravi Patel,Female,31,Delhi,Delhi,North,Small Business,2022-02-19
CUST02714,Kavya Reddy,Male,34,Ranchi,Jharkhand,East,Consumer,2022-12-01
CUST02715,Ravi Gupta,Female,21,Ranchi,Jharkhand,East,Small Business,2022-09-15
CUST02716,Isha Mehta,Female,25,Patna,Bihar,East,Consumer,2023-05-30
CUST02717,Rahul Choudhary,Female,41,Surat,Gujarat,West,Corporate,2022-09-19
CUST02718,Amit Reddy,Male,21,Bhubaneswar,Odisha,East,Corporate,2022-01-12
CUST02719,Kavya Naidu,Male,49,Patna,Bihar,East,Consumer,2022-03-21
CUST02720,Divya Sharma,Female,39,Kochi,Kerala,South,Corporate,2024-12-13
CUST02721,Arjun Iyer,Male,28,Ranchi,Jharkhand,East,Corporate,2023-08-22
CUST02722,Divya Iyer,Female,22,Mumbai,Maharashtra,West,Consumer,2023-12-10
CUST02723,Ananya Mishra,Male,33,Ahmedabad,Gujarat,West,Consumer,2023-05-02
CUST02724,Priya Choudhary,Female,45,Mumbai,Maharashtra,West,Consumer,2022-03-28
CUST02725,Varun Iyer,Male,32,Kolkata,West Bengal,East,Corporate,2023-01-10
CUST02726,Priya Joshi,Male,19,Delhi,Delhi,North,Consumer,2022-07-05
CUST02727,Meera Sharma,Female,26,Kolkata,West Bengal,East,Small Business,2023-06-20
CUST02728,Divya Joshi,Male,24,Kolkata,West Bengal,East,Consumer,2025-08-14
CUST02729,Meera Rao,Male,26,Chandigarh,Chandigarh,North,Corporate,2025-04-05
CUST02730,Pooja Verma,Female,35,Mumbai,Maharashtra,West,Small Business,2025-05-14
CUST02731,Divya Rao,Male,23,Chandigarh,Chandigarh,North,Corporate,2024-05-01
CUST02732,Rohan Sharma,Male,47,Hyderabad,Telangana,South,Consumer,2023-10-31
CUST02733,Nikhil Mishra,Female,35,Bhubaneswar,Odisha,East,Small Business,2022-04-13
CUST02734,Meera Rao,Female,18,Chennai,Tamil Nadu,South,Consumer,2025-02-22
CUST02735,Rahul Reddy,Male,18,Mumbai,Maharashtra,West,Consumer,2024-03-04
CUST02736,Sneha Rao,Male,39,Bengaluru,Karnataka,South,Consumer,2023-11-03
CUST02737,Nikhil Reddy,Male,29,Kolkata,West Bengal,East,Consumer,2025-05-31
CUST02738,Priya Verma,Male,33,Pune,Maharashtra,West,Consumer,2024-12-20
CUST02739,Arjun Verma,Female,31,Kochi,Kerala,South,Small Business,2023-08-31
CUST02740,Pooja Patel,Male,33,Delhi,Delhi,North,Consumer,2023-08-31
CUST02741,Divya Kumar,Female,33,Lucknow,Uttar Pradesh,North,Consumer,2025-09-25
CUST02742,Ravi Reddy,Female,30,Delhi,Delhi,North,Consumer,2022-01-16
CUST02743,Suresh Patel,Male,37,Mumbai,Maharashtra,West,Consumer,2022-06-15
CUST02744,Suresh Joshi,Male,18,Pune,Maharashtra,West,Consumer,2025-11-20
CUST02745,Arjun Das,Male,39,Mumbai,Maharashtra,West,Consumer,2022-04-24
CUST02746,Suresh Choudhary,Male,41,Chandigarh,Chandigarh,North,Consumer,2025-06-30
CUST02747,Divya Singh,Female,25,Mumbai,Maharashtra,West,Consumer,2025-05-22
CUST02748,Kavya Kumar,Male,22,Bengaluru,Karnataka,South,Consumer,2023-06-19
CUST02749,Kiran Rao,Male,30,Jaipur,Rajasthan,North,Consumer,2024-03-16
CUST02750,Kiran Gupta,Female,37,Hyderabad,Telangana,South,Corporate,2023-02-20
CUST02751,Vikram Verma,Female,57,Patna,Bihar,East,Consumer,2025-09-26
CUST02752,Pooja Mehta,Male,58,Bengaluru,Karnataka,South,Consumer,2025-06-26
CUST02753,Vikram Patel,Female,36,Mumbai,Maharashtra,West,Consumer,2022-07-10
CUST02754,Varun Iyer,Male,51,Bengaluru,Karnataka,South,Consumer,2024-12-05
CUST02755,Meera Sharma,Male,53,Delhi,Delhi,North,Consumer,2022-11-08
CUST02756,Priya Reddy,Female,32,Pune,Maharashtra,West,Corporate,2022-08-23
CUST02757,Kavya Singh,Male,44,Chennai,Tamil Nadu,South,Corporate,2022-10-17
CUST02758,Sneha Gupta,Male,32,Ranchi,Jharkhand,East,Consumer,2025-06-08
CUST02759,Rohan Naidu,Female,38,Bengaluru,Karnataka,South,Consumer,2023-06-07
CUST02760,Sneha Reddy,Female,26,Kochi,Kerala,South,Consumer,2025-05-16
CUST02761,Arjun Rao,Female,27,Bengaluru,Karnataka,South,Small Business,2023-01-29
CUST02762,Divya Das,Male,46,Bengaluru,Karnataka,South,Consumer,2025-06-11
CUST02763,Pooja Reddy,Male,29,Jaipur,Rajasthan,North,Consumer,2023-11-25
CUST02764,Varun Patel,Male,36,Chennai,Tamil Nadu,South,Corporate,2023-10-13
CUST02765,Kiran Iyer,Female,23,Chandigarh,Chandigarh,North,Small Business,2025-12-14
CUST02766,Divya Mehta,Male,52,Delhi,Delhi,North,Small Business,2022-03-10
CUST02767,Kiran Singh,Female,37,Ranchi,Jharkhand,East,Small Business,2024-12-06
CUST02768,Amit Mehta,Female,42,Patna,Bihar,East,Small Business,2025-10-20
CUST02769,Isha Patel,Female,29,Lucknow,Uttar Pradesh,North,Consumer,2022-01-29
CUST02770,Neha Joshi,Female,35,Mumbai,Maharashtra,West,Consumer,2025-11-16
CUST02771,Sneha Mehta,Male,32,Chennai,Tamil Nadu,South,Consumer,2025-06-17
CUST02772,Nikhil Choudhary,Male,39,Ranchi,Jharkhand,East,Consumer,2025-04-22
CUST02773,Sneha Rao,Female,41,Patna,Bihar,East,Consumer,2025-12-29
CUST02774,Suresh Mishra,Male,31,Hyderabad,Telangana,South,Consumer,2025-08-15
CUST02775,Vikram Mehta,Female,32,Jaipur,Rajasthan,North,Consumer,2025-01-24
CUST02776,Varun Rao,Male,24,Chennai,Tamil Nadu,South,Corporate,2024-02-16
CUST02777,Amit Verma,Female,30,Delhi,Delhi,North,Small Business,2023-06-08
CUST02778,Varun Iyer,Male,30,Kochi,Kerala,South,Consumer,2025-10-17
CUST02779,Meera Kumar,Female,18,Surat,Gujarat,West,Consumer,2024-02-18
CUST02780,Suresh Iyer,Male,49,Bengaluru,Karnataka,South,Corporate,2023-01-19
CUST02781,Neha Sharma,Male,37,Kolkata,West Bengal,East,Corporate,2023-09-16
CUST02782,Nikhil Naidu,Male,46,Kochi,Kerala,South,Consumer,2022-03-11
CUST02783,Ravi Kumar,Female,39,Chandigarh,Chandigarh,North,Corporate,2023-07-30
CUST02784,Amit Mishra,Male,31,Jaipur,Rajasthan,North,Small Business,2024-01-15
CUST02785,Sneha Reddy,Male,31,Ranchi,Jharkhand,East,Corporate,2024-08-12
CUST02786,Vikram Reddy,Male,35,Lucknow,Uttar Pradesh,North,Small Business,2023-01-12
CUST02787,Neha Mishra,Male,28,Patna,Bihar,East,Consumer,2022-05-04
CUST02788,Ananya Rao,Female,20,Delhi,Delhi,North,Consumer,2024-08-27
CUST02789,Sneha Kumar,Male,34,Patna,Bihar,East,Corporate,2025-05-17
CUST02790,Suresh Sharma,Female,36,Delhi,Delhi,North,Consumer,2024-11-15
CUST02791,Priya Reddy,Female,34,Chandigarh,Chandigarh,North,Consumer,2023-04-13
CUST02792,Ravi Kumar,Male,38,Pune,Maharashtra,West,Corporate,2022-10-19
CUST02793,Kiran Patel,Male,18,Jaipur,Rajasthan,North,Consumer,2022-12-26
CUST02794,Isha Choudhary,Female,42,Pune,Maharashtra,West,Corporate,2023-12-04
CUST02795,Pooja Sharma,Male,30,Jaipur,Rajasthan,North,Consumer,2022-06-28
CUST02796,Isha Choudhary,Female,36,Delhi,Delhi,North,Consumer,2023-07-01
CUST02797,Rohan Rao,Female,29,Bhubaneswar,Odisha,East,Consumer,2023-01-06
CUST02798,Ananya Verma,Male,44,Kolkata,West Bengal,East,Consumer,2025-05-11
CUST02799,Meera Mishra,Female,36,Lucknow,Uttar Pradesh,North,Corporate,2024-05-19
CUST02800,Neha Singh,Female,39,Bengaluru,Karnataka,South,Small Business,2022-11-27
CUST02801,Amit Naidu,Male,39,Kochi,Kerala,South,Corporate,2024-06-26
CUST02802,Nikhil Kumar,Male,41,Kolkata,West Bengal,East,Small Business,2022-04-17
CUST02803,Rahul Gupta,Male,20,Delhi,Delhi,North,Consumer,2022-10-27
CUST02804,Priya Gupta,Male,49,Kolkata,West Bengal,East,Consumer,2023-12-28
CUST02805,Kiran Naidu,Female,26,Jaipur,Rajasthan,North,Consumer,2024-11-15
CUST02806,Swathi Choudhary,Female,27,Chennai,Tamil Nadu,South,Small Business,2025-08-05
CUST02807,Sneha Kumar,Female,32,Lucknow,Uttar Pradesh,North,Consumer,2024-09-22
CUST02808,Meera Singh,Female,36,Bhubaneswar,Odisha,East,Consumer,2024-10-13
CUST02809,Arjun Kumar,Female,36,Jaipur,Rajasthan,North,Consumer,2023-10-18
CUST02810,Amit Sharma,Female,34,Ranchi,Jharkhand,East,Consumer,2023-03-23
CUST02811,Swathi Sharma,Male,26,Bhubaneswar,Odisha,East,Consumer,2023-07-31
CUST02812,Nikhil Verma,Male,39,Bengaluru,Karnataka,South,Small Business,2025-09-17
CUST02813,Divya Joshi,Male,18,Surat,Gujarat,West,Corporate,2023-03-20
CUST02814,Divya Sharma,Male,44,Hyderabad,Telangana,South,Consumer,2025-02-27
CUST02815,Arjun Iyer,Male,27,Mumbai,Maharashtra,West,Consumer,2024-04-19
CUST02816,Arjun Joshi,Male,32,Chennai,Tamil Nadu,South,Consumer,2022-04-05
CUST02817,Amit Singh,Female,29,Hyderabad,Telangana,South,Consumer,2023-11-15
CUST02818,Kiran Iyer,Male,18,Bhubaneswar,Odisha,East,Corporate,2024-12-27
CUST02819,Ravi Mehta,Male,25,Lucknow,Uttar Pradesh,North,Corporate,2025-08-05
CUST02820,Isha Joshi,Female,23,Kolkata,West Bengal,East,Consumer,2025-04-12
CUST02821,Isha Das,Male,34,Kochi,Kerala,South,Consumer,2025-04-22
CUST02822,Ananya Naidu,Male,44,Hyderabad,Telangana,South,Corporate,2024-08-03
CUST02823,Suresh Sharma,Male,37,Lucknow,Uttar Pradesh,North,Corporate,2022-06-09
CUST02824,Varun Choudhary,Female,35,Delhi,Delhi,North,Consumer,2024-08-05
CUST02825,Sneha Naidu,Male,34,Bengaluru,Karnataka,South,Corporate,2024-12-16
CUST02826,Kiran Choudhary,Female,26,Delhi,Delhi,North,Consumer,2025-05-13
CUST02827,Suresh Iyer,Female,37,Surat,Gujarat,West,Consumer,2023-01-07
CUST02828,Isha Mehta,Male,35,Ahmedabad,Gujarat,West,Corporate,2022-04-30
CUST02829,Suresh Choudhary,Female,45,Chandigarh,Chandigarh,North,Consumer,2022-09-28
CUST02830,Sneha Singh,Male,31,Ranchi,Jharkhand,East,Small Business,2025-10-09
CUST02831,Pooja Kumar,Male,38,Kochi,Kerala,South,Consumer,2022-01-28
CUST02832,Divya Joshi,Female,28,Bhubaneswar,Odisha,East,Small Business,2025-07-18
CUST02833,Kavya Choudhary,Female,26,Chennai,Tamil Nadu,South,Corporate,2025-11-14
CUST02834,Rohan Kumar,Female,32,Jaipur,Rajasthan,North,Consumer,2023-03-11
CUST02835,Varun Mehta,Female,47,Lucknow,Uttar Pradesh,North,Consumer,2024-02-27
CUST02836,Kavya Iyer,Female,25,Jaipur,Rajasthan,North,Consumer,2024-06-02
CUST02837,Neha Gupta,Female,41,Lucknow,Uttar Pradesh,North,Small Business,2024-08-13
CUST02838,Neha Joshi,Male,18,Chennai,Tamil Nadu,South,Consumer,2022-08-11
CUST02839,Ananya Kumar,Male,41,Lucknow,Uttar Pradesh,North,Consumer,2022-06-16
CUST02840,Arjun Verma,Male,34,Chandigarh,Chandigarh,North,Corporate,2022-06-08
CUST02841,Priya Gupta,Male,42,Ranchi,Jharkhand,East,Corporate,2022-09-07
CUST02842,Suresh Iyer,Male,33,Kolkata,West Bengal,East,Consumer,2024-08-30
CUST02843,Divya Verma,Female,36,Pune,Maharashtra,West,Corporate,2022-09-23
CUST02844,Rohan Mehta,Male,26,Hyderabad,Telangana,South,Small Business,2023-06-14
CUST02845,Varun Gupta,Male,18,Chennai,Tamil Nadu,South,Consumer,2025-11-04
CUST02846,Isha Joshi,Male,29,Bhubaneswar,Odisha,East,Corporate,2023-08-22
CUST02847,Swathi Naidu,Male,39,Mumbai,Maharashtra,West,Corporate,2023-09-10
CUST02848,Ravi Iyer,Female,36,Surat,Gujarat,West,Corporate,2024-05-16
CUST02849,Amit Das,Female,43,Kolkata,West Bengal,East,Small Business,2024-05-05
CUST02850,Neha Verma,Female,34,Lucknow,Uttar Pradesh,North,Consumer,2025-12-10
CUST02851,Ananya Sharma,Female,29,Ranchi,Jharkhand,East,Small Business,2024-09-23
CUST02852,Vikram Naidu,Male,36,Delhi,Delhi,North,Consumer,2025-04-14
CUST02853,Vikram Mehta,Male,25,Patna,Bihar,East,Consumer,2022-01-27
CUST02854,Ananya Choudhary,Male,36,Delhi,Delhi,North,Consumer,2022-02-05
CUST02855,Ravi Das,Female,48,Mumbai,Maharashtra,West,Corporate,2025-10-30
CUST02856,Ananya Verma,Female,47,Patna,Bihar,East,Consumer,2022-06-02
CUST02857,Vikram Mishra,Male,43,Hyderabad,Telangana,South,Consumer,2024-03-14
CUST02858,Ananya Mehta,Male,33,Chennai,Tamil Nadu,South,Consumer,2022-08-21
CUST02859,Amit Kumar,Male,26,Ranchi,Jharkhand,East,Consumer,2022-08-31
CUST02860,Meera Verma,Male,42,Surat,Gujarat,West,Corporate,2023-02-24
CUST02861,Divya Naidu,Male,32,Chennai,Tamil Nadu,South,Small Business,2024-03-14
CUST02862,Arjun Sharma,Male,33,Pune,Maharashtra,West,Consumer,2023-08-26
CUST02863,Pooja Naidu,Male,24,Delhi,Delhi,North,Consumer,2022-02-24
CUST02864,Varun Mishra,Male,30,Kolkata,West Bengal,East,Corporate,2024-01-16
CUST02865,Pooja Naidu,Male,28,Ahmedabad,Gujarat,West,Small Business,2023-07-22
CUST02866,Rahul Iyer,Male,38,Lucknow,Uttar Pradesh,North,Corporate,2023-10-17
CUST02867,Divya Iyer,Male,21,Pune,Maharashtra,West,Corporate,2022-05-24
CUST02868,Neha Joshi,Female,52,Bengaluru,Karnataka,South,Consumer,2023-07-30
CUST02869,Vikram Reddy,Male,38,Kochi,Kerala,South,Corporate,2024-06-25
CUST02870,Meera Sharma,Female,18,Patna,Bihar,East,Consumer,2022-12-28
CUST02871,Kavya Patel,Female,46,Chandigarh,Chandigarh,North,Consumer,2025-05-22
CUST02872,Arjun Mishra,Female,45,Ranchi,Jharkhand,East,Consumer,2025-02-02
CUST02873,Kiran Sharma,Female,34,Chennai,Tamil Nadu,South,Consumer,2022-01-15
CUST02874,Amit Das,Female,37,Ranchi,Jharkhand,East,Consumer,2024-09-25
CUST02875,Ananya Patel,Male,18,Kochi,Kerala,South,Consumer,2022-03-04
CUST02876,Kiran Verma,Male,28,Jaipur,Rajasthan,North,Consumer,2022-04-08
CUST02877,Ravi Das,Female,31,Chandigarh,Chandigarh,North,Consumer,2025-03-02
CUST02878,Suresh Mishra,Male,40,Kochi,Kerala,South,Corporate,2024-11-07
CUST02879,Rahul Gupta,Female,35,Bengaluru,Karnataka,South,Corporate,2024-11-02
CUST02880,Suresh Verma,Male,18,Delhi,Delhi,North,Consumer,2024-12-02
CUST02881,Varun Mishra,Female,42,Jaipur,Rajasthan,North,Consumer,2025-06-10
CUST02882,Ananya Rao,Female,32,Patna,Bihar,East,Consumer,2024-03-17
CUST02883,Kavya Reddy,Male,41,Delhi,Delhi,North,Consumer,2024-09-20
CUST02884,Sneha Iyer,Female,26,Lucknow,Uttar Pradesh,North,Corporate,2022-02-03
CUST02885,Varun Iyer,Female,32,Ahmedabad,Gujarat,West,Consumer,2023-09-11
CUST02886,Nikhil Gupta,Male,42,Chennai,Tamil Nadu,South,Consumer,2022-10-29
CUST02887,Ravi Verma,Female,35,Pune,Maharashtra,West,Consumer,2023-03-21
CUST02888,Pooja Mehta,Male,39,Surat,Gujarat,West,Consumer,2025-07-13
CUST02889,Vikram Gupta,Male,34,Ranchi,Jharkhand,East,Corporate,2024-04-28
CUST02890,Sneha Joshi,Female,43,Kochi,Kerala,South,Small Business,2025-07-06
CUST02891,Neha Reddy,Female,46,Chennai,Tamil Nadu,South,Corporate,2024-06-26
CUST02892,Ravi Sharma,Male,34,Delhi,Delhi,North,Consumer,2023-11-15
CUST02893,Priya Joshi,Male,35,Ranchi,Jharkhand,East,Corporate,2023-09-02
CUST02894,Divya Singh,Male,32,Surat,Gujarat,West,Consumer,2025-07-13
CUST02895,Varun Kumar,Female,39,Kochi,Kerala,South,Corporate,2022-07-20
CUST02896,Kiran Choudhary,Male,31,Chennai,Tamil Nadu,South,Small Business,2024-10-14
CUST02897,Divya Singh,Male,26,Mumbai,Maharashtra,West,Corporate,2023-05-25
CUST02898,Nikhil Patel,Male,31,Hyderabad,Telangana,South,Consumer,2024-03-26
CUST02899,Rahul Naidu,Female,28,Hyderabad,Telangana,South,Consumer,2022-12-24
CUST02900,Rahul Reddy,Male,42,Mumbai,Maharashtra,West,Corporate,2025-10-02
CUST02901,Vikram Singh,Female,40,Jaipur,Rajasthan,North,Consumer,2023-03-26
CUST02902,Rohan Kumar,Female,36,Chennai,Tamil Nadu,South,Consumer,2022-05-23
CUST02903,Arjun Choudhary,Female,49,Ranchi,Jharkhand,East,Consumer,2025-09-01
CUST02904,Vikram Das,Male,38,Bengaluru,Karnataka,South,Corporate,2025-01-24
CUST02905,Nikhil Kumar,Female,51,Jaipur,Rajasthan,North,Corporate,2023-05-24
CUST02906,Amit Choudhary,Male,48,Surat,Gujarat,West,Small Business,2022-06-26
CUST02907,Suresh Mishra,Female,29,Pune,Maharashtra,West,Small Business,2022-04-06
CUST02908,Amit Joshi,Male,34,Ranchi,Jharkhand,East,Consumer,2023-02-04
CUST02909,Priya Iyer,Male,43,Lucknow,Uttar Pradesh,North,Consumer,2025-06-13
CUST02910,Priya Iyer,Male,43,Surat,Gujarat,West,Corporate,2025-11-25
CUST02911,Sneha Verma,Male,32,Delhi,Delhi,North,Consumer,2025-12-12
CUST02912,Kiran Gupta,Female,21,Lucknow,Uttar Pradesh,North,Consumer,2022-10-06
CUST02913,Pooja Naidu,Female,45,Chandigarh,Chandigarh,North,Corporate,2023-08-20
CUST02914,Varun Mehta,Male,38,Ahmedabad,Gujarat,West,Corporate,2025-06-13
CUST02915,Vikram Verma,Female,36,Chennai,Tamil Nadu,South,Corporate,2023-09-07
CUST02916,Suresh Mehta,Female,41,Chennai,Tamil Nadu,South,Corporate,2022-01-24
CUST02917,Divya Choudhary,Male,43,Chandigarh,Chandigarh,North,Corporate,2025-01-16
CUST02918,Ravi Mishra,Male,27,Kolkata,West Bengal,East,Consumer,2022-03-19
CUST02919,Pooja Kumar,Male,23,Ranchi,Jharkhand,East,Small Business,2022-08-29
CUST02920,Vikram Sharma,Male,24,Kolkata,West Bengal,East,Consumer,2025-06-18
CUST02921,Divya Rao,Female,22,Chandigarh,Chandigarh,North,Consumer,2025-08-15
CUST02922,Ananya Sharma,Male,27,Bengaluru,Karnataka,South,Small Business,2022-01-31
CUST02923,Rahul Naidu,Male,30,Jaipur,Rajasthan,North,Consumer,2023-01-26
CUST02924,Vikram Joshi,Female,46,Kochi,Kerala,South,Consumer,2025-07-07
CUST02925,Sneha Iyer,Male,31,Kochi,Kerala,South,Consumer,2023-11-25
CUST02926,Neha Reddy,Female,18,Hyderabad,Telangana,South,Corporate,2025-05-05
CUST02927,Pooja Rao,Male,18,Patna,Bihar,East,Corporate,2022-11-06
CUST02928,Neha Verma,Female,27,Bengaluru,Karnataka,South,Consumer,2024-10-14
CUST02929,Vikram Verma,Male,29,Mumbai,Maharashtra,West,Consumer,2022-07-01
CUST02930,Ravi Rao,Male,36,Bhubaneswar,Odisha,East,Consumer,2022-01-30
CUST02931,Ravi Kumar,Male,33,Bhubaneswar,Odisha,East,Small Business,2022-06-17
CUST02932,Divya Sharma,Male,25,Ahmedabad,Gujarat,West,Consumer,2025-05-10
CUST02933,Divya Iyer,Female,26,Lucknow,Uttar Pradesh,North,Consumer,2024-10-15
CUST02934,Vikram Sharma,Female,25,Kochi,Kerala,South,Corporate,2025-01-21
CUST02935,Divya Singh,Female,18,Kochi,Kerala,South,Consumer,2022-01-30
CUST02936,Pooja Mishra,Female,37,Delhi,Delhi,North,Corporate,2022-12-06
CUST02937,Sneha Joshi,Male,33,Kolkata,West Bengal,East,Consumer,2023-04-11
CUST02938,Neha Reddy,Female,39,Bengaluru,Karnataka,South,Consumer,2024-12-25
CUST02939,Nikhil Naidu,Female,19,Chandigarh,Chandigarh,North,Consumer,2023-07-26
CUST02940,Priya Patel,Male,46,Bhubaneswar,Odisha,East,Consumer,2023-04-13
CUST02941,Rohan Rao,Male,36,Jaipur,Rajasthan,North,Consumer,2023-08-29
CUST02942,Priya Patel,Male,41,Patna,Bihar,East,Consumer,2022-05-14
CUST02943,Arjun Kumar,Male,22,Kochi,Kerala,South,Consumer,2024-03-14
CUST02944,Kavya Choudhary,Male,36,Kochi,Kerala,South,Consumer,2023-01-03
CUST02945,Kiran Sharma,Female,33,Patna,Bihar,East,Consumer,2022-09-03
CUST02946,Ananya Patel,Male,32,Lucknow,Uttar Pradesh,North,Consumer,2025-09-21
CUST02947,Kavya Iyer,Female,27,Chandigarh,Chandigarh,North,Consumer,2022-01-22
CUST02948,Isha Choudhary,Male,20,Chennai,Tamil Nadu,South,Corporate,2023-08-26
CUST02949,Suresh Verma,Male,26,Surat,Gujarat,West,Consumer,2024-01-11
CUST02950,Pooja Patel,Female,39,Kochi,Kerala,South,Corporate,2024-05-05
CUST02951,Rahul Verma,Female,28,Jaipur,Rajasthan,North,Consumer,2022-12-19
CUST02952,Vikram Verma,Male,41,Lucknow,Uttar Pradesh,North,Corporate,2025-07-05
CUST02953,Rohan Mishra,Female,30,Chennai,Tamil Nadu,South,Consumer,2023-08-05
CUST02954,Varun Verma,Female,18,Kochi,Kerala,South,Consumer,2023-07-23
CUST02955,Swathi Sharma,Male,26,Pune,Maharashtra,West,Consumer,2024-03-14
CUST02956,Kiran Mehta,Male,33,Ahmedabad,Gujarat,West,Consumer,2023-08-13
CUST02957,Isha Reddy,Female,31,Jaipur,Rajasthan,North,Consumer,2022-08-25
CUST02958,Divya Patel,Female,36,Chandigarh,Chandigarh,North,Consumer,2022-06-14
CUST02959,Arjun Kumar,Male,31,Mumbai,Maharashtra,West,Consumer,2024-10-19
CUST02960,Rohan Gupta,Male,24,Ahmedabad,Gujarat,West,Consumer,2025-10-11
CUST02961,Priya Das,Male,26,Bhubaneswar,Odisha,East,Corporate,2023-10-10
CUST02962,Kiran Patel,Male,27,Bhubaneswar,Odisha,East,Small Business,2022-07-13
CUST02963,Amit Rao,Female,43,Mumbai,Maharashtra,West,Corporate,2023-06-09
CUST02964,Sneha Iyer,Female,41,Ahmedabad,Gujarat,West,Consumer,2022-12-16
CUST02965,Meera Joshi,Male,25,Kolkata,West Bengal,East,Corporate,2024-06-17
CUST02966,Rahul Gupta,Male,42,Delhi,Delhi,North,Consumer,2023-06-10
CUST02967,Vikram Verma,Female,42,Ranchi,Jharkhand,East,Consumer,2025-01-20
CUST02968,Amit Reddy,Female,41,Jaipur,Rajasthan,North,Consumer,2022-04-13
CUST02969,Isha Iyer,Male,45,Hyderabad,Telangana,South,Consumer,2024-03-20
CUST02970,Vikram Choudhary,Male,33,Bengaluru,Karnataka,South,Consumer,2023-06-11
CUST02971,Suresh Naidu,Male,18,Ahmedabad,Gujarat,West,Consumer,2025-09-25
CUST02972,Isha Verma,Male,20,Bhubaneswar,Odisha,East,Consumer,2022-09-20
CUST02973,Neha Joshi,Male,20,Surat,Gujarat,West,Consumer,2025-08-24
CUST02974,Isha Choudhary,Male,40,Mumbai,Maharashtra,West,Consumer,2024-03-20
CUST02975,Suresh Sharma,Male,26,Hyderabad,Telangana,South,Consumer,2022-10-25
CUST02976,Amit Patel,Female,34,Kolkata,West Bengal,East,Consumer,2022-02-07
CUST02977,Ananya Singh,Female,34,Hyderabad,Telangana,South,Consumer,2024-12-21
CUST02978,Swathi Das,Male,49,Ahmedabad,Gujarat,West,Corporate,2022-08-23
CUST02979,Rahul Rao,Female,35,Mumbai,Maharashtra,West,Consumer,2025-02-11
CUST02980,Pooja Das,Female,38,Surat,Gujarat,West,Consumer,2023-10-18
CUST02981,Divya Choudhary,Female,43,Surat,Gujarat,West,Corporate,2024-02-19
CUST02982,Ravi Das,Male,44,Mumbai,Maharashtra,West,Consumer,2025-10-29
CUST02983,Pooja Joshi,Male,18,Patna,Bihar,East,Consumer,2024-11-02
CUST02984,Ananya Mehta,Female,52,Ranchi,Jharkhand,East,Corporate,2022-01-11
CUST02985,Kiran Verma,Female,18,Hyderabad,Telangana,South,Consumer,2023-05-30
CUST02986,Rahul Mishra,Female,32,Chandigarh,Chandigarh,North,Corporate,2024-03-20
CUST02987,Arjun Iyer,Male,22,Hyderabad,Telangana,South,Corporate,2025-08-25
CUST02988,Kavya Mishra,Female,42,Pune,Maharashtra,West,Consumer,2024-09-14
CUST02989,Ananya Naidu,Male,46,Ahmedabad,Gujarat,West,Corporate,2024-02-14
CUST02990,Nikhil Patel,Male,27,Ranchi,Jharkhand,East,Consumer,2025-11-10
CUST02991,Sneha Das,Male,22,Mumbai,Maharashtra,West,Consumer,2025-10-15
CUST02992,Isha Verma,Female,33,Surat,Gujarat,West,Small Business,2025-10-09
CUST02993,Rohan Rao,Male,31,Ranchi,Jharkhand,East,Corporate,2024-02-15
CUST02994,Amit Mehta,Male,43,Mumbai,Maharashtra,West,Consumer,2022-05-27
CUST02995,Meera Das,Female,28,Ranchi,Jharkhand,East,Small Business,2022-08-13
CUST02996,Ananya Joshi,Male,25,Bhubaneswar,Odisha,East,Corporate,2025-01-26
CUST02997,Vikram Gupta,Female,29,Chennai,Tamil Nadu,South,Consumer,2024-07-04
CUST02998,Neha Patel,Female,34,Pune,Maharashtra,West,Small Business,2022-01-24
CUST02999,Nikhil Rao,Female,18,Surat,Gujarat,West,Consumer,2023-03-24
CUST03000,Kavya Kumar,Male,18,Ranchi,Jharkhand,East,Consumer,2024-11-13
CUST03001,Isha Sharma,Male,36,Kolkata,West Bengal,East,Small Business,2022-06-02
CUST03002,Meera Joshi,Female,48,Ranchi,Jharkhand,East,Consumer,2024-02-04
CUST03003,Ravi Kumar,Male,25,Ranchi,Jharkhand,East,Small Business,2024-01-21
CUST03004,Meera Choudhary,Male,48,Chennai,Tamil Nadu,South,Consumer,2023-05-27
CUST03005,Kavya Mishra,Male,30,Bhubaneswar,Odisha,East,Consumer,2023-12-19
CUST03006,Varun Patel,Female,30,Kochi,Kerala,South,Corporate,2023-07-16
CUST03007,Ravi Patel,Male,47,Hyderabad,Telangana,South,Consumer,2024-09-24
CUST03008,Swathi Rao,Female,30,Kochi,Kerala,South,Consumer,2024-11-04
CUST03009,Arjun Reddy,Female,47,Pune,Maharashtra,West,Small Business,2024-08-11
CUST03010,Meera Naidu,Female,34,Jaipur,Rajasthan,North,Corporate,2024-11-01
CUST03011,Kavya Naidu,Male,36,Surat,Gujarat,West,Consumer,2024-01-26
CUST03012,Swathi Reddy,Female,41,Bhubaneswar,Odisha,East,Consumer,2025-08-21
CUST03013,Swathi Joshi,Female,18,Delhi,Delhi,North,Corporate,2022-06-24
CUST03014,Pooja Choudhary,Female,50,Chandigarh,Chandigarh,North,Small Business,2023-04-14
CUST03015,Swathi Naidu,Female,26,Patna,Bihar,East,Small Business,2022-12-06
CUST03016,Neha Gupta,Female,18,Delhi,Delhi,North,Small Business,2022-01-15
CUST03017,Kiran Das,Female,35,Delhi,Delhi,North,Consumer,2024-03-04
CUST03018,Nikhil Singh,Male,34,Kochi,Kerala,South,Small Business,2023-01-24
CUST03019,Vikram Reddy,Male,24,Mumbai,Maharashtra,West,Consumer,2025-07-14
CUST03020,Rahul Rao,Female,18,Jaipur,Rajasthan,North,Small Business,2023-04-10
CUST03021,Pooja Singh,Female,22,Ranchi,Jharkhand,East,Small Business,2024-04-07
CUST03022,Priya Gupta,Female,35,Delhi,Delhi,North,Small Business,2025-07-27
CUST03023,Ravi Sharma,Female,24,Kochi,Kerala,South,Corporate,2022-08-10
CUST03024,Neha Mehta,Male,32,Patna,Bihar,East,Consumer,2022-08-01
CUST03025,Kiran Mishra,Female,40,Patna,Bihar,East,Consumer,2022-09-18
CUST03026,Arjun Kumar,Male,29,Ahmedabad,Gujarat,West,Consumer,2023-10-24
CUST03027,Ananya Mehta,Male,25,Kochi,Kerala,South,Consumer,2023-07-24
CUST03028,Divya Naidu,Male,37,Delhi,Delhi,North,Consumer,2024-11-01
CUST03029,Suresh Patel,Male,46,Lucknow,Uttar Pradesh,North,Consumer,2023-08-16
CUST03030,Priya Mishra,Male,27,Patna,Bihar,East,Consumer,2024-12-01
CUST03031,Kavya Reddy,Male,39,Kochi,Kerala,South,Small Business,2022-02-08
CUST03032,Kavya Naidu,Female,35,Lucknow,Uttar Pradesh,North,Consumer,2022-03-25
CUST03033,Kiran Choudhary,Male,18,Jaipur,Rajasthan,North,Consumer,2023-02-07
CUST03034,Rahul Mehta,Male,44,Chandigarh,Chandigarh,North,Small Business,2023-06-15
CUST03035,Kiran Iyer,Male,26,Pune,Maharashtra,West,Consumer,2025-01-11
CUST03036,Kavya Joshi,Female,20,Chandigarh,Chandigarh,North,Consumer,2022-03-30
CUST03037,Ananya Reddy,Male,36,Ranchi,Jharkhand,East,Consumer,2024-05-25
CUST03038,Swathi Mehta,Male,34,Bhubaneswar,Odisha,East,Consumer,2022-08-05
CUST03039,Swathi Choudhary,Female,44,Hyderabad,Telangana,South,Consumer,2024-09-11
CUST03040,Pooja Mishra,Female,35,Kochi,Kerala,South,Corporate,2025-12-30
CUST03041,Kavya Das,Female,30,Ranchi,Jharkhand,East,Consumer,2025-07-06
CUST03042,Arjun Iyer,Male,38,Jaipur,Rajasthan,North,Consumer,2023-12-23
CUST03043,Isha Kumar,Male,38,Patna,Bihar,East,Corporate,2024-09-12
CUST03044,Pooja Mishra,Female,41,Ranchi,Jharkhand,East,Corporate,2025-03-23
CUST03045,Vikram Verma,Female,42,Ranchi,Jharkhand,East,Corporate,2024-01-31
CUST03046,Pooja Verma,Female,37,Kochi,Kerala,South,Consumer,2023-04-01
CUST03047,Neha Choudhary,Male,38,Chennai,Tamil Nadu,South,Small Business,2025-12-08
CUST03048,Meera Kumar,Male,27,Jaipur,Rajasthan,North,Consumer,2025-07-28
CUST03049,Amit Rao,Female,31,Patna,Bihar,East,Consumer,2022-06-14
CUST03050,Vikram Singh,Male,40,Patna,Bihar,East,Consumer,2025-01-03
CUST03051,Divya Sharma,Male,34,Kolkata,West Bengal,East,Consumer,2023-02-11
CUST03052,Neha Verma,Male,32,Chandigarh,Chandigarh,North,Consumer,2022-05-14
CUST03053,Swathi Verma,Male,24,Hyderabad,Telangana,South,Consumer,2024-04-07
CUST03054,Kiran Singh,Male,43,Chandigarh,Chandigarh,North,Consumer,2022-06-30
CUST03055,Ravi Choudhary,Female,45,Hyderabad,Telangana,South,Consumer,2022-09-23
CUST03056,Rohan Rao,Male,39,Ranchi,Jharkhand,East,Corporate,2025-01-23
CUST03057,Suresh Singh,Male,54,Bhubaneswar,Odisha,East,Consumer,2023-02-05
CUST03058,Ananya Naidu,Female,23,Ahmedabad,Gujarat,West,Consumer,2022-01-25
CUST03059,Arjun Sharma,Male,27,Ranchi,Jharkhand,East,Corporate,2023-02-08
CUST03060,Kavya Joshi,Female,30,Hyderabad,Telangana,South,Consumer,2025-08-08
CUST03061,Neha Verma,Male,37,Pune,Maharashtra,West,Small Business,2023-12-16
CUST03062,Pooja Choudhary,Male,22,Ranchi,Jharkhand,East,Corporate,2023-10-01
CUST03063,Rahul Mehta,Female,23,Bhubaneswar,Odisha,East,Consumer,2024-12-21
CUST03064,Divya Joshi,Male,36,Pune,Maharashtra,West,Consumer,2022-06-28
CUST03065,Varun Mishra,Male,44,Mumbai,Maharashtra,West,Consumer,2024-09-03
CUST03066,Suresh Das,Female,37,Chennai,Tamil Nadu,South,Consumer,2023-09-17
CUST03067,Rohan Verma,Female,32,Hyderabad,Telangana,South,Consumer,2024-10-11
CUST03068,Neha Mishra,Male,38,Lucknow,Uttar Pradesh,North,Consumer,2023-02-26
CUST03069,Varun Mishra,Male,46,Ranchi,Jharkhand,East,Small Business,2025-07-06
CUST03070,Neha Iyer,Male,18,Kolkata,West Bengal,East,Consumer,2023-08-23
CUST03071,Kavya Sharma,Male,47,Hyderabad,Telangana,South,Small Business,2022-01-24
CUST03072,Meera Joshi,Female,32,Ranchi,Jharkhand,East,Consumer,2022-06-29
CUST03073,Varun Gupta,Male,26,Bengaluru,Karnataka,South,Corporate,2023-11-23
CUST03074,Priya Mehta,Male,29,Bengaluru,Karnataka,South,Consumer,2023-11-12
CUST03075,Pooja Verma,Male,30,Bengaluru,Karnataka,South,Consumer,2022-08-20
CUST03076,Meera Rao,Female,33,Surat,Gujarat,West,Small Business,2023-09-11
CUST03077,Kavya Das,Male,49,Jaipur,Rajasthan,North,Corporate,2025-05-28
CUST03078,Varun Gupta,Female,35,Surat,Gujarat,West,Consumer,2023-05-26
CUST03079,Rahul Mehta,Male,28,Pune,Maharashtra,West,Consumer,2025-10-05
CUST03080,Amit Verma,Male,32,Surat,Gujarat,West,Small Business,2025-04-20
CUST03081,Arjun Mehta,Male,32,Delhi,Delhi,North,Consumer,2025-03-18
CUST03082,Isha Das,Female,37,Pune,Maharashtra,West,Consumer,2025-11-19
CUST03083,Amit Rao,Male,34,Kochi,Kerala,South,Corporate,2023-05-04
CUST03084,Nikhil Gupta,Female,40,Patna,Bihar,East,Consumer,2024-10-21
CUST03085,Pooja Rao,Male,23,Kolkata,West Bengal,East,Corporate,2022-05-09
CUST03086,Varun Kumar,Female,36,Ranchi,Jharkhand,East,Small Business,2025-12-10
CUST03087,Pooja Singh,Male,38,Hyderabad,Telangana,South,Corporate,2024-07-01
CUST03088,Arjun Reddy,Female,36,Kolkata,West Bengal,East,Corporate,2024-09-22
CUST03089,Sneha Kumar,Female,26,Bengaluru,Karnataka,South,Small Business,2023-08-22
CUST03090,Varun Gupta,Male,45,Jaipur,Rajasthan,North,Consumer,2025-04-02
CUST03091,Ravi Mehta,Female,30,Kochi,Kerala,South,Consumer,2022-07-26
CUST03092,Nikhil Gupta,Male,27,Pune,Maharashtra,West,Consumer,2025-01-31
CUST03093,Ravi Sharma,Female,36,Ranchi,Jharkhand,East,Consumer,2024-01-05
CUST03094,Ananya Naidu,Male,27,Lucknow,Uttar Pradesh,North,Small Business,2023-09-12
CUST03095,Rohan Iyer,Male,51,Hyderabad,Telangana,South,Corporate,2025-07-28
CUST03096,Neha Mishra,Female,37,Kolkata,West Bengal,East,Corporate,2024-09-10
CUST03097,Rohan Naidu,Female,35,Surat,Gujarat,West,Consumer,2022-10-24
CUST03098,Meera Rao,Female,33,Jaipur,Rajasthan,North,Small Business,2023-08-02
CUST03099,Kavya Kumar,Male,39,Kolkata,West Bengal,East,Consumer,2024-08-19
CUST03100,Rohan Mehta,Female,30,Lucknow,Uttar Pradesh,North,Corporate,2023-06-15
CUST03101,Vikram Singh,Female,38,Chandigarh,Chandigarh,North,Consumer,2024-02-03
CUST03102,Ravi Reddy,Male,41,Surat,Gujarat,West,Corporate,2022-01-22
CUST03103,Vikram Kumar,Male,20,Ranchi,Jharkhand,East,Corporate,2023-11-01
CUST03104,Rohan Singh,Female,36,Chandigarh,Chandigarh,North,Corporate,2024-06-04
CUST03105,Varun Kumar,Male,38,Kochi,Kerala,South,Corporate,2022-06-29
CUST03106,Ananya Patel,Male,38,Surat,Gujarat,West,Consumer,2023-01-29
CUST03107,Amit Kumar,Female,49,Mumbai,Maharashtra,West,Consumer,2024-03-26
CUST03108,Sneha Sharma,Female,39,Patna,Bihar,East,Corporate,2025-06-21
CUST03109,Priya Joshi,Female,30,Kochi,Kerala,South,Small Business,2023-03-26
CUST03110,Suresh Sharma,Male,27,Lucknow,Uttar Pradesh,North,Consumer,2022-11-15
CUST03111,Ananya Das,Female,18,Delhi,Delhi,North,Consumer,2024-11-02
CUST03112,Kiran Singh,Female,24,Mumbai,Maharashtra,West,Consumer,2023-10-06
CUST03113,Ravi Sharma,Male,23,Patna,Bihar,East,Consumer,2024-04-07
CUST03114,Isha Singh,Male,36,Bengaluru,Karnataka,South,Consumer,2025-07-22
CUST03115,Nikhil Mishra,Female,33,Ahmedabad,Gujarat,West,Corporate,2023-05-02
CUST03116,Ananya Choudhary,Female,42,Pune,Maharashtra,West,Small Business,2023-03-14
CUST03117,Ravi Das,Female,22,Mumbai,Maharashtra,West,Corporate,2023-12-23
CUST03118,Isha Singh,Female,29,Kolkata,West Bengal,East,Consumer,2022-03-20
CUST03119,Varun Joshi,Male,47,Chennai,Tamil Nadu,South,Small Business,2025-10-19
CUST03120,Neha Joshi,Female,26,Surat,Gujarat,West,Consumer,2023-01-27
CUST03121,Sneha Singh,Male,32,Pune,Maharashtra,West,Corporate,2024-11-05
CUST03122,Rahul Joshi,Female,28,Chandigarh,Chandigarh,North,Corporate,2024-11-12
CUST03123,Ananya Choudhary,Female,37,Bhubaneswar,Odisha,East,Consumer,2025-09-26
CUST03124,Suresh Joshi,Male,40,Kolkata,West Bengal,East,Corporate,2022-04-07
CUST03125,Isha Mishra,Female,27,Ahmedabad,Gujarat,West,Corporate,2024-05-30
CUST03126,Sneha Verma,Male,24,Patna,Bihar,East,Small Business,2022-03-11
CUST03127,Sneha Naidu,Male,21,Jaipur,Rajasthan,North,Small Business,2022-08-07
CUST03128,Varun Sharma,Female,45,Ranchi,Jharkhand,East,Consumer,2025-01-21
CUST03129,Divya Das,Male,32,Chennai,Tamil Nadu,South,Consumer,2025-10-08
CUST03130,Varun Rao,Male,23,Ranchi,Jharkhand,East,Corporate,2023-01-10
CUST03131,Rohan Das,Female,54,Kolkata,West Bengal,East,Consumer,2024-07-25
CUST03132,Ravi Mishra,Female,28,Chennai,Tamil Nadu,South,Consumer,2024-12-09
CUST03133,Pooja Reddy,Female,22,Kochi,Kerala,South,Corporate,2025-08-26
CUST03134,Ananya Iyer,Male,46,Ahmedabad,Gujarat,West,Corporate,2025-06-26
CUST03135,Suresh Reddy,Male,29,Chandigarh,Chandigarh,North,Consumer,2024-12-07
CUST03136,Sneha Joshi,Male,24,Pune,Maharashtra,West,Corporate,2025-11-11
CUST03137,Sneha Sharma,Female,20,Ranchi,Jharkhand,East,Corporate,2022-01-02
CUST03138,Swathi Gupta,Female,31,Hyderabad,Telangana,South,Consumer,2022-07-23
CUST03139,Ravi Das,Male,29,Lucknow,Uttar Pradesh,North,Corporate,2022-08-30
CUST03140,Divya Naidu,Female,54,Pune,Maharashtra,West,Consumer,2024-11-22
CUST03141,Kiran Verma,Male,23,Surat,Gujarat,West,Small Business,2023-07-08
CUST03142,Rahul Singh,Male,35,Surat,Gujarat,West,Consumer,2022-09-03
CUST03143,Amit Iyer,Female,29,Chennai,Tamil Nadu,South,Consumer,2024-03-17
CUST03144,Pooja Kumar,Male,24,Jaipur,Rajasthan,North,Consumer,2024-12-25
CUST03145,Arjun Patel,Male,37,Pune,Maharashtra,West,Consumer,2022-09-11
CUST03146,Kiran Singh,Male,46,Hyderabad,Telangana,South,Consumer,2025-12-18
CUST03147,Pooja Gupta,Female,47,Mumbai,Maharashtra,West,Consumer,2025-05-27
CUST03148,Pooja Mishra,Male,36,Pune,Maharashtra,West,Consumer,2022-07-21
CUST03149,Kiran Verma,Female,29,Jaipur,Rajasthan,North,Consumer,2025-08-22
CUST03150,Divya Rao,Male,18,Surat,Gujarat,West,Corporate,2024-05-07
CUST03151,Ananya Patel,Female,26,Kolkata,West Bengal,East,Consumer,2024-04-17
CUST03152,Divya Reddy,Male,41,Ranchi,Jharkhand,East,Corporate,2025-09-05
CUST03153,Priya Sharma,Female,31,Chandigarh,Chandigarh,North,Corporate,2022-08-04
CUST03154,Kavya Choudhary,Male,32,Surat,Gujarat,West,Small Business,2023-09-09
CUST03155,Meera Mishra,Female,39,Kolkata,West Bengal,East,Corporate,2024-03-04
CUST03156,Priya Verma,Female,30,Pune,Maharashtra,West,Small Business,2024-11-02
CUST03157,Suresh Sharma,Male,19,Bhubaneswar,Odisha,East,Consumer,2024-04-04
CUST03158,Kiran Joshi,Female,47,Kolkata,West Bengal,East,Corporate,2025-01-06
CUST03159,Vikram Rao,Female,24,Delhi,Delhi,North,Consumer,2023-01-22
CUST03160,Divya Mehta,Male,37,Patna,Bihar,East,Corporate,2025-03-08
CUST03161,Vikram Das,Male,36,Mumbai,Maharashtra,West,Consumer,2024-09-12
CUST03162,Sneha Mishra,Male,26,Pune,Maharashtra,West,Consumer,2024-12-13
CUST03163,Arjun Singh,Male,28,Bengaluru,Karnataka,South,Consumer,2022-05-09
CUST03164,Isha Kumar,Female,36,Patna,Bihar,East,Consumer,2025-09-11
CUST03165,Priya Choudhary,Female,27,Chandigarh,Chandigarh,North,Consumer,2022-04-09
CUST03166,Kavya Iyer,Male,35,Kolkata,West Bengal,East,Corporate,2024-10-08
CUST03167,Sneha Iyer,Female,33,Bengaluru,Karnataka,South,Corporate,2022-08-18
CUST03168,Ananya Naidu,Female,35,Ranchi,Jharkhand,East,Consumer,2023-07-06
CUST03169,Divya Choudhary,Female,32,Ranchi,Jharkhand,East,Consumer,2025-03-14
CUST03170,Swathi Das,Female,42,Delhi,Delhi,North,Consumer,2024-05-30
CUST03171,Swathi Choudhary,Male,47,Mumbai,Maharashtra,West,Consumer,2022-11-11
CUST03172,Neha Gupta,Male,18,Ranchi,Jharkhand,East,Corporate,2022-06-25
CUST03173,Isha Iyer,Female,18,Delhi,Delhi,North,Small Business,2022-02-03
CUST03174,Ananya Das,Female,34,Pune,Maharashtra,West,Corporate,2024-08-23
CUST03175,Priya Gupta,Female,32,Mumbai,Maharashtra,West,Corporate,2023-06-16
CUST03176,Isha Das,Female,37,Chandigarh,Chandigarh,North,Consumer,2022-01-04
CUST03177,Rahul Naidu,Female,35,Delhi,Delhi,North,Corporate,2022-09-17
CUST03178,Vikram Choudhary,Female,40,Bengaluru,Karnataka,South,Consumer,2025-10-02
CUST03179,Isha Sharma,Male,45,Bhubaneswar,Odisha,East,Consumer,2024-03-07
CUST03180,Kiran Mishra,Male,40,Bengaluru,Karnataka,South,Consumer,2023-07-19
CUST03181,Swathi Mishra,Male,35,Kolkata,West Bengal,East,Consumer,2024-07-24
CUST03182,Rahul Das,Male,19,Bhubaneswar,Odisha,East,Corporate,2024-04-14
CUST03183,Sneha Mishra,Male,46,Kolkata,West Bengal,East,Consumer,2022-03-19
CUST03184,Suresh Kumar,Male,40,Bhubaneswar,Odisha,East,Consumer,2023-03-10
CUST03185,Sneha Das,Male,30,Lucknow,Uttar Pradesh,North,Corporate,2024-01-07
CUST03186,Sneha Iyer,Female,23,Patna,Bihar,East,Consumer,2023-05-06
CUST03187,Varun Singh,Male,54,Chennai,Tamil Nadu,South,Consumer,2023-12-06
CUST03188,Varun Patel,Female,36,Patna,Bihar,East,Consumer,2024-04-23
CUST03189,Kavya Iyer,Male,42,Chennai,Tamil Nadu,South,Small Business,2025-04-22
CUST03190,Nikhil Reddy,Male,41,Chandigarh,Chandigarh,North,Small Business,2024-12-29
CUST03191,Neha Singh,Male,18,Pune,Maharashtra,West,Consumer,2025-01-25
CUST03192,Sneha Joshi,Female,55,Chennai,Tamil Nadu,South,Corporate,2022-03-29
CUST03193,Suresh Patel,Male,24,Chandigarh,Chandigarh,North,Small Business,2024-11-02
CUST03194,Suresh Rao,Female,30,Kochi,Kerala,South,Consumer,2023-08-23
CUST03195,Meera Das,Female,60,Kolkata,West Bengal,East,Corporate,2022-09-26
CUST03196,Swathi Singh,Female,34,Delhi,Delhi,North,Consumer,2023-07-02
CUST03197,Swathi Rao,Female,45,Pune,Maharashtra,West,Consumer,2023-12-20
CUST03198,Suresh Gupta,Male,42,Ranchi,Jharkhand,East,Consumer,2025-07-11
CUST03199,Divya Reddy,Female,24,Delhi,Delhi,North,Consumer,2023-01-01
CUST03200,Nikhil Choudhary,Male,21,Kochi,Kerala,South,Consumer,2024-04-02
CUST03201,Varun Sharma,Male,18,Ahmedabad,Gujarat,West,Corporate,2022-11-05
CUST03202,Kavya Kumar,Female,50,Mumbai,Maharashtra,West,Consumer,2025-06-16
CUST03203,Kavya Joshi,Male,21,Kochi,Kerala,South,Corporate,2022-10-15
CUST03204,Ananya Joshi,Female,33,Surat,Gujarat,West,Small Business,2025-11-01
CUST03205,Varun Joshi,Female,38,Pune,Maharashtra,West,Corporate,2025-01-18
CUST03206,Meera Choudhary,Female,18,Kolkata,West Bengal,East,Small Business,2023-12-14
CUST03207,Neha Iyer,Male,33,Bhubaneswar,Odisha,East,Consumer,2024-10-23
CUST03208,Vikram Choudhary,Female,46,Bengaluru,Karnataka,South,Consumer,2022-09-03
CUST03209,Priya Mishra,Male,53,Kolkata,West Bengal,East,Consumer,2025-03-10
CUST03210,Rohan Gupta,Male,23,Patna,Bihar,East,Small Business,2022-05-10
CUST03211,Amit Sharma,Male,45,Bengaluru,Karnataka,South,Consumer,2022-05-14
CUST03212,Suresh Gupta,Female,32,Chennai,Tamil Nadu,South,Corporate,2023-11-16
CUST03213,Arjun Joshi,Female,36,Mumbai,Maharashtra,West,Consumer,2024-09-21
CUST03214,Varun Mishra,Female,35,Kochi,Kerala,South,Corporate,2025-02-24
CUST03215,Sneha Das,Female,41,Kolkata,West Bengal,East,Consumer,2024-03-08
CUST03216,Arjun Mehta,Male,25,Pune,Maharashtra,West,Corporate,2024-07-09
CUST03217,Ravi Choudhary,Male,39,Kolkata,West Bengal,East,Small Business,2024-03-15
CUST03218,Nikhil Patel,Male,42,Ranchi,Jharkhand,East,Consumer,2024-08-27
CUST03219,Vikram Mishra,Female,32,Mumbai,Maharashtra,West,Consumer,2024-05-20
CUST03220,Sneha Iyer,Female,32,Bhubaneswar,Odisha,East,Small Business,2023-09-04
CUST03221,Kavya Verma,Female,34,Chandigarh,Chandigarh,North,Consumer,2023-02-08
CUST03222,Isha Das,Male,18,Hyderabad,Telangana,South,Small Business,2024-12-26
CUST03223,Kiran Mehta,Male,18,Bhubaneswar,Odisha,East,Consumer,2022-07-26
CUST03224,Ananya Das,Male,38,Delhi,Delhi,North,Consumer,2022-06-28
CUST03225,Suresh Mishra,Male,41,Delhi,Delhi,North,Corporate,2023-11-24
CUST03226,Nikhil Iyer,Male,30,Hyderabad,Telangana,South,Corporate,2022-03-09
CUST03227,Meera Mishra,Female,40,Lucknow,Uttar Pradesh,North,Corporate,2025-10-14
CUST03228,Rohan Naidu,Male,27,Mumbai,Maharashtra,West,Corporate,2025-02-25
CUST03229,Arjun Das,Female,53,Surat,Gujarat,West,Corporate,2023-10-19
CUST03230,Pooja Kumar,Female,20,Kochi,Kerala,South,Corporate,2025-11-26
CUST03231,Rahul Das,Female,46,Kolkata,West Bengal,East,Consumer,2024-03-25
CUST03232,Pooja Kumar,Female,34,Bhubaneswar,Odisha,East,Consumer,2024-09-08
CUST03233,Kiran Mehta,Female,33,Chennai,Tamil Nadu,South,Consumer,2024-06-09
CUST03234,Ravi Mehta,Male,26,Bhubaneswar,Odisha,East,Small Business,2024-07-17
CUST03235,Isha Patel,Male,28,Ranchi,Jharkhand,East,Consumer,2025-12-27
CUST03236,Pooja Sharma,Male,54,Patna,Bihar,East,Consumer,2022-05-11
CUST03237,Divya Verma,Female,32,Kolkata,West Bengal,East,Small Business,2023-02-03
CUST03238,Amit Rao,Male,29,Surat,Gujarat,West,Consumer,2023-06-23
CUST03239,Nikhil Reddy,Female,43,Delhi,Delhi,North,Consumer,2024-11-20
CUST03240,Amit Gupta,Male,35,Surat,Gujarat,West,Consumer,2024-07-16
CUST03241,Kiran Patel,Female,27,Lucknow,Uttar Pradesh,North,Consumer,2025-03-09
CUST03242,Rahul Verma,Female,18,Bhubaneswar,Odisha,East,Consumer,2025-05-31
CUST03243,Amit Sharma,Male,18,Kochi,Kerala,South,Consumer,2023-07-26
CUST03244,Sneha Mishra,Female,45,Chennai,Tamil Nadu,South,Consumer,2024-11-05
CUST03245,Swathi Verma,Male,19,Bengaluru,Karnataka,South,Corporate,2023-08-23
CUST03246,Swathi Singh,Female,45,Bhubaneswar,Odisha,East,Small Business,2024-08-11
CUST03247,Pooja Mehta,Male,65,Pune,Maharashtra,West,Consumer,2023-08-30
CUST03248,Rahul Patel,Female,32,Chandigarh,Chandigarh,North,Corporate,2025-12-24
CUST03249,Rohan Mishra,Female,23,Chandigarh,Chandigarh,North,Consumer,2022-02-26
CUST03250,Sneha Choudhary,Male,33,Patna,Bihar,East,Consumer,2025-06-27
CUST03251,Arjun Verma,Female,38,Bhubaneswar,Odisha,East,Consumer,2024-12-17
CUST03252,Vikram Rao,Male,52,Kolkata,West Bengal,East,Consumer,2024-05-07
CUST03253,Ravi Joshi,Female,37,Chandigarh,Chandigarh,North,Corporate,2023-11-21
CUST03254,Priya Naidu,Female,21,Ahmedabad,Gujarat,West,Consumer,2024-10-01
CUST03255,Kavya Das,Male,37,Ranchi,Jharkhand,East,Corporate,2022-09-01
CUST03256,Rahul Patel,Female,36,Chennai,Tamil Nadu,South,Consumer,2022-11-06
CUST03257,Ananya Das,Female,39,Hyderabad,Telangana,South,Corporate,2025-11-06
CUST03258,Rahul Mehta,Male,22,Ahmedabad,Gujarat,West,Consumer,2023-08-28
CUST03259,Rahul Kumar,Male,27,Patna,Bihar,East,Small Business,2022-02-28
CUST03260,Amit Rao,Female,34,Surat,Gujarat,West,Consumer,2024-01-12
CUST03261,Varun Singh,Male,35,Patna,Bihar,East,Consumer,2025-07-06
CUST03262,Divya Choudhary,Female,19,Surat,Gujarat,West,Consumer,2022-04-06
CUST03263,Neha Rao,Female,36,Patna,Bihar,East,Consumer,2023-11-30
CUST03264,Sneha Naidu,Female,36,Mumbai,Maharashtra,West,Consumer,2022-01-13
CUST03265,Nikhil Rao,Male,34,Ahmedabad,Gujarat,West,Corporate,2023-06-19
CUST03266,Divya Singh,Male,43,Pune,Maharashtra,West,Corporate,2025-06-25
CUST03267,Pooja Reddy,Male,35,Hyderabad,Telangana,South,Consumer,2023-02-20
CUST03268,Suresh Mishra,Male,32,Kochi,Kerala,South,Consumer,2022-02-06
CUST03269,Nikhil Mehta,Female,35,Chandigarh,Chandigarh,North,Consumer,2024-10-04
CUST03270,Kavya Singh,Female,27,Bengaluru,Karnataka,South,Consumer,2022-02-11
CUST03271,Rohan Mishra,Male,18,Ranchi,Jharkhand,East,Corporate,2025-12-25
CUST03272,Kavya Iyer,Female,35,Lucknow,Uttar Pradesh,North,Corporate,2024-07-07
CUST03273,Sneha Singh,Female,24,Kochi,Kerala,South,Consumer,2023-02-20
CUST03274,Kavya Singh,Female,46,Chandigarh,Chandigarh,North,Small Business,2025-09-19
CUST03275,Kiran Choudhary,Male,34,Mumbai,Maharashtra,West,Corporate,2025-12-05
CUST03276,Divya Verma,Female,28,Chandigarh,Chandigarh,North,Small Business,2024-10-04
CUST03277,Ananya Das,Male,24,Surat,Gujarat,West,Consumer,2022-03-07
CUST03278,Varun Choudhary,Male,31,Surat,Gujarat,West,Consumer,2024-02-17
CUST03279,Kavya Mehta,Male,49,Ahmedabad,Gujarat,West,Consumer,2022-05-06
CUST03280,Kiran Kumar,Male,34,Jaipur,Rajasthan,North,Small Business,2023-03-28
CUST03281,Arjun Mishra,Male,33,Chandigarh,Chandigarh,North,Consumer,2025-03-10
CUST03282,Divya Kumar,Female,35,Kochi,Kerala,South,Small Business,2023-08-15
CUST03283,Isha Reddy,Male,18,Chandigarh,Chandigarh,North,Consumer,2023-01-01
CUST03284,Suresh Joshi,Male,44,Bengaluru,Karnataka,South,Consumer,2024-11-17
CUST03285,Vikram Mishra,Male,35,Lucknow,Uttar Pradesh,North,Consumer,2022-03-31
CUST03286,Pooja Choudhary,Male,46,Mumbai,Maharashtra,West,Consumer,2025-02-25
CUST03287,Meera Reddy,Female,39,Bhubaneswar,Odisha,East,Small Business,2022-03-09
CUST03288,Vikram Iyer,Male,41,Jaipur,Rajasthan,North,Consumer,2025-11-11
CUST03289,Neha Mishra,Male,34,Ranchi,Jharkhand,East,Consumer,2025-06-06
CUST03290,Suresh Verma,Female,41,Ranchi,Jharkhand,East,Small Business,2022-02-28
CUST03291,Vikram Joshi,Male,33,Hyderabad,Telangana,South,Small Business,2024-08-14
CUST03292,Sneha Choudhary,Female,37,Lucknow,Uttar Pradesh,North,Consumer,2025-06-27
CUST03293,Nikhil Gupta,Female,24,Patna,Bihar,East,Consumer,2022-07-22
CUST03294,Swathi Rao,Female,23,Kolkata,West Bengal,East,Consumer,2022-12-03
CUST03295,Amit Gupta,Male,41,Hyderabad,Telangana,South,Corporate,2025-08-21
CUST03296,Arjun Joshi,Female,28,Bengaluru,Karnataka,South,Corporate,2024-05-03
CUST03297,Kavya Singh,Male,34,Kolkata,West Bengal,East,Consumer,2022-04-17
CUST03298,Nikhil Verma,Male,32,Lucknow,Uttar Pradesh,North,Corporate,2023-12-13
CUST03299,Rahul Singh,Female,39,Pune,Maharashtra,West,Corporate,2024-04-30
CUST03300,Pooja Choudhary,Male,23,Bhubaneswar,Odisha,East,Corporate,2024-11-20
CUST03301,Priya Mishra,Male,42,Lucknow,Uttar Pradesh,North,Consumer,2024-06-05
CUST03302,Kiran Das,Female,30,Chandigarh,Chandigarh,North,Consumer,2023-10-17
CUST03303,Ananya Rao,Female,34,Chennai,Tamil Nadu,South,Consumer,2025-12-19
CUST03304,Kavya Verma,Female,18,Surat,Gujarat,West,Consumer,2022-02-12
CUST03305,Pooja Mishra,Female,34,Delhi,Delhi,North,Consumer,2024-05-15
CUST03306,Kavya Reddy,Female,21,Chandigarh,Chandigarh,North,Small Business,2025-08-08
CUST03307,Vikram Gupta,Male,36,Pune,Maharashtra,West,Consumer,2023-07-24
CUST03308,Vikram Joshi,Female,38,Lucknow,Uttar Pradesh,North,Small Business,2022-08-24
CUST03309,Divya Singh,Female,46,Patna,Bihar,East,Consumer,2024-08-18
CUST03310,Pooja Mishra,Male,38,Chandigarh,Chandigarh,North,Consumer,2023-06-05
CUST03311,Arjun Naidu,Female,39,Kolkata,West Bengal,East,Corporate,2024-09-10
CUST03312,Vikram Kumar,Male,52,Ranchi,Jharkhand,East,Consumer,2022-08-16
CUST03313,Rohan Das,Male,24,Jaipur,Rajasthan,North,Corporate,2024-04-27
CUST03314,Ananya Singh,Male,26,Surat,Gujarat,West,Consumer,2024-03-12
CUST03315,Amit Kumar,Female,50,Patna,Bihar,East,Corporate,2024-10-13
CUST03316,Isha Das,Male,46,Patna,Bihar,East,Small Business,2024-11-11
CUST03317,Ravi Joshi,Female,33,Patna,Bihar,East,Consumer,2023-06-06
CUST03318,Arjun Joshi,Female,22,Delhi,Delhi,North,Corporate,2025-12-12
CUST03319,Vikram Naidu,Male,33,Ahmedabad,Gujarat,West,Corporate,2023-07-23
CUST03320,Meera Mehta,Female,31,Lucknow,Uttar Pradesh,North,Consumer,2023-09-06
CUST03321,Pooja Iyer,Male,36,Chandigarh,Chandigarh,North,Consumer,2024-06-21
CUST03322,Rahul Gupta,Female,45,Kolkata,West Bengal,East,Consumer,2025-12-09
CUST03323,Suresh Choudhary,Male,42,Delhi,Delhi,North,Corporate,2025-10-14
CUST03324,Kiran Sharma,Female,35,Pune,Maharashtra,West,Consumer,2025-05-30
CUST03325,Priya Mishra,Male,39,Patna,Bihar,East,Consumer,2025-06-25
CUST03326,Rahul Mehta,Female,35,Bengaluru,Karnataka,South,Consumer,2022-11-20
CUST03327,Suresh Sharma,Male,37,Patna,Bihar,East,Corporate,2025-08-09
CUST03328,Rahul Gupta,Male,37,Bhubaneswar,Odisha,East,Consumer,2022-09-22
CUST03329,Sneha Reddy,Male,39,Bengaluru,Karnataka,South,Consumer,2024-04-07
CUST03330,Sneha Sharma,Female,39,Lucknow,Uttar Pradesh,North,Corporate,2024-01-18
CUST03331,Swathi Naidu,Female,43,Bengaluru,Karnataka,South,Consumer,2022-03-19
CUST03332,Meera Kumar,Female,24,Patna,Bihar,East,Consumer,2024-06-04
CUST03333,Pooja Singh,Male,42,Delhi,Delhi,North,Small Business,2025-11-16
CUST03334,Vikram Mehta,Female,29,Delhi,Delhi,North,Consumer,2023-06-27
CUST03335,Rahul Das,Male,33,Chandigarh,Chandigarh,North,Consumer,2024-08-18
CUST03336,Priya Joshi,Male,51,Hyderabad,Telangana,South,Small Business,2025-11-03
CUST03337,Rahul Verma,Male,33,Jaipur,Rajasthan,North,Consumer,2023-08-02
CUST03338,Isha Joshi,Female,39,Mumbai,Maharashtra,West,Corporate,2024-07-01
CUST03339,Vikram Mehta,Male,35,Pune,Maharashtra,West,Small Business,2023-12-04
CUST03340,Amit Das,Female,33,Patna,Bihar,East,Consumer,2024-02-14
CUST03341,Kavya Das,Female,29,Mumbai,Maharashtra,West,Consumer,2024-04-03
CUST03342,Vikram Kumar,Male,28,Patna,Bihar,East,Consumer,2024-06-09
CUST03343,Ravi Verma,Female,18,Bengaluru,Karnataka,South,Consumer,2022-10-16
CUST03344,Suresh Das,Male,22,Delhi,Delhi,North,Corporate,2022-02-09
CUST03345,Rohan Gupta,Female,29,Jaipur,Rajasthan,North,Small Business,2023-04-06
CUST03346,Suresh Naidu,Female,41,Chennai,Tamil Nadu,South,Small Business,2022-11-15
CUST03347,Sneha Choudhary,Male,30,Lucknow,Uttar Pradesh,North,Consumer,2023-01-05
CUST03348,Isha Patel,Male,42,Kochi,Kerala,South,Consumer,2025-05-05
CUST03349,Neha Iyer,Female,51,Kolkata,West Bengal,East,Small Business,2023-09-28
CUST03350,Rahul Rao,Male,18,Mumbai,Maharashtra,West,Consumer,2024-07-13
CUST03351,Priya Gupta,Male,53,Bhubaneswar,Odisha,East,Consumer,2025-02-19
CUST03352,Arjun Reddy,Female,24,Surat,Gujarat,West,Small Business,2024-02-14
CUST03353,Ravi Reddy,Male,51,Jaipur,Rajasthan,North,Corporate,2024-09-22
CUST03354,Nikhil Mishra,Female,42,Mumbai,Maharashtra,West,Consumer,2023-05-04
CUST03355,Varun Kumar,Female,37,Pune,Maharashtra,West,Corporate,2024-08-06
CUST03356,Divya Kumar,Male,57,Surat,Gujarat,West,Small Business,2022-05-08
CUST03357,Priya Joshi,Male,25,Ranchi,Jharkhand,East,Consumer,2023-11-23
CUST03358,Neha Joshi,Male,43,Chandigarh,Chandigarh,North,Consumer,2022-05-16
CUST03359,Suresh Mehta,Female,43,Jaipur,Rajasthan,North,Corporate,2023-01-22
CUST03360,Vikram Mishra,Female,32,Bhubaneswar,Odisha,East,Corporate,2024-05-19
CUST03361,Divya Patel,Female,50,Kolkata,West Bengal,East,Small Business,2023-09-16
CUST03362,Kavya Naidu,Male,19,Mumbai,Maharashtra,West,Consumer,2025-01-26
CUST03363,Pooja Verma,Female,38,Lucknow,Uttar Pradesh,North,Corporate,2022-12-06
CUST03364,Isha Kumar,Male,33,Pune,Maharashtra,West,Consumer,2024-10-30
CUST03365,Ravi Das,Female,38,Bengaluru,Karnataka,South,Consumer,2024-05-05
CUST03366,Isha Verma,Female,31,Ranchi,Jharkhand,East,Corporate,2023-08-11
CUST03367,Neha Patel,Male,31,Bengaluru,Karnataka,South,Consumer,2024-09-17
CUST03368,Meera Singh,Female,29,Delhi,Delhi,North,Corporate,2024-05-04
CUST03369,Divya Mishra,Female,18,Patna,Bihar,East,Corporate,2022-05-19
CUST03370,Sneha Kumar,Male,34,Kolkata,West Bengal,East,Consumer,2022-11-03
CUST03371,Rahul Verma,Male,26,Kolkata,West Bengal,East,Corporate,2022-09-18
CUST03372,Ravi Kumar,Female,39,Jaipur,Rajasthan,North,Consumer,2025-08-28
CUST03373,Amit Patel,Male,25,Pune,Maharashtra,West,Corporate,2023-06-12
CUST03374,Vikram Verma,Male,28,Mumbai,Maharashtra,West,Small Business,2022-01-27
CUST03375,Amit Mishra,Male,31,Chandigarh,Chandigarh,North,Consumer,2025-11-22
CUST03376,Kiran Reddy,Male,23,Kolkata,West Bengal,East,Corporate,2022-02-18
CUST03377,Kavya Kumar,Female,23,Lucknow,Uttar Pradesh,North,Consumer,2023-03-07
CUST03378,Priya Mehta,Male,36,Patna,Bihar,East,Consumer,2024-09-08
CUST03379,Priya Patel,Female,45,Ahmedabad,Gujarat,West,Consumer,2022-06-06
CUST03380,Kiran Kumar,Female,29,Ahmedabad,Gujarat,West,Consumer,2023-08-11
CUST03381,Meera Reddy,Female,45,Bhubaneswar,Odisha,East,Consumer,2024-05-19
CUST03382,Ravi Singh,Female,46,Surat,Gujarat,West,Consumer,2023-07-18
CUST03383,Kavya Sharma,Female,32,Hyderabad,Telangana,South,Small Business,2025-11-30
CUST03384,Priya Choudhary,Female,53,Pune,Maharashtra,West,Small Business,2024-01-29
CUST03385,Nikhil Verma,Female,32,Kochi,Kerala,South,Small Business,2025-07-30
CUST03386,Swathi Joshi,Female,39,Kolkata,West Bengal,East,Consumer,2022-07-18
CUST03387,Ananya Singh,Male,37,Chandigarh,Chandigarh,North,Corporate,2025-03-11
CUST03388,Kiran Verma,Male,21,Ranchi,Jharkhand,East,Consumer,2022-04-10
CUST03389,Suresh Kumar,Female,19,Patna,Bihar,East,Consumer,2022-06-11
CUST03390,Swathi Singh,Male,18,Mumbai,Maharashtra,West,Consumer,2022-11-05
CUST03391,Pooja Naidu,Male,31,Kochi,Kerala,South,Corporate,2023-06-13
CUST03392,Ravi Verma,Female,18,Delhi,Delhi,North,Consumer,2024-03-15
CUST03393,Nikhil Das,Female,27,Ahmedabad,Gujarat,West,Consumer,2024-08-17
CUST03394,Neha Rao,Female,28,Ranchi,Jharkhand,East,Small Business,2022-04-11
CUST03395,Rohan Sharma,Female,20,Ranchi,Jharkhand,East,Consumer,2025-07-08
CUST03396,Meera Sharma,Male,22,Ranchi,Jharkhand,East,Consumer,2023-11-06
CUST03397,Rahul Singh,Female,24,Bhubaneswar,Odisha,East,Consumer,2025-03-28
CUST03398,Rahul Gupta,Female,20,Pune,Maharashtra,West,Consumer,2025-03-23
CUST03399,Meera Mishra,Male,29,Ahmedabad,Gujarat,West,Consumer,2024-03-07
CUST03400,Pooja Patel,Male,39,Patna,Bihar,East,Corporate,2022-01-15
CUST03401,Meera Patel,Female,18,Bhubaneswar,Odisha,East,Consumer,2024-10-15
CUST03402,Divya Sharma,Male,52,Ahmedabad,Gujarat,West,Consumer,2023-04-11
CUST03403,Priya Mishra,Female,37,Chennai,Tamil Nadu,South,Consumer,2024-03-03
CUST03404,Nikhil Iyer,Male,30,Hyderabad,Telangana,South,Consumer,2024-12-25
CUST03405,Ravi Verma,Male,36,Chandigarh,Chandigarh,North,Consumer,2023-11-08
CUST03406,Rohan Gupta,Female,29,Jaipur,Rajasthan,North,Small Business,2022-09-19
CUST03407,Kiran Joshi,Male,43,Pune,Maharashtra,West,Corporate,2022-02-07
CUST03408,Meera Iyer,Female,33,Kochi,Kerala,South,Consumer,2023-03-28
CUST03409,Vikram Verma,Female,42,Kolkata,West Bengal,East,Small Business,2025-03-16
CUST03410,Vikram Iyer,Male,40,Surat,Gujarat,West,Corporate,2025-07-06
CUST03411,Swathi Mishra,Female,38,Chennai,Tamil Nadu,South,Consumer,2024-08-02
CUST03412,Meera Patel,Male,41,Bhubaneswar,Odisha,East,Corporate,2022-09-07
CUST03413,Vikram Iyer,Male,43,Patna,Bihar,East,Small Business,2023-06-03
CUST03414,Suresh Singh,Female,43,Bhubaneswar,Odisha,East,Corporate,2023-10-03
CUST03415,Amit Kumar,Female,19,Mumbai,Maharashtra,West,Corporate,2023-01-03
CUST03416,Amit Sharma,Male,18,Pune,Maharashtra,West,Consumer,2023-02-24
CUST03417,Ananya Reddy,Female,28,Chennai,Tamil Nadu,South,Consumer,2022-08-31
CUST03418,Nikhil Reddy,Female,37,Patna,Bihar,East,Consumer,2024-10-11
CUST03419,Suresh Choudhary,Male,27,Chennai,Tamil Nadu,South,Consumer,2025-11-01
CUST03420,Divya Rao,Female,36,Ahmedabad,Gujarat,West,Small Business,2023-02-16
CUST03421,Arjun Patel,Male,41,Chennai,Tamil Nadu,South,Small Business,2022-11-02
CUST03422,Kavya Mishra,Male,40,Ahmedabad,Gujarat,West,Consumer,2025-01-14
CUST03423,Neha Iyer,Male,30,Chennai,Tamil Nadu,South,Consumer,2024-06-16
CUST03424,Amit Reddy,Female,31,Kochi,Kerala,South,Consumer,2024-10-21
CUST03425,Amit Gupta,Female,49,Delhi,Delhi,North,Small Business,2025-01-08
CUST03426,Kiran Joshi,Female,18,Patna,Bihar,East,Consumer,2023-12-28
CUST03427,Priya Reddy,Male,27,Hyderabad,Telangana,South,Consumer,2025-10-25
CUST03428,Isha Verma,Female,37,Lucknow,Uttar Pradesh,North,Corporate,2025-05-04
CUST03429,Isha Mishra,Male,18,Delhi,Delhi,North,Consumer,2022-03-24
CUST03430,Arjun Naidu,Female,20,Lucknow,Uttar Pradesh,North,Consumer,2025-06-02
CUST03431,Divya Naidu,Female,34,Hyderabad,Telangana,South,Consumer,2022-11-15
CUST03432,Ananya Kumar,Male,18,Patna,Bihar,East,Consumer,2023-06-22
CUST03433,Kiran Rao,Female,23,Ahmedabad,Gujarat,West,Corporate,2024-09-25
CUST03434,Varun Singh,Female,45,Surat,Gujarat,West,Small Business,2024-09-02
CUST03435,Suresh Mishra,Male,43,Jaipur,Rajasthan,North,Consumer,2024-05-12
CUST03436,Isha Reddy,Male,32,Patna,Bihar,East,Small Business,2023-07-02
CUST03437,Ananya Rao,Male,43,Kochi,Kerala,South,Consumer,2024-09-13
CUST03438,Arjun Singh,Male,39,Ahmedabad,Gujarat,West,Consumer,2023-01-01
CUST03439,Varun Verma,Female,40,Chandigarh,Chandigarh,North,Consumer,2024-10-15
CUST03440,Nikhil Verma,Male,38,Pune,Maharashtra,West,Corporate,2022-12-19
CUST03441,Rahul Patel,Male,35,Jaipur,Rajasthan,North,Consumer,2022-02-03
CUST03442,Priya Naidu,Male,35,Hyderabad,Telangana,South,Consumer,2023-04-07
CUST03443,Rahul Choudhary,Male,23,Hyderabad,Telangana,South,Consumer,2025-04-07
CUST03444,Neha Gupta,Male,30,Lucknow,Uttar Pradesh,North,Consumer,2023-01-16
CUST03445,Ravi Patel,Female,24,Delhi,Delhi,North,Corporate,2022-05-30
CUST03446,Isha Rao,Male,41,Bhubaneswar,Odisha,East,Small Business,2024-05-03
CUST03447,Arjun Choudhary,Female,24,Bhubaneswar,Odisha,East,Consumer,2024-10-27
CUST03448,Vikram Kumar,Female,27,Mumbai,Maharashtra,West,Small Business,2024-01-05
CUST03449,Priya Naidu,Female,27,Kolkata,West Bengal,East,Corporate,2025-11-26
CUST03450,Swathi Joshi,Male,39,Patna,Bihar,East,Consumer,2023-02-04
CUST03451,Arjun Das,Female,22,Mumbai,Maharashtra,West,Consumer,2025-11-27
CUST03452,Kiran Patel,Male,31,Surat,Gujarat,West,Consumer,2022-11-24
CUST03453,Suresh Iyer,Male,38,Kochi,Kerala,South,Corporate,2024-04-26
CUST03454,Neha Reddy,Male,34,Patna,Bihar,East,Consumer,2022-01-10
CUST03455,Sneha Das,Female,27,Patna,Bihar,East,Corporate,2024-11-24
CUST03456,Arjun Patel,Female,49,Patna,Bihar,East,Consumer,2022-09-03
CUST03457,Swathi Kumar,Male,24,Chennai,Tamil Nadu,South,Small Business,2023-05-26
CUST03458,Swathi Gupta,Female,37,Kochi,Kerala,South,Corporate,2023-01-17
CUST03459,Isha Mishra,Male,33,Surat,Gujarat,West,Consumer,2023-10-24
CUST03460,Varun Kumar,Male,40,Mumbai,Maharashtra,West,Corporate,2023-04-20
CUST03461,Neha Das,Female,29,Hyderabad,Telangana,South,Consumer,2023-04-26
CUST03462,Sneha Singh,Female,38,Delhi,Delhi,North,Consumer,2022-07-16
CUST03463,Neha Sharma,Female,43,Kochi,Kerala,South,Consumer,2024-08-27
CUST03464,Varun Mehta,Male,38,Ahmedabad,Gujarat,West,Small Business,2022-06-02
CUST03465,Neha Patel,Male,20,Ranchi,Jharkhand,East,Consumer,2023-01-30
CUST03466,Swathi Joshi,Male,41,Pune,Maharashtra,West,Corporate,2023-04-23
CUST03467,Rohan Mishra,Female,20,Patna,Bihar,East,Consumer,2023-03-26
CUST03468,Amit Mishra,Female,25,Delhi,Delhi,North,Small Business,2025-08-01
CUST03469,Meera Mehta,Male,40,Hyderabad,Telangana,South,Small Business,2025-02-27
CUST03470,Priya Naidu,Male,36,Ranchi,Jharkhand,East,Consumer,2022-12-23
CUST03471,Vikram Sharma,Male,18,Ahmedabad,Gujarat,West,Consumer,2024-11-23
CUST03472,Swathi Mehta,Female,32,Bhubaneswar,Odisha,East,Small Business,2023-07-25
CUST03473,Kavya Patel,Male,43,Chennai,Tamil Nadu,South,Corporate,2025-01-11
CUST03474,Amit Iyer,Male,26,Ahmedabad,Gujarat,West,Consumer,2022-12-28
CUST03475,Swathi Gupta,Female,24,Chandigarh,Chandigarh,North,Consumer,2025-05-03
CUST03476,Ananya Gupta,Female,36,Bengaluru,Karnataka,South,Consumer,2023-04-10
CUST03477,Rohan Naidu,Female,25,Pune,Maharashtra,West,Corporate,2023-12-04
CUST03478,Rohan Mehta,Male,45,Bhubaneswar,Odisha,East,Consumer,2024-06-04
CUST03479,Suresh Kumar,Male,43,Surat,Gujarat,West,Small Business,2023-06-20
CUST03480,Vikram Rao,Male,27,Bengaluru,Karnataka,South,Consumer,2024-07-05
CUST03481,Isha Kumar,Female,20,Surat,Gujarat,West,Small Business,2024-04-23
CUST03482,Kiran Choudhary,Female,41,Mumbai,Maharashtra,West,Corporate,2024-10-26
CUST03483,Amit Choudhary,Female,36,Delhi,Delhi,North,Consumer,2023-11-22
CUST03484,Kiran Joshi,Male,43,Jaipur,Rajasthan,North,Corporate,2022-03-18
CUST03485,Pooja Kumar,Male,25,Jaipur,Rajasthan,North,Corporate,2023-12-20
CUST03486,Meera Mishra,Female,21,Ranchi,Jharkhand,East,Corporate,2023-09-29
CUST03487,Ravi Singh,Male,38,Lucknow,Uttar Pradesh,North,Corporate,2023-06-20
CUST03488,Kiran Verma,Female,40,Ahmedabad,Gujarat,West,Consumer,2023-06-08
CUST03489,Amit Choudhary,Male,30,Bhubaneswar,Odisha,East,Corporate,2023-09-15
CUST03490,Vikram Sharma,Female,35,Surat,Gujarat,West,Consumer,2024-10-17
CUST03491,Priya Patel,Male,36,Patna,Bihar,East,Consumer,2022-09-14
CUST03492,Ananya Gupta,Male,38,Lucknow,Uttar Pradesh,North,Consumer,2023-07-24
CUST03493,Divya Patel,Male,18,Pune,Maharashtra,West,Consumer,2024-12-08
CUST03494,Rohan Choudhary,Female,37,Mumbai,Maharashtra,West,Consumer,2025-10-09
CUST03495,Priya Iyer,Male,20,Hyderabad,Telangana,South,Small Business,2023-05-18
CUST03496,Neha Choudhary,Female,36,Patna,Bihar,East,Consumer,2022-01-01
CUST03497,Swathi Patel,Male,24,Bhubaneswar,Odisha,East,Consumer,2025-08-18
CUST03498,Neha Verma,Female,20,Kolkata,West Bengal,East,Consumer,2023-04-29
CUST03499,Ananya Mishra,Male,40,Pune,Maharashtra,West,Corporate,2025-11-28
CUST03500,Amit Gupta,Female,33,Kochi,Kerala,South,Consumer,2024-11-25
CUST03501,Priya Gupta,Male,47,Pune,Maharashtra,West,Consumer,2025-07-21
CUST03502,Sneha Verma,Male,30,Ahmedabad,Gujarat,West,Corporate,2022-06-11
CUST03503,Divya Iyer,Male,47,Chandigarh,Chandigarh,North,Consumer,2024-01-20
CUST03504,Divya Iyer,Female,19,Ahmedabad,Gujarat,West,Consumer,2022-09-13
CUST03505,Sneha Rao,Male,38,Chennai,Tamil Nadu,South,Corporate,2023-04-05
CUST03506,Isha Patel,Female,31,Ranchi,Jharkhand,East,Corporate,2024-03-20
CUST03507,Nikhil Choudhary,Female,18,Jaipur,Rajasthan,North,Small Business,2023-06-12
CUST03508,Kavya Mehta,Male,18,Delhi,Delhi,North,Consumer,2023-04-29
CUST03509,Ananya Rao,Female,30,Kochi,Kerala,South,Consumer,2024-09-25
CUST03510,Swathi Das,Male,24,Mumbai,Maharashtra,West,Small Business,2022-04-14
CUST03511,Ananya Rao,Male,25,Lucknow,Uttar Pradesh,North,Corporate,2022-09-06
CUST03512,Isha Mehta,Male,18,Ranchi,Jharkhand,East,Consumer,2023-01-06
CUST03513,Suresh Patel,Male,43,Kochi,Kerala,South,Consumer,2023-10-03
CUST03514,Meera Kumar,Male,21,Hyderabad,Telangana,South,Small Business,2022-04-08
CUST03515,Priya Choudhary,Male,31,Kochi,Kerala,South,Consumer,2025-06-11
CUST03516,Ananya Naidu,Male,48,Ranchi,Jharkhand,East,Consumer,2024-01-27
CUST03517,Isha Rao,Female,35,Mumbai,Maharashtra,West,Corporate,2025-03-19
CUST03518,Arjun Das,Male,29,Pune,Maharashtra,West,Corporate,2022-03-18
CUST03519,Nikhil Iyer,Female,28,Bhubaneswar,Odisha,East,Corporate,2024-05-28
CUST03520,Kavya Kumar,Male,22,Ranchi,Jharkhand,East,Consumer,2025-09-01
CUST03521,Divya Das,Male,35,Bhubaneswar,Odisha,East,Corporate,2023-07-20
CUST03522,Divya Mishra,Male,27,Ahmedabad,Gujarat,West,Small Business,2022-03-25
CUST03523,Ravi Das,Male,32,Jaipur,Rajasthan,North,Corporate,2025-06-14
CUST03524,Divya Naidu,Male,26,Pune,Maharashtra,West,Consumer,2024-11-02
CUST03525,Pooja Joshi,Female,18,Ranchi,Jharkhand,East,Small Business,2023-03-17
CUST03526,Amit Patel,Male,25,Chennai,Tamil Nadu,South,Corporate,2022-02-16
CUST03527,Vikram Choudhary,Male,40,Delhi,Delhi,North,Consumer,2022-02-05
CUST03528,Meera Mishra,Male,36,Bengaluru,Karnataka,South,Consumer,2025-07-01
CUST03529,Rahul Singh,Female,31,Chandigarh,Chandigarh,North,Consumer,2024-11-26
CUST03530,Rohan Verma,Male,28,Lucknow,Uttar Pradesh,North,Consumer,2025-05-16
CUST03531,Amit Iyer,Male,25,Jaipur,Rajasthan,North,Consumer,2023-05-29
CUST03532,Vikram Kumar,Male,61,Bengaluru,Karnataka,South,Corporate,2023-08-13
CUST03533,Ravi Gupta,Male,34,Jaipur,Rajasthan,North,Corporate,2022-05-27
CUST03534,Divya Naidu,Female,27,Chandigarh,Chandigarh,North,Consumer,2025-10-08
CUST03535,Arjun Mishra,Male,40,Ranchi,Jharkhand,East,Corporate,2025-12-14
CUST03536,Ravi Choudhary,Female,35,Bengaluru,Karnataka,South,Corporate,2024-05-10
CUST03537,Swathi Naidu,Male,43,Chennai,Tamil Nadu,South,Consumer,2023-11-16
CUST03538,Amit Singh,Female,32,Hyderabad,Telangana,South,Consumer,2023-08-18
CUST03539,Swathi Mehta,Female,53,Kochi,Kerala,South,Small Business,2022-01-15
CUST03540,Kavya Kumar,Female,30,Pune,Maharashtra,West,Consumer,2023-06-17
CUST03541,Ravi Reddy,Male,36,Ranchi,Jharkhand,East,Corporate,2025-08-09
CUST03542,Swathi Verma,Female,31,Pune,Maharashtra,West,Corporate,2025-03-14
CUST03543,Arjun Naidu,Male,33,Chandigarh,Chandigarh,North,Consumer,2024-12-18
CUST03544,Sneha Mehta,Male,37,Jaipur,Rajasthan,North,Consumer,2025-12-18
CUST03545,Priya Iyer,Male,28,Kochi,Kerala,South,Consumer,2023-04-02
CUST03546,Swathi Iyer,Male,36,Chennai,Tamil Nadu,South,Consumer,2023-06-05
CUST03547,Suresh Kumar,Male,21,Jaipur,Rajasthan,North,Consumer,2022-03-29
CUST03548,Rohan Verma,Male,20,Jaipur,Rajasthan,North,Consumer,2024-02-06
CUST03549,Rohan Joshi,Female,21,Pune,Maharashtra,West,Consumer,2022-02-04
CUST03550,Kiran Joshi,Male,48,Pune,Maharashtra,West,Corporate,2023-06-05
CUST03551,Ravi Das,Male,31,Chennai,Tamil Nadu,South,Consumer,2025-09-12
CUST03552,Arjun Verma,Female,30,Ahmedabad,Gujarat,West,Consumer,2025-02-09
CUST03553,Meera Sharma,Male,46,Lucknow,Uttar Pradesh,North,Consumer,2024-03-11
CUST03554,Pooja Singh,Male,51,Hyderabad,Telangana,South,Consumer,2024-06-18
CUST03555,Amit Singh,Male,18,Chandigarh,Chandigarh,North,Corporate,2024-02-11
CUST03556,Neha Naidu,Female,34,Kochi,Kerala,South,Corporate,2025-06-29
CUST03557,Ravi Joshi,Male,42,Lucknow,Uttar Pradesh,North,Consumer,2024-08-22
CUST03558,Meera Mishra,Male,36,Surat,Gujarat,West,Small Business,2023-02-19
CUST03559,Ananya Naidu,Male,18,Chennai,Tamil Nadu,South,Consumer,2023-02-17
CUST03560,Neha Verma,Male,40,Surat,Gujarat,West,Consumer,2025-03-20
CUST03561,Pooja Joshi,Female,42,Kochi,Kerala,South,Consumer,2022-06-05
CUST03562,Rahul Mishra,Female,19,Pune,Maharashtra,West,Consumer,2023-03-31
CUST03563,Sneha Iyer,Male,38,Jaipur,Rajasthan,North,Consumer,2023-06-27
CUST03564,Swathi Joshi,Male,18,Ahmedabad,Gujarat,West,Corporate,2023-09-13
CUST03565,Neha Choudhary,Female,35,Surat,Gujarat,West,Corporate,2023-10-25
CUST03566,Ravi Sharma,Female,43,Jaipur,Rajasthan,North,Consumer,2024-12-24
CUST03567,Kiran Rao,Male,22,Hyderabad,Telangana,South,Consumer,2024-09-22
CUST03568,Ravi Verma,Female,20,Delhi,Delhi,North,Consumer,2024-08-27
CUST03569,Varun Patel,Male,18,Surat,Gujarat,West,Corporate,2023-01-03
CUST03570,Meera Das,Male,60,Jaipur,Rajasthan,North,Corporate,2024-12-31
CUST03571,Nikhil Das,Male,37,Hyderabad,Telangana,South,Small Business,2023-07-28
CUST03572,Meera Singh,Female,35,Bengaluru,Karnataka,South,Consumer,2024-12-02
CUST03573,Priya Reddy,Male,31,Chandigarh,Chandigarh,North,Consumer,2025-02-09
CUST03574,Kavya Naidu,Female,38,Patna,Bihar,East,Small Business,2024-03-03
CUST03575,Kiran Reddy,Male,38,Pune,Maharashtra,West,Corporate,2023-06-20
CUST03576,Arjun Kumar,Female,26,Kolkata,West Bengal,East,Consumer,2024-05-19
CUST03577,Ananya Sharma,Female,38,Lucknow,Uttar Pradesh,North,Consumer,2024-08-13
CUST03578,Priya Mehta,Male,26,Surat,Gujarat,West,Consumer,2024-07-06
CUST03579,Varun Mehta,Male,34,Lucknow,Uttar Pradesh,North,Small Business,2023-02-25
CUST03580,Varun Sharma,Male,44,Bengaluru,Karnataka,South,Consumer,2022-03-26
CUST03581,Rahul Naidu,Female,46,Mumbai,Maharashtra,West,Small Business,2023-03-01
CUST03582,Rahul Sharma,Female,48,Patna,Bihar,East,Corporate,2023-07-18
CUST03583,Priya Mishra,Male,32,Patna,Bihar,East,Small Business,2024-03-22
CUST03584,Divya Kumar,Female,41,Bengaluru,Karnataka,South,Corporate,2022-07-15
CUST03585,Varun Choudhary,Female,34,Kolkata,West Bengal,East,Corporate,2022-11-02
CUST03586,Sneha Singh,Male,44,Ahmedabad,Gujarat,West,Small Business,2023-07-03
CUST03587,Sneha Singh,Male,26,Jaipur,Rajasthan,North,Consumer,2024-11-03
CUST03588,Arjun Kumar,Male,51,Pune,Maharashtra,West,Small Business,2025-07-07
CUST03589,Rohan Joshi,Male,30,Delhi,Delhi,North,Corporate,2025-12-04
CUST03590,Suresh Joshi,Female,32,Lucknow,Uttar Pradesh,North,Consumer,2025-07-19
CUST03591,Ravi Mehta,Female,19,Ahmedabad,Gujarat,West,Corporate,2024-09-13
CUST03592,Rohan Iyer,Male,48,Bhubaneswar,Odisha,East,Consumer,2022-08-22
CUST03593,Nikhil Rao,Male,39,Ahmedabad,Gujarat,West,Consumer,2025-09-25
CUST03594,Meera Das,Female,33,Ranchi,Jharkhand,East,Consumer,2025-09-25
CUST03595,Sneha Gupta,Male,44,Bengaluru,Karnataka,South,Small Business,2022-08-05
CUST03596,Meera Reddy,Male,21,Mumbai,Maharashtra,West,Corporate,2023-12-21
CUST03597,Kavya Iyer,Male,34,Bhubaneswar,Odisha,East,Small Business,2023-07-20
CUST03598,Ananya Gupta,Male,39,Chennai,Tamil Nadu,South,Consumer,2024-05-11
CUST03599,Kiran Joshi,Male,39,Pune,Maharashtra,West,Consumer,2024-06-26
CUST03600,Arjun Sharma,Female,46,Bengaluru,Karnataka,South,Consumer,2024-08-29
CUST03601,Sneha Singh,Male,34,Ahmedabad,Gujarat,West,Small Business,2025-10-01
CUST03602,Pooja Gupta,Male,40,Bhubaneswar,Odisha,East,Corporate,2024-04-10
CUST03603,Rohan Naidu,Male,23,Surat,Gujarat,West,Corporate,2024-03-20
CUST03604,Kiran Singh,Female,31,Pune,Maharashtra,West,Corporate,2024-03-19
CUST03605,Ravi Mishra,Male,46,Patna,Bihar,East,Corporate,2023-11-08
CUST03606,Pooja Joshi,Female,25,Hyderabad,Telangana,South,Consumer,2025-01-20
CUST03607,Suresh Singh,Male,28,Kochi,Kerala,South,Consumer,2024-08-21
CUST03608,Pooja Gupta,Female,43,Ahmedabad,Gujarat,West,Consumer,2024-08-22
CUST03609,Amit Patel,Female,38,Mumbai,Maharashtra,West,Consumer,2025-02-25
CUST03610,Ananya Patel,Female,23,Hyderabad,Telangana,South,Corporate,2022-12-26
CUST03611,Ananya Das,Female,18,Ranchi,Jharkhand,East,Corporate,2024-12-23
CUST03612,Ananya Singh,Female,35,Kolkata,West Bengal,East,Consumer,2023-10-07
CUST03613,Sneha Singh,Female,27,Patna,Bihar,East,Corporate,2023-11-28
CUST03614,Vikram Verma,Male,45,Mumbai,Maharashtra,West,Corporate,2025-08-13
CUST03615,Amit Sharma,Female,20,Jaipur,Rajasthan,North,Consumer,2022-11-08
CUST03616,Vikram Gupta,Male,21,Ahmedabad,Gujarat,West,Consumer,2022-04-15
CUST03617,Ananya Gupta,Male,48,Patna,Bihar,East,Small Business,2023-01-25
CUST03618,Suresh Gupta,Male,55,Kochi,Kerala,South,Consumer,2025-06-30
CUST03619,Sneha Kumar,Male,26,Kolkata,West Bengal,East,Small Business,2025-08-12
CUST03620,Kiran Singh,Male,50,Lucknow,Uttar Pradesh,North,Small Business,2025-01-24
CUST03621,Ananya Mehta,Female,40,Kochi,Kerala,South,Corporate,2025-10-14
CUST03622,Ravi Naidu,Male,20,Lucknow,Uttar Pradesh,North,Consumer,2024-06-22
CUST03623,Vikram Das,Male,46,Hyderabad,Telangana,South,Consumer,2024-03-15
CUST03624,Amit Patel,Female,45,Bhubaneswar,Odisha,East,Corporate,2024-04-14
CUST03625,Rahul Kumar,Male,43,Ahmedabad,Gujarat,West,Consumer,2022-03-24
CUST03626,Kiran Iyer,Female,34,Jaipur,Rajasthan,North,Consumer,2023-05-22
CUST03627,Varun Joshi,Male,27,Mumbai,Maharashtra,West,Consumer,2024-01-27
CUST03628,Sneha Kumar,Female,36,Mumbai,Maharashtra,West,Consumer,2022-11-23
CUST03629,Nikhil Choudhary,Male,33,Patna,Bihar,East,Consumer,2024-08-19
CUST03630,Isha Das,Female,26,Pune,Maharashtra,West,Small Business,2023-09-03
CUST03631,Priya Patel,Male,46,Hyderabad,Telangana,South,Consumer,2023-04-17
CUST03632,Ananya Mehta,Female,33,Lucknow,Uttar Pradesh,North,Consumer,2023-04-08
CUST03633,Nikhil Sharma,Female,24,Chennai,Tamil Nadu,South,Corporate,2022-07-06
CUST03634,Varun Naidu,Female,49,Lucknow,Uttar Pradesh,North,Small Business,2025-09-12
CUST03635,Divya Sharma,Female,28,Kochi,Kerala,South,Consumer,2022-11-07
CUST03636,Varun Naidu,Female,27,Patna,Bihar,East,Consumer,2024-07-30
CUST03637,Swathi Naidu,Female,40,Kochi,Kerala,South,Consumer,2023-07-10
CUST03638,Kavya Joshi,Male,35,Kolkata,West Bengal,East,Corporate,2024-12-20
CUST03639,Isha Naidu,Female,46,Kochi,Kerala,South,Consumer,2025-01-23
CUST03640,Amit Rao,Male,34,Ranchi,Jharkhand,East,Small Business,2025-05-13
CUST03641,Neha Choudhary,Male,41,Lucknow,Uttar Pradesh,North,Consumer,2022-11-04
CUST03642,Vikram Das,Male,35,Lucknow,Uttar Pradesh,North,Consumer,2022-08-18
CUST03643,Rahul Mishra,Male,36,Mumbai,Maharashtra,West,Corporate,2023-02-16
CUST03644,Neha Gupta,Male,28,Lucknow,Uttar Pradesh,North,Consumer,2022-12-15
CUST03645,Swathi Joshi,Male,44,Kochi,Kerala,South,Small Business,2022-11-28
CUST03646,Ravi Rao,Female,25,Mumbai,Maharashtra,West,Consumer,2022-07-25
CUST03647,Ravi Naidu,Male,33,Mumbai,Maharashtra,West,Corporate,2023-03-04
CUST03648,Rahul Reddy,Male,33,Jaipur,Rajasthan,North,Consumer,2022-01-02
CUST03649,Sneha Gupta,Female,40,Bhubaneswar,Odisha,East,Consumer,2023-01-06
CUST03650,Suresh Iyer,Male,40,Hyderabad,Telangana,South,Consumer,2025-07-19
CUST03651,Sneha Joshi,Male,52,Jaipur,Rajasthan,North,Consumer,2023-03-02
CUST03652,Ravi Patel,Male,48,Ahmedabad,Gujarat,West,Corporate,2023-03-30
CUST03653,Meera Das,Male,49,Kochi,Kerala,South,Consumer,2023-10-21
CUST03654,Sneha Joshi,Female,25,Kolkata,West Bengal,East,Corporate,2024-06-22
CUST03655,Rohan Mishra,Male,33,Pune,Maharashtra,West,Small Business,2023-05-22
CUST03656,Amit Mishra,Male,27,Lucknow,Uttar Pradesh,North,Corporate,2022-06-14
CUST03657,Rohan Singh,Female,27,Bhubaneswar,Odisha,East,Small Business,2023-03-07
CUST03658,Varun Patel,Male,46,Hyderabad,Telangana,South,Consumer,2022-05-21
CUST03659,Rohan Joshi,Male,42,Ranchi,Jharkhand,East,Consumer,2022-05-29
CUST03660,Kavya Joshi,Male,43,Bengaluru,Karnataka,South,Corporate,2022-11-27
CUST03661,Amit Das,Male,36,Kolkata,West Bengal,East,Small Business,2022-03-15
CUST03662,Rahul Mehta,Female,47,Lucknow,Uttar Pradesh,North,Corporate,2025-09-13
CUST03663,Swathi Naidu,Male,32,Bhubaneswar,Odisha,East,Small Business,2022-08-17
CUST03664,Isha Mishra,Male,37,Ranchi,Jharkhand,East,Small Business,2023-11-02
CUST03665,Ravi Gupta,Female,19,Ranchi,Jharkhand,East,Consumer,2023-10-31
CUST03666,Ananya Singh,Female,29,Kolkata,West Bengal,East,Corporate,2024-07-25
CUST03667,Ananya Choudhary,Male,38,Bengaluru,Karnataka,South,Consumer,2024-11-19
CUST03668,Arjun Kumar,Female,22,Chandigarh,Chandigarh,North,Consumer,2023-03-08
CUST03669,Vikram Mehta,Male,38,Chandigarh,Chandigarh,North,Consumer,2023-04-16
CUST03670,Kavya Singh,Male,35,Ranchi,Jharkhand,East,Consumer,2022-09-12
CUST03671,Priya Rao,Male,21,Jaipur,Rajasthan,North,Consumer,2025-08-13
CUST03672,Ananya Kumar,Female,24,Bengaluru,Karnataka,South,Corporate,2023-06-21
CUST03673,Ravi Patel,Male,29,Delhi,Delhi,North,Small Business,2023-04-02
CUST03674,Varun Rao,Female,41,Hyderabad,Telangana,South,Small Business,2025-08-11
CUST03675,Varun Verma,Male,50,Pune,Maharashtra,West,Consumer,2022-06-08
CUST03676,Rahul Patel,Male,54,Kolkata,West Bengal,East,Consumer,2025-06-19
CUST03677,Pooja Joshi,Female,37,Mumbai,Maharashtra,West,Consumer,2023-08-02
CUST03678,Suresh Naidu,Female,37,Jaipur,Rajasthan,North,Corporate,2022-08-10
CUST03679,Neha Mehta,Male,18,Kolkata,West Bengal,East,Small Business,2025-06-20
CUST03680,Divya Gupta,Female,36,Bengaluru,Karnataka,South,Consumer,2022-06-12
CUST03681,Nikhil Sharma,Female,42,Lucknow,Uttar Pradesh,North,Consumer,2024-11-25
CUST03682,Ravi Mishra,Male,43,Delhi,Delhi,North,Corporate,2024-02-07
CUST03683,Nikhil Singh,Female,38,Kolkata,West Bengal,East,Consumer,2024-07-30
CUST03684,Ravi Gupta,Male,28,Kolkata,West Bengal,East,Small Business,2023-05-24
CUST03685,Rahul Joshi,Female,35,Lucknow,Uttar Pradesh,North,Corporate,2022-01-04
CUST03686,Kavya Das,Female,41,Bhubaneswar,Odisha,East,Consumer,2025-09-18
CUST03687,Arjun Singh,Female,27,Mumbai,Maharashtra,West,Consumer,2025-06-15
CUST03688,Suresh Reddy,Female,21,Delhi,Delhi,North,Consumer,2025-11-23
CUST03689,Isha Singh,Male,34,Ranchi,Jharkhand,East,Consumer,2022-01-01
CUST03690,Kiran Reddy,Male,18,Ahmedabad,Gujarat,West,Small Business,2025-10-17
CUST03691,Ravi Singh,Male,28,Kochi,Kerala,South,Consumer,2022-12-26
CUST03692,Suresh Reddy,Male,50,Chennai,Tamil Nadu,South,Small Business,2024-07-12
CUST03693,Pooja Rao,Male,20,Bhubaneswar,Odisha,East,Consumer,2024-05-28
CUST03694,Amit Verma,Female,31,Hyderabad,Telangana,South,Corporate,2023-10-23
CUST03695,Ravi Iyer,Male,45,Surat,Gujarat,West,Corporate,2022-02-13
CUST03696,Suresh Sharma,Female,40,Bhubaneswar,Odisha,East,Consumer,2024-11-19
CUST03697,Kiran Iyer,Male,38,Jaipur,Rajasthan,North,Corporate,2025-11-06
CUST03698,Arjun Choudhary,Male,29,Surat,Gujarat,West,Corporate,2022-05-03
CUST03699,Suresh Choudhary,Male,27,Pune,Maharashtra,West,Consumer,2022-02-11
CUST03700,Divya Rao,Female,31,Mumbai,Maharashtra,West,Consumer,2024-04-28
CUST03701,Kiran Rao,Male,26,Pune,Maharashtra,West,Corporate,2024-01-21
CUST03702,Rohan Sharma,Female,35,Pune,Maharashtra,West,Consumer,2022-07-27
CUST03703,Kiran Singh,Male,60,Chandigarh,Chandigarh,North,Small Business,2025-07-31
CUST03704,Priya Das,Female,35,Bengaluru,Karnataka,South,Small Business,2022-10-24
CUST03705,Kavya Verma,Male,26,Chennai,Tamil Nadu,South,Consumer,2025-02-14
CUST03706,Swathi Choudhary,Female,42,Pune,Maharashtra,West,Consumer,2024-09-23
CUST03707,Varun Sharma,Female,31,Ahmedabad,Gujarat,West,Consumer,2024-06-17
CUST03708,Ravi Rao,Male,21,Pune,Maharashtra,West,Corporate,2025-08-09
CUST03709,Suresh Reddy,Male,29,Ahmedabad,Gujarat,West,Small Business,2024-03-17
CUST03710,Sneha Choudhary,Male,35,Mumbai,Maharashtra,West,Consumer,2023-02-28
CUST03711,Arjun Naidu,Female,36,Ranchi,Jharkhand,East,Consumer,2025-12-16
CUST03712,Swathi Singh,Female,20,Chennai,Tamil Nadu,South,Consumer,2022-04-25
CUST03713,Divya Naidu,Male,35,Chandigarh,Chandigarh,North,Corporate,2025-07-06
CUST03714,Meera Rao,Female,43,Ranchi,Jharkhand,East,Corporate,2023-10-04
CUST03715,Pooja Iyer,Female,33,Ahmedabad,Gujarat,West,Corporate,2023-01-15
CUST03716,Suresh Singh,Female,46,Delhi,Delhi,North,Consumer,2025-06-26
CUST03717,Suresh Choudhary,Male,29,Hyderabad,Telangana,South,Consumer,2023-12-08
CUST03718,Neha Iyer,Male,32,Ahmedabad,Gujarat,West,Corporate,2023-11-23
CUST03719,Kiran Sharma,Male,35,Chandigarh,Chandigarh,North,Consumer,2023-12-31
CUST03720,Pooja Rao,Female,35,Ranchi,Jharkhand,East,Corporate,2022-10-07
CUST03721,Meera Sharma,Male,30,Chennai,Tamil Nadu,South,Small Business,2022-01-26
CUST03722,Nikhil Choudhary,Female,38,Patna,Bihar,East,Consumer,2022-02-22
CUST03723,Kiran Patel,Female,21,Jaipur,Rajasthan,North,Consumer,2022-07-31
CUST03724,Kavya Sharma,Male,54,Chandigarh,Chandigarh,North,Small Business,2025-05-30
CUST03725,Neha Reddy,Male,31,Ranchi,Jharkhand,East,Corporate,2022-11-08
CUST03726,Amit Mehta,Female,35,Mumbai,Maharashtra,West,Small Business,2024-05-25
CUST03727,Kavya Naidu,Male,24,Chandigarh,Chandigarh,North,Corporate,2024-03-06
CUST03728,Arjun Choudhary,Male,41,Kochi,Kerala,South,Consumer,2022-11-14
CUST03729,Neha Mishra,Female,39,Kochi,Kerala,South,Consumer,2025-03-23
CUST03730,Arjun Gupta,Female,44,Surat,Gujarat,West,Consumer,2023-07-27
CUST03731,Kavya Sharma,Female,29,Delhi,Delhi,North,Consumer,2024-02-11
CUST03732,Priya Reddy,Male,44,Surat,Gujarat,West,Small Business,2025-08-12
CUST03733,Amit Mehta,Male,41,Patna,Bihar,East,Small Business,2024-03-18
CUST03734,Suresh Rao,Female,41,Chandigarh,Chandigarh,North,Corporate,2024-12-06
CUST03735,Meera Naidu,Male,27,Delhi,Delhi,North,Consumer,2024-09-30
CUST03736,Ravi Kumar,Male,40,Mumbai,Maharashtra,West,Consumer,2025-11-16
CUST03737,Vikram Singh,Male,41,Mumbai,Maharashtra,West,Corporate,2025-01-06
CUST03738,Suresh Patel,Male,36,Chennai,Tamil Nadu,South,Small Business,2025-03-08
CUST03739,Sneha Choudhary,Male,22,Ranchi,Jharkhand,East,Consumer,2023-12-13
CUST03740,Varun Singh,Male,40,Bhubaneswar,Odisha,East,Consumer,2023-05-28
CUST03741,Ravi Kumar,Female,25,Kochi,Kerala,South,Consumer,2024-07-25
CUST03742,Ravi Patel,Male,44,Pune,Maharashtra,West,Corporate,2022-11-15
CUST03743,Nikhil Joshi,Female,32,Hyderabad,Telangana,South,Small Business,2023-10-12
CUST03744,Arjun Singh,Female,28,Hyderabad,Telangana,South,Consumer,2025-04-16
CUST03745,Arjun Kumar,Male,46,Bhubaneswar,Odisha,East,Consumer,2025-03-18
CUST03746,Suresh Singh,Female,18,Kolkata,West Bengal,East,Corporate,2024-07-17
CUST03747,Kiran Mehta,Female,54,Pune,Maharashtra,West,Consumer,2025-10-17
CUST03748,Arjun Iyer,Female,47,Pune,Maharashtra,West,Consumer,2025-08-20
CUST03749,Isha Singh,Male,36,Chennai,Tamil Nadu,South,Consumer,2025-05-27
CUST03750,Rahul Sharma,Male,38,Mumbai,Maharashtra,West,Consumer,2025-03-31
CUST03751,Sneha Patel,Male,27,Jaipur,Rajasthan,North,Consumer,2023-12-25
CUST03752,Amit Das,Male,22,Kochi,Kerala,South,Consumer,2022-05-20
CUST03753,Sneha Reddy,Male,28,Ranchi,Jharkhand,East,Consumer,2024-03-09
CUST03754,Varun Gupta,Female,45,Chennai,Tamil Nadu,South,Corporate,2022-04-10
CUST03755,Ravi Verma,Male,25,Kochi,Kerala,South,Consumer,2024-09-02
CUST03756,Divya Das,Female,50,Pune,Maharashtra,West,Corporate,2024-09-15
CUST03757,Suresh Kumar,Female,34,Patna,Bihar,East,Consumer,2025-07-19
CUST03758,Sneha Rao,Male,27,Lucknow,Uttar Pradesh,North,Corporate,2023-11-17
CUST03759,Priya Iyer,Female,23,Chandigarh,Chandigarh,North,Corporate,2024-12-03
CUST03760,Ravi Mishra,Male,34,Bengaluru,Karnataka,South,Small Business,2023-11-21
CUST03761,Kiran Kumar,Male,18,Bhubaneswar,Odisha,East,Corporate,2023-04-13
CUST03762,Divya Singh,Male,28,Pune,Maharashtra,West,Corporate,2022-11-05
CUST03763,Nikhil Sharma,Male,67,Kochi,Kerala,South,Consumer,2025-06-13
CUST03764,Ravi Iyer,Male,30,Kolkata,West Bengal,East,Consumer,2023-08-20
CUST03765,Kavya Mehta,Female,38,Chennai,Tamil Nadu,South,Corporate,2022-12-28
CUST03766,Swathi Das,Male,43,Chandigarh,Chandigarh,North,Consumer,2025-08-13
CUST03767,Kiran Gupta,Female,52,Kochi,Kerala,South,Corporate,2024-07-02
CUST03768,Kavya Iyer,Female,28,Chandigarh,Chandigarh,North,Small Business,2022-08-17
CUST03769,Suresh Patel,Male,28,Patna,Bihar,East,Corporate,2023-07-15
CUST03770,Isha Gupta,Male,51,Delhi,Delhi,North,Consumer,2025-02-06
CUST03771,Varun Gupta,Female,40,Kolkata,West Bengal,East,Consumer,2025-06-24
CUST03772,Vikram Naidu,Male,40,Chennai,Tamil Nadu,South,Consumer,2024-06-14
CUST03773,Amit Choudhary,Female,33,Chennai,Tamil Nadu,South,Consumer,2022-01-29
CUST03774,Kiran Choudhary,Male,19,Bhubaneswar,Odisha,East,Consumer,2025-10-21
CUST03775,Kavya Kumar,Male,30,Kolkata,West Bengal,East,Small Business,2022-06-09
CUST03776,Arjun Mishra,Male,24,Surat,Gujarat,West,Corporate,2023-11-01
CUST03777,Kavya Sharma,Female,23,Pune,Maharashtra,West,Consumer,2022-07-25
CUST03778,Swathi Kumar,Female,38,Jaipur,Rajasthan,North,Consumer,2025-12-23
CUST03779,Ananya Kumar,Female,27,Chennai,Tamil Nadu,South,Consumer,2023-09-10
CUST03780,Pooja Joshi,Female,37,Kolkata,West Bengal,East,Consumer,2022-11-19
CUST03781,Divya Patel,Male,51,Surat,Gujarat,West,Corporate,2022-06-04
CUST03782,Amit Sharma,Male,18,Mumbai,Maharashtra,West,Consumer,2024-10-11
CUST03783,Priya Choudhary,Female,26,Hyderabad,Telangana,South,Consumer,2023-09-12
CUST03784,Pooja Singh,Female,43,Jaipur,Rajasthan,North,Consumer,2023-06-27
CUST03785,Kiran Naidu,Female,29,Kolkata,West Bengal,East,Corporate,2025-06-05
CUST03786,Isha Singh,Female,56,Chandigarh,Chandigarh,North,Small Business,2025-02-28
CUST03787,Isha Choudhary,Male,47,Mumbai,Maharashtra,West,Consumer,2022-10-06
CUST03788,Nikhil Rao,Female,37,Lucknow,Uttar Pradesh,North,Consumer,2022-10-21
CUST03789,Varun Gupta,Male,37,Patna,Bihar,East,Consumer,2025-06-02
CUST03790,Divya Kumar,Female,18,Delhi,Delhi,North,Corporate,2023-07-27
CUST03791,Nikhil Verma,Female,40,Hyderabad,Telangana,South,Consumer,2024-06-14
CUST03792,Rohan Gupta,Female,30,Bengaluru,Karnataka,South,Consumer,2024-12-03
CUST03793,Neha Das,Male,27,Chandigarh,Chandigarh,North,Consumer,2023-03-19
CUST03794,Pooja Kumar,Female,40,Ahmedabad,Gujarat,West,Consumer,2023-03-30
CUST03795,Nikhil Choudhary,Male,45,Pune,Maharashtra,West,Consumer,2025-09-28
CUST03796,Isha Iyer,Female,43,Ahmedabad,Gujarat,West,Small Business,2025-10-05
CUST03797,Rahul Sharma,Female,32,Ahmedabad,Gujarat,West,Consumer,2022-12-28
CUST03798,Pooja Kumar,Male,28,Delhi,Delhi,North,Consumer,2024-02-24
CUST03799,Divya Naidu,Male,44,Bhubaneswar,Odisha,East,Consumer,2022-04-13
CUST03800,Pooja Sharma,Female,28,Ahmedabad,Gujarat,West,Consumer,2022-08-16
CUST03801,Pooja Naidu,Female,37,Patna,Bihar,East,Consumer,2023-08-21
CUST03802,Kavya Iyer,Male,38,Kolkata,West Bengal,East,Consumer,2025-03-27
CUST03803,Amit Patel,Male,23,Delhi,Delhi,North,Consumer,2025-05-12
CUST03804,Divya Reddy,Female,38,Surat,Gujarat,West,Small Business,2025-07-05
CUST03805,Divya Sharma,Female,32,Jaipur,Rajasthan,North,Consumer,2023-04-08
CUST03806,Priya Rao,Male,34,Kochi,Kerala,South,Consumer,2025-02-07
CUST03807,Rohan Verma,Male,23,Delhi,Delhi,North,Consumer,2022-04-21
CUST03808,Neha Mishra,Male,27,Chennai,Tamil Nadu,South,Consumer,2025-04-05
CUST03809,Vikram Choudhary,Male,47,Chennai,Tamil Nadu,South,Consumer,2022-12-10
CUST03810,Arjun Kumar,Female,39,Kolkata,West Bengal,East,Consumer,2025-07-31
CUST03811,Rohan Mishra,Male,25,Mumbai,Maharashtra,West,Consumer,2024-04-01
CUST03812,Pooja Iyer,Male,49,Kolkata,West Bengal,East,Consumer,2023-03-21
CUST03813,Varun Singh,Male,33,Ranchi,Jharkhand,East,Corporate,2023-04-03
CUST03814,Arjun Sharma,Male,19,Ranchi,Jharkhand,East,Small Business,2023-06-11
CUST03815,Arjun Iyer,Female,31,Pune,Maharashtra,West,Small Business,2025-05-13
CUST03816,Swathi Naidu,Male,37,Jaipur,Rajasthan,North,Consumer,2022-01-13
CUST03817,Varun Mehta,Male,26,Lucknow,Uttar Pradesh,North,Consumer,2023-12-22
CUST03818,Varun Naidu,Female,37,Delhi,Delhi,North,Consumer,2022-01-24
CUST03819,Ravi Joshi,Male,39,Pune,Maharashtra,West,Consumer,2023-02-25
CUST03820,Sneha Singh,Male,33,Ranchi,Jharkhand,East,Corporate,2024-02-13
CUST03821,Arjun Sharma,Male,40,Kochi,Kerala,South,Consumer,2025-02-13
CUST03822,Varun Verma,Female,24,Hyderabad,Telangana,South,Small Business,2022-12-24
CUST03823,Suresh Reddy,Male,18,Kochi,Kerala,South,Consumer,2025-07-17
CUST03824,Varun Singh,Female,23,Mumbai,Maharashtra,West,Small Business,2024-10-13
CUST03825,Arjun Mishra,Female,37,Kochi,Kerala,South,Corporate,2024-05-27
CUST03826,Suresh Kumar,Male,32,Mumbai,Maharashtra,West,Corporate,2022-09-26
CUST03827,Nikhil Patel,Male,25,Ranchi,Jharkhand,East,Consumer,2023-04-16
CUST03828,Nikhil Joshi,Male,35,Ranchi,Jharkhand,East,Small Business,2023-06-24
CUST03829,Suresh Iyer,Male,28,Pune,Maharashtra,West,Corporate,2025-12-27
CUST03830,Swathi Mishra,Female,40,Kochi,Kerala,South,Small Business,2024-10-14
CUST03831,Divya Joshi,Female,22,Kolkata,West Bengal,East,Consumer,2022-09-25
CUST03832,Meera Naidu,Male,25,Surat,Gujarat,West,Small Business,2024-12-17
CUST03833,Priya Joshi,Female,41,Pune,Maharashtra,West,Consumer,2023-01-07
CUST03834,Sneha Patel,Male,38,Ranchi,Jharkhand,East,Consumer,2025-12-26
CUST03835,Rohan Das,Female,23,Chennai,Tamil Nadu,South,Small Business,2024-08-31
CUST03836,Ananya Patel,Male,38,Chennai,Tamil Nadu,South,Consumer,2024-10-18
CUST03837,Vikram Iyer,Male,34,Lucknow,Uttar Pradesh,North,Consumer,2024-04-19
CUST03838,Arjun Gupta,Male,35,Kolkata,West Bengal,East,Consumer,2024-01-27
CUST03839,Suresh Gupta,Male,37,Kolkata,West Bengal,East,Consumer,2022-05-14
CUST03840,Amit Kumar,Female,33,Mumbai,Maharashtra,West,Corporate,2023-09-19
CUST03841,Varun Singh,Male,31,Delhi,Delhi,North,Consumer,2022-04-01
CUST03842,Amit Mehta,Male,43,Chandigarh,Chandigarh,North,Consumer,2022-03-26
CUST03843,Ravi Mishra,Male,31,Ranchi,Jharkhand,East,Corporate,2022-06-23
CUST03844,Swathi Singh,Female,38,Pune,Maharashtra,West,Consumer,2022-08-13
CUST03845,Swathi Mishra,Female,41,Delhi,Delhi,North,Consumer,2022-08-11
CUST03846,Ravi Gupta,Male,45,Lucknow,Uttar Pradesh,North,Small Business,2024-12-01
CUST03847,Swathi Choudhary,Male,48,Ranchi,Jharkhand,East,Corporate,2022-07-30
CUST03848,Arjun Singh,Male,23,Kolkata,West Bengal,East,Small Business,2024-09-01
CUST03849,Amit Joshi,Female,31,Delhi,Delhi,North,Consumer,2024-11-22
CUST03850,Arjun Joshi,Male,41,Chennai,Tamil Nadu,South,Consumer,2022-12-08
CUST03851,Divya Patel,Male,43,Ranchi,Jharkhand,East,Consumer,2022-12-21
CUST03852,Ananya Iyer,Male,31,Kolkata,West Bengal,East,Consumer,2023-12-13
CUST03853,Priya Singh,Male,41,Lucknow,Uttar Pradesh,North,Consumer,2023-03-12
CUST03854,Vikram Sharma,Male,21,Bengaluru,Karnataka,South,Small Business,2022-06-21
CUST03855,Amit Verma,Female,28,Bengaluru,Karnataka,South,Consumer,2023-02-22
CUST03856,Ravi Rao,Male,41,Chandigarh,Chandigarh,North,Consumer,2022-01-09
CUST03857,Swathi Verma,Female,30,Kolkata,West Bengal,East,Consumer,2024-02-16
CUST03858,Divya Rao,Female,55,Bhubaneswar,Odisha,East,Consumer,2023-09-17
CUST03859,Swathi Kumar,Male,51,Surat,Gujarat,West,Corporate,2025-05-01
CUST03860,Isha Patel,Male,39,Delhi,Delhi,North,Consumer,2022-12-23
CUST03861,Kavya Reddy,Female,27,Kolkata,West Bengal,East,Consumer,2022-10-30
CUST03862,Sneha Mehta,Male,18,Bhubaneswar,Odisha,East,Small Business,2023-11-26
CUST03863,Ravi Rao,Female,38,Ahmedabad,Gujarat,West,Consumer,2025-03-02
CUST03864,Swathi Singh,Female,38,Surat,Gujarat,West,Consumer,2022-12-12
CUST03865,Suresh Singh,Female,36,Patna,Bihar,East,Corporate,2023-10-27
CUST03866,Isha Mehta,Male,44,Kochi,Kerala,South,Corporate,2023-10-11
CUST03867,Kiran Joshi,Male,45,Kolkata,West Bengal,East,Small Business,2023-02-16
CUST03868,Vikram Patel,Female,47,Bhubaneswar,Odisha,East,Corporate,2022-04-27
CUST03869,Divya Reddy,Female,31,Bhubaneswar,Odisha,East,Corporate,2022-04-17
CUST03870,Meera Mehta,Female,37,Kochi,Kerala,South,Consumer,2024-08-15
CUST03871,Kavya Singh,Female,45,Kolkata,West Bengal,East,Consumer,2024-09-13
CUST03872,Pooja Mehta,Female,40,Jaipur,Rajasthan,North,Corporate,2022-03-29
CUST03873,Kavya Rao,Male,27,Lucknow,Uttar Pradesh,North,Corporate,2022-11-18
CUST03874,Ravi Reddy,Male,40,Chennai,Tamil Nadu,South,Consumer,2022-10-02
CUST03875,Meera Sharma,Male,35,Kolkata,West Bengal,East,Consumer,2023-04-20
CUST03876,Swathi Mishra,Male,24,Jaipur,Rajasthan,North,Consumer,2023-01-23
CUST03877,Priya Mishra,Male,30,Delhi,Delhi,North,Corporate,2022-12-08
CUST03878,Nikhil Mishra,Female,56,Delhi,Delhi,North,Small Business,2022-08-09
CUST03879,Divya Singh,Male,49,Chandigarh,Chandigarh,North,Consumer,2023-09-03
CUST03880,Priya Reddy,Male,29,Jaipur,Rajasthan,North,Consumer,2025-05-12
CUST03881,Kavya Singh,Female,33,Pune,Maharashtra,West,Corporate,2025-12-14
CUST03882,Suresh Rao,Female,45,Lucknow,Uttar Pradesh,North,Corporate,2024-11-20
CUST03883,Kiran Das,Male,46,Mumbai,Maharashtra,West,Consumer,2023-10-02
CUST03884,Amit Mishra,Female,23,Patna,Bihar,East,Consumer,2022-05-05
CUST03885,Arjun Joshi,Male,26,Ahmedabad,Gujarat,West,Consumer,2025-08-25
CUST03886,Varun Verma,Male,37,Jaipur,Rajasthan,North,Consumer,2023-10-26
CUST03887,Arjun Mehta,Male,31,Surat,Gujarat,West,Consumer,2023-01-15
CUST03888,Nikhil Choudhary,Female,19,Mumbai,Maharashtra,West,Corporate,2022-01-25
CUST03889,Divya Patel,Female,40,Bengaluru,Karnataka,South,Consumer,2025-12-27
CUST03890,Varun Joshi,Male,52,Jaipur,Rajasthan,North,Corporate,2023-12-09
CUST03891,Neha Verma,Male,34,Chennai,Tamil Nadu,South,Corporate,2024-11-26
CUST03892,Arjun Gupta,Male,26,Chandigarh,Chandigarh,North,Consumer,2023-11-11
CUST03893,Neha Gupta,Female,22,Hyderabad,Telangana,South,Consumer,2023-02-11
CUST03894,Varun Sharma,Female,44,Chennai,Tamil Nadu,South,Consumer,2022-09-26
CUST03895,Kiran Gupta,Male,51,Jaipur,Rajasthan,North,Small Business,2023-10-05
CUST03896,Rohan Reddy,Male,18,Chennai,Tamil Nadu,South,Consumer,2024-04-21
CUST03897,Kavya Singh,Male,27,Mumbai,Maharashtra,West,Consumer,2023-06-14
CUST03898,Ananya Patel,Female,36,Bengaluru,Karnataka,South,Consumer,2025-04-30
CUST03899,Nikhil Joshi,Male,34,Chennai,Tamil Nadu,South,Corporate,2022-05-13
CUST03900,Meera Iyer,Male,28,Mumbai,Maharashtra,West,Consumer,2025-02-01
CUST03901,Kiran Gupta,Female,25,Chennai,Tamil Nadu,South,Corporate,2024-10-17
CUST03902,Swathi Mishra,Male,18,Bhubaneswar,Odisha,East,Small Business,2025-04-05
CUST03903,Rahul Choudhary,Female,32,Jaipur,Rajasthan,North,Small Business,2023-07-30
CUST03904,Ravi Iyer,Male,40,Hyderabad,Telangana,South,Consumer,2024-06-29
CUST03905,Kavya Joshi,Male,31,Lucknow,Uttar Pradesh,North,Corporate,2022-12-09
CUST03906,Vikram Rao,Male,30,Lucknow,Uttar Pradesh,North,Consumer,2024-07-12
CUST03907,Nikhil Kumar,Male,29,Kochi,Kerala,South,Consumer,2023-06-14
CUST03908,Kiran Reddy,Female,26,Pune,Maharashtra,West,Consumer,2023-08-02
CUST03909,Amit Iyer,Female,35,Patna,Bihar,East,Corporate,2025-10-15
CUST03910,Suresh Gupta,Female,25,Ahmedabad,Gujarat,West,Corporate,2022-09-30
CUST03911,Rahul Sharma,Female,18,Pune,Maharashtra,West,Small Business,2025-09-14
CUST03912,Priya Gupta,Female,25,Chandigarh,Chandigarh,North,Corporate,2024-04-10
CUST03913,Vikram Choudhary,Female,40,Chandigarh,Chandigarh,North,Consumer,2022-09-12
CUST03914,Amit Das,Female,33,Ahmedabad,Gujarat,West,Consumer,2023-10-11
CUST03915,Kiran Joshi,Female,18,Jaipur,Rajasthan,North,Corporate,2024-08-05
CUST03916,Meera Singh,Male,34,Surat,Gujarat,West,Consumer,2022-06-03
CUST03917,Varun Mishra,Male,41,Pune,Maharashtra,West,Consumer,2022-01-10
CUST03918,Sneha Choudhary,Male,43,Kochi,Kerala,South,Consumer,2023-06-12
CUST03919,Nikhil Mishra,Female,41,Pune,Maharashtra,West,Consumer,2024-06-26
CUST03920,Vikram Choudhary,Female,42,Pune,Maharashtra,West,Consumer,2025-11-16
CUST03921,Amit Kumar,Female,53,Ranchi,Jharkhand,East,Small Business,2024-07-24
CUST03922,Priya Das,Male,35,Surat,Gujarat,West,Consumer,2025-03-24
CUST03923,Amit Rao,Female,32,Ahmedabad,Gujarat,West,Consumer,2022-06-06
CUST03924,Amit Patel,Female,43,Hyderabad,Telangana,South,Consumer,2022-11-08
CUST03925,Arjun Sharma,Female,35,Ranchi,Jharkhand,East,Consumer,2022-08-05
CUST03926,Ravi Joshi,Male,24,Kochi,Kerala,South,Consumer,2023-08-13
CUST03927,Ravi Choudhary,Male,39,Pune,Maharashtra,West,Consumer,2025-04-17
CUST03928,Kavya Sharma,Female,23,Ranchi,Jharkhand,East,Corporate,2023-07-20
CUST03929,Varun Iyer,Female,30,Patna,Bihar,East,Consumer,2022-05-28
CUST03930,Kavya Reddy,Female,21,Bengaluru,Karnataka,South,Consumer,2025-01-02
CUST03931,Suresh Gupta,Male,25,Mumbai,Maharashtra,West,Consumer,2023-10-13
CUST03932,Ravi Das,Male,55,Patna,Bihar,East,Consumer,2023-06-19
CUST03933,Meera Verma,Female,45,Lucknow,Uttar Pradesh,North,Corporate,2024-09-30
CUST03934,Rahul Mishra,Male,36,Chandigarh,Chandigarh,North,Consumer,2023-09-29
CUST03935,Meera Naidu,Female,28,Kochi,Kerala,South,Small Business,2023-12-19
CUST03936,Amit Iyer,Male,29,Bhubaneswar,Odisha,East,Consumer,2024-03-31
CUST03937,Meera Reddy,Male,36,Surat,Gujarat,West,Small Business,2023-07-25
CUST03938,Rohan Rao,Male,42,Ranchi,Jharkhand,East,Consumer,2024-09-05
CUST03939,Vikram Reddy,Female,28,Hyderabad,Telangana,South,Small Business,2023-10-15
CUST03940,Rahul Singh,Male,45,Chandigarh,Chandigarh,North,Corporate,2024-09-29
CUST03941,Ananya Verma,Male,26,Bhubaneswar,Odisha,East,Consumer,2025-08-22
CUST03942,Suresh Gupta,Female,25,Chandigarh,Chandigarh,North,Consumer,2024-07-09
CUST03943,Varun Das,Male,41,Patna,Bihar,East,Consumer,2023-01-29
CUST03944,Neha Singh,Male,28,Chandigarh,Chandigarh,North,Consumer,2022-06-04
CUST03945,Priya Choudhary,Female,41,Chandigarh,Chandigarh,North,Consumer,2023-04-17
CUST03946,Neha Das,Male,28,Surat,Gujarat,West,Consumer,2025-12-18
CUST03947,Arjun Joshi,Male,30,Lucknow,Uttar Pradesh,North,Consumer,2025-11-09
CUST03948,Divya Iyer,Male,44,Ahmedabad,Gujarat,West,Small Business,2023-06-12
CUST03949,Amit Patel,Female,26,Pune,Maharashtra,West,Consumer,2025-07-11
CUST03950,Ananya Mishra,Female,43,Bengaluru,Karnataka,South,Consumer,2024-09-20
CUST03951,Isha Naidu,Female,35,Mumbai,Maharashtra,West,Corporate,2025-11-12
CUST03952,Ravi Singh,Male,27,Mumbai,Maharashtra,West,Consumer,2025-09-28
CUST03953,Kiran Gupta,Female,27,Kochi,Kerala,South,Consumer,2025-04-27
CUST03954,Suresh Naidu,Male,41,Hyderabad,Telangana,South,Corporate,2022-01-05
CUST03955,Pooja Das,Male,29,Ranchi,Jharkhand,East,Consumer,2023-03-07
CUST03956,Divya Joshi,Female,36,Bengaluru,Karnataka,South,Consumer,2022-12-14
CUST03957,Divya Verma,Male,35,Kolkata,West Bengal,East,Consumer,2022-05-17
CUST03958,Arjun Iyer,Female,50,Kochi,Kerala,South,Small Business,2023-07-23
CUST03959,Kavya Iyer,Female,27,Patna,Bihar,East,Consumer,2022-08-06
CUST03960,Ravi Naidu,Female,37,Chandigarh,Chandigarh,North,Small Business,2024-09-23
CUST03961,Isha Reddy,Male,31,Kochi,Kerala,South,Consumer,2025-01-21
CUST03962,Sneha Singh,Male,23,Mumbai,Maharashtra,West,Corporate,2025-06-09
CUST03963,Arjun Iyer,Female,32,Lucknow,Uttar Pradesh,North,Small Business,2023-05-21
CUST03964,Swathi Rao,Female,46,Hyderabad,Telangana,South,Corporate,2023-10-17
CUST03965,Pooja Rao,Female,19,Chennai,Tamil Nadu,South,Consumer,2025-03-17
CUST03966,Ravi Rao,Female,37,Chennai,Tamil Nadu,South,Consumer,2022-12-31
CUST03967,Varun Mishra,Male,30,Kolkata,West Bengal,East,Consumer,2022-01-24
CUST03968,Vikram Verma,Female,42,Delhi,Delhi,North,Consumer,2025-06-25
CUST03969,Divya Sharma,Female,46,Pune,Maharashtra,West,Small Business,2022-03-17
CUST03970,Ravi Verma,Male,39,Chennai,Tamil Nadu,South,Consumer,2025-06-23
CUST03971,Neha Reddy,Female,33,Chandigarh,Chandigarh,North,Small Business,2024-01-26
CUST03972,Sneha Iyer,Male,30,Kochi,Kerala,South,Corporate,2022-04-11
CUST03973,Rahul Choudhary,Female,42,Bhubaneswar,Odisha,East,Consumer,2023-01-07
CUST03974,Varun Rao,Female,25,Bhubaneswar,Odisha,East,Corporate,2024-03-26
CUST03975,Divya Sharma,Male,38,Ahmedabad,Gujarat,West,Small Business,2024-07-05
CUST03976,Neha Das,Female,30,Surat,Gujarat,West,Consumer,2024-01-08
CUST03977,Kiran Rao,Male,30,Chennai,Tamil Nadu,South,Corporate,2025-08-24
CUST03978,Kiran Kumar,Male,18,Chandigarh,Chandigarh,North,Consumer,2023-11-28
CUST03979,Suresh Singh,Female,21,Bhubaneswar,Odisha,East,Corporate,2022-07-31
CUST03980,Amit Reddy,Male,25,Kolkata,West Bengal,East,Consumer,2023-03-12
CUST03981,Isha Kumar,Female,19,Bhubaneswar,Odisha,East,Consumer,2025-03-28
CUST03982,Kavya Naidu,Female,37,Kolkata,West Bengal,East,Small Business,2024-09-14
CUST03983,Divya Mishra,Male,44,Lucknow,Uttar Pradesh,North,Corporate,2024-05-26
CUST03984,Isha Iyer,Female,27,Pune,Maharashtra,West,Small Business,2023-04-01
CUST03985,Ravi Choudhary,Male,20,Chandigarh,Chandigarh,North,Consumer,2025-04-29
CUST03986,Varun Iyer,Female,29,Patna,Bihar,East,Consumer,2022-11-16
CUST03987,Divya Das,Male,30,Chandigarh,Chandigarh,North,Consumer,2024-01-06
CUST03988,Arjun Sharma,Male,30,Patna,Bihar,East,Consumer,2025-01-02
CUST03989,Ravi Gupta,Female,18,Mumbai,Maharashtra,West,Consumer,2022-07-30
CUST03990,Nikhil Patel,Male,38,Jaipur,Rajasthan,North,Consumer,2025-08-26
CUST03991,Rohan Choudhary,Male,46,Chennai,Tamil Nadu,South,Consumer,2022-11-07
CUST03992,Amit Iyer,Male,37,Bengaluru,Karnataka,South,Corporate,2022-01-08
CUST03993,Meera Gupta,Female,32,Surat,Gujarat,West,Corporate,2022-05-11
CUST03994,Isha Mehta,Male,33,Delhi,Delhi,North,Consumer,2024-11-10
CUST03995,Arjun Singh,Male,35,Ranchi,Jharkhand,East,Consumer,2022-10-16
CUST03996,Nikhil Reddy,Female,26,Lucknow,Uttar Pradesh,North,Consumer,2024-01-08
CUST03997,Priya Patel,Male,40,Kochi,Kerala,South,Consumer,2024-11-26
CUST03998,Isha Iyer,Female,45,Chandigarh,Chandigarh,North,Consumer,2025-09-10
CUST03999,Ravi Reddy,Male,38,Surat,Gujarat,West,Consumer,2024-08-11
CUST04000,Amit Mishra,Male,20,Mumbai,Maharashtra,West,Consumer,2024-07-18
CUST04001,Ravi Mehta,Male,18,Bhubaneswar,Odisha,East,Small Business,2023-10-21
CUST04002,Arjun Das,Female,18,Surat,Gujarat,West,Small Business,2024-05-26
CUST04003,Kavya Verma,Female,39,Bengaluru,Karnataka,South,Consumer,2022-11-23
CUST04004,Nikhil Das,Male,26,Hyderabad,Telangana,South,Small Business,2025-10-30
CUST04005,Priya Patel,Female,33,Bhubaneswar,Odisha,East,Small Business,2025-10-10
CUST04006,Divya Choudhary,Female,23,Jaipur,Rajasthan,North,Consumer,2025-11-27
CUST04007,Sneha Choudhary,Male,25,Jaipur,Rajasthan,North,Consumer,2024-11-13
CUST04008,Isha Iyer,Male,49,Bhubaneswar,Odisha,East,Corporate,2025-09-09
CUST04009,Suresh Reddy,Female,21,Lucknow,Uttar Pradesh,North,Consumer,2022-02-08
CUST04010,Neha Mishra,Female,44,Ahmedabad,Gujarat,West,Corporate,2022-07-19
CUST04011,Rahul Rao,Male,20,Pune,Maharashtra,West,Consumer,2023-11-30
CUST04012,Isha Verma,Female,51,Chandigarh,Chandigarh,North,Corporate,2025-05-07
CUST04013,Divya Naidu,Male,44,Lucknow,Uttar Pradesh,North,Consumer,2025-03-22
CUST04014,Rohan Choudhary,Male,42,Lucknow,Uttar Pradesh,North,Consumer,2023-10-28
CUST04015,Swathi Iyer,Male,50,Mumbai,Maharashtra,West,Corporate,2023-10-29
CUST04016,Arjun Das,Male,38,Ahmedabad,Gujarat,West,Consumer,2022-07-02
CUST04017,Ananya Mehta,Female,18,Chandigarh,Chandigarh,North,Consumer,2022-07-11
CUST04018,Suresh Kumar,Male,29,Surat,Gujarat,West,Consumer,2022-11-09
CUST04019,Amit Mishra,Male,18,Ahmedabad,Gujarat,West,Consumer,2025-10-18
CUST04020,Meera Verma,Female,37,Bengaluru,Karnataka,South,Consumer,2024-02-07
CUST04021,Arjun Mehta,Male,34,Chennai,Tamil Nadu,South,Consumer,2025-08-31
CUST04022,Isha Rao,Male,32,Patna,Bihar,East,Small Business,2025-01-18
CUST04023,Ananya Patel,Male,18,Kochi,Kerala,South,Corporate,2023-07-06
CUST04024,Neha Mehta,Female,33,Ahmedabad,Gujarat,West,Corporate,2023-01-23
CUST04025,Amit Patel,Female,33,Hyderabad,Telangana,South,Consumer,2023-03-25
CUST04026,Rahul Choudhary,Female,21,Bhubaneswar,Odisha,East,Corporate,2024-07-20
CUST04027,Suresh Iyer,Female,28,Lucknow,Uttar Pradesh,North,Corporate,2023-10-05
CUST04028,Varun Iyer,Male,44,Hyderabad,Telangana,South,Consumer,2022-11-11
CUST04029,Pooja Gupta,Female,29,Pune,Maharashtra,West,Consumer,2025-11-21
CUST04030,Neha Reddy,Male,40,Kolkata,West Bengal,East,Corporate,2023-06-06
CUST04031,Amit Das,Female,32,Jaipur,Rajasthan,North,Corporate,2024-11-05
CUST04032,Isha Mehta,Female,47,Delhi,Delhi,North,Consumer,2023-02-23
CUST04033,Vikram Reddy,Female,40,Lucknow,Uttar Pradesh,North,Consumer,2023-01-29
CUST04034,Neha Patel,Male,46,Delhi,Delhi,North,Small Business,2023-09-24
CUST04035,Rahul Patel,Female,28,Delhi,Delhi,North,Corporate,2024-01-16
CUST04036,Sneha Patel,Male,41,Patna,Bihar,East,Consumer,2022-07-08
CUST04037,Varun Rao,Female,32,Ranchi,Jharkhand,East,Consumer,2025-09-25
CUST04038,Kiran Sharma,Female,44,Ahmedabad,Gujarat,West,Small Business,2024-08-22
CUST04039,Arjun Das,Male,29,Pune,Maharashtra,West,Corporate,2022-06-28
CUST04040,Nikhil Mishra,Female,41,Ranchi,Jharkhand,East,Corporate,2025-07-08
CUST04041,Varun Sharma,Female,40,Kochi,Kerala,South,Small Business,2022-07-15
CUST04042,Isha Choudhary,Female,39,Kolkata,West Bengal,East,Consumer,2025-12-20
CUST04043,Divya Naidu,Female,35,Mumbai,Maharashtra,West,Corporate,2022-07-07
CUST04044,Ananya Mehta,Female,36,Hyderabad,Telangana,South,Consumer,2023-05-24
CUST04045,Amit Reddy,Male,19,Pune,Maharashtra,West,Consumer,2022-07-16
CUST04046,Kavya Verma,Female,33,Surat,Gujarat,West,Corporate,2022-05-05
CUST04047,Swathi Kumar,Female,55,Chennai,Tamil Nadu,South,Consumer,2023-03-01
CUST04048,Isha Verma,Male,37,Ranchi,Jharkhand,East,Corporate,2023-05-24
CUST04049,Varun Kumar,Male,26,Bengaluru,Karnataka,South,Small Business,2022-03-30
CUST04050,Swathi Verma,Female,26,Patna,Bihar,East,Consumer,2025-11-23
CUST04051,Isha Patel,Female,53,Ranchi,Jharkhand,East,Consumer,2025-05-30
CUST04052,Divya Rao,Female,28,Ahmedabad,Gujarat,West,Corporate,2025-12-01
CUST04053,Arjun Mehta,Male,30,Delhi,Delhi,North,Small Business,2024-09-29
CUST04054,Ananya Choudhary,Female,44,Pune,Maharashtra,West,Consumer,2022-08-15
CUST04055,Kiran Mishra,Female,30,Lucknow,Uttar Pradesh,North,Corporate,2025-06-28
CUST04056,Rahul Verma,Male,18,Chennai,Tamil Nadu,South,Small Business,2024-08-18
CUST04057,Neha Verma,Female,20,Delhi,Delhi,North,Consumer,2024-02-13
CUST04058,Vikram Sharma,Male,26,Hyderabad,Telangana,South,Consumer,2024-03-22
CUST04059,Priya Verma,Male,36,Ranchi,Jharkhand,East,Consumer,2022-12-10
CUST04060,Pooja Naidu,Male,47,Pune,Maharashtra,West,Small Business,2024-07-14
CUST04061,Isha Sharma,Male,40,Pune,Maharashtra,West,Corporate,2024-12-22
CUST04062,Rohan Choudhary,Female,33,Ranchi,Jharkhand,East,Consumer,2022-12-09
CUST04063,Meera Singh,Male,18,Surat,Gujarat,West,Corporate,2023-10-28
CUST04064,Meera Gupta,Male,18,Kolkata,West Bengal,East,Consumer,2023-02-23
CUST04065,Ravi Reddy,Female,28,Chandigarh,Chandigarh,North,Corporate,2022-05-08
CUST04066,Priya Iyer,Female,32,Hyderabad,Telangana,South,Consumer,2025-10-29
CUST04067,Amit Naidu,Male,32,Mumbai,Maharashtra,West,Consumer,2025-05-08
CUST04068,Kiran Verma,Female,22,Ahmedabad,Gujarat,West,Small Business,2024-10-07
CUST04069,Rahul Mishra,Female,38,Bengaluru,Karnataka,South,Corporate,2025-10-24
CUST04070,Ravi Singh,Female,36,Ranchi,Jharkhand,East,Consumer,2025-07-28
CUST04071,Sneha Gupta,Male,44,Hyderabad,Telangana,South,Consumer,2023-02-04
CUST04072,Amit Choudhary,Male,37,Pune,Maharashtra,West,Corporate,2025-06-02
CUST04073,Rahul Das,Male,18,Patna,Bihar,East,Consumer,2022-11-24
CUST04074,Meera Kumar,Female,28,Chandigarh,Chandigarh,North,Corporate,2025-04-10
CUST04075,Rohan Mishra,Female,18,Jaipur,Rajasthan,North,Consumer,2024-05-10
CUST04076,Isha Das,Male,35,Patna,Bihar,East,Corporate,2024-09-04
CUST04077,Rohan Patel,Female,39,Patna,Bihar,East,Consumer,2023-07-24
CUST04078,Suresh Verma,Male,37,Chennai,Tamil Nadu,South,Corporate,2025-06-18
CUST04079,Priya Singh,Male,31,Kolkata,West Bengal,East,Small Business,2023-03-06
CUST04080,Meera Gupta,Male,19,Lucknow,Uttar Pradesh,North,Consumer,2022-04-04
CUST04081,Kiran Kumar,Female,28,Pune,Maharashtra,West,Small Business,2023-10-27
CUST04082,Isha Singh,Male,26,Patna,Bihar,East,Consumer,2025-05-29
CUST04083,Priya Gupta,Female,22,Patna,Bihar,East,Consumer,2022-01-23
CUST04084,Ravi Mishra,Female,57,Chennai,Tamil Nadu,South,Small Business,2022-02-17
CUST04085,Swathi Mishra,Male,28,Lucknow,Uttar Pradesh,North,Consumer,2024-10-25
CUST04086,Nikhil Mehta,Female,30,Bhubaneswar,Odisha,East,Corporate,2022-05-07
CUST04087,Amit Singh,Male,29,Ahmedabad,Gujarat,West,Consumer,2023-04-17
CUST04088,Rahul Das,Female,25,Chennai,Tamil Nadu,South,Consumer,2022-12-24
CUST04089,Suresh Joshi,Female,32,Surat,Gujarat,West,Consumer,2022-10-15
CUST04090,Rohan Iyer,Female,36,Bhubaneswar,Odisha,East,Consumer,2024-07-24
CUST04091,Kiran Mishra,Female,50,Patna,Bihar,East,Corporate,2023-02-07
CUST04092,Kavya Singh,Male,18,Lucknow,Uttar Pradesh,North,Corporate,2022-01-19
CUST04093,Nikhil Patel,Female,40,Kochi,Kerala,South,Consumer,2023-11-30
CUST04094,Priya Naidu,Female,42,Ahmedabad,Gujarat,West,Consumer,2022-10-29
CUST04095,Kiran Patel,Female,19,Kochi,Kerala,South,Consumer,2024-06-02
CUST04096,Rahul Kumar,Male,43,Chandigarh,Chandigarh,North,Corporate,2024-07-19
CUST04097,Varun Verma,Male,48,Bhubaneswar,Odisha,East,Corporate,2022-10-24
CUST04098,Rohan Das,Male,67,Ahmedabad,Gujarat,West,Consumer,2025-07-05
CUST04099,Ravi Choudhary,Female,36,Kochi,Kerala,South,Consumer,2024-01-19
CUST04100,Amit Kumar,Male,38,Pune,Maharashtra,West,Consumer,2022-04-21
CUST04101,Varun Choudhary,Male,33,Chandigarh,Chandigarh,North,Consumer,2023-07-18
CUST04102,Rohan Iyer,Female,32,Chennai,Tamil Nadu,South,Consumer,2022-08-07
CUST04103,Priya Patel,Male,40,Bhubaneswar,Odisha,East,Consumer,2024-10-26
CUST04104,Rahul Reddy,Male,25,Ahmedabad,Gujarat,West,Consumer,2024-05-13
CUST04105,Nikhil Reddy,Male,28,Jaipur,Rajasthan,North,Consumer,2023-07-07
CUST04106,Varun Gupta,Female,36,Lucknow,Uttar Pradesh,North,Corporate,2024-10-05
CUST04107,Swathi Iyer,Male,31,Lucknow,Uttar Pradesh,North,Consumer,2022-04-04
CUST04108,Neha Das,Female,23,Kolkata,West Bengal,East,Consumer,2022-04-01
CUST04109,Neha Iyer,Male,43,Chandigarh,Chandigarh,North,Corporate,2025-09-18
CUST04110,Vikram Kumar,Male,45,Patna,Bihar,East,Small Business,2023-04-05
CUST04111,Kiran Reddy,Male,48,Kolkata,West Bengal,East,Consumer,2024-05-04
CUST04112,Pooja Patel,Male,26,Hyderabad,Telangana,South,Small Business,2023-01-28
CUST04113,Nikhil Kumar,Female,44,Lucknow,Uttar Pradesh,North,Consumer,2024-11-25
CUST04114,Neha Choudhary,Male,45,Mumbai,Maharashtra,West,Small Business,2025-05-24
CUST04115,Nikhil Rao,Male,21,Bhubaneswar,Odisha,East,Small Business,2022-02-25
CUST04116,Ravi Verma,Male,34,Pune,Maharashtra,West,Consumer,2022-08-02
CUST04117,Suresh Verma,Male,42,Chennai,Tamil Nadu,South,Consumer,2023-11-24
CUST04118,Rahul Iyer,Female,31,Patna,Bihar,East,Corporate,2023-04-23
CUST04119,Nikhil Gupta,Male,51,Ahmedabad,Gujarat,West,Consumer,2025-11-15
CUST04120,Suresh Verma,Male,40,Pune,Maharashtra,West,Consumer,2024-05-20
CUST04121,Ananya Das,Female,48,Chennai,Tamil Nadu,South,Consumer,2022-11-07
CUST04122,Kiran Das,Male,46,Delhi,Delhi,North,Corporate,2022-01-31
CUST04123,Neha Reddy,Male,18,Lucknow,Uttar Pradesh,North,Corporate,2025-10-20
CUST04124,Arjun Naidu,Female,18,Pune,Maharashtra,West,Consumer,2022-08-17
CUST04125,Sneha Mehta,Male,42,Lucknow,Uttar Pradesh,North,Consumer,2025-11-07
CUST04126,Pooja Mishra,Male,28,Hyderabad,Telangana,South,Corporate,2025-12-28
CUST04127,Priya Mehta,Female,31,Surat,Gujarat,West,Corporate,2023-11-17
CUST04128,Meera Sharma,Male,28,Ranchi,Jharkhand,East,Consumer,2024-08-18
CUST04129,Ananya Choudhary,Male,43,Lucknow,Uttar Pradesh,North,Consumer,2025-11-13
CUST04130,Swathi Verma,Male,30,Chennai,Tamil Nadu,South,Consumer,2025-09-23
CUST04131,Rahul Kumar,Male,33,Ranchi,Jharkhand,East,Corporate,2025-09-13
CUST04132,Arjun Choudhary,Male,37,Mumbai,Maharashtra,West,Consumer,2022-12-16
CUST04133,Rahul Gupta,Female,23,Kochi,Kerala,South,Corporate,2024-07-08
CUST04134,Priya Kumar,Male,26,Hyderabad,Telangana,South,Consumer,2023-04-01
CUST04135,Kavya Singh,Female,27,Bengaluru,Karnataka,South,Consumer,2022-02-05
CUST04136,Ravi Rao,Female,18,Chandigarh,Chandigarh,North,Consumer,2023-05-16
CUST04137,Sneha Mehta,Male,27,Mumbai,Maharashtra,West,Consumer,2024-02-13
CUST04138,Rahul Reddy,Male,36,Delhi,Delhi,North,Small Business,2025-02-11
CUST04139,Ananya Sharma,Female,30,Lucknow,Uttar Pradesh,North,Corporate,2025-06-20
CUST04140,Priya Singh,Male,47,Kolkata,West Bengal,East,Consumer,2022-04-23
CUST04141,Amit Sharma,Male,42,Mumbai,Maharashtra,West,Consumer,2025-03-04
CUST04142,Suresh Gupta,Male,27,Mumbai,Maharashtra,West,Corporate,2022-12-28
CUST04143,Amit Kumar,Female,39,Pune,Maharashtra,West,Consumer,2023-02-25
CUST04144,Ravi Patel,Female,34,Kochi,Kerala,South,Small Business,2025-07-05
CUST04145,Neha Das,Female,35,Delhi,Delhi,North,Small Business,2022-12-09
CUST04146,Suresh Sharma,Female,28,Hyderabad,Telangana,South,Consumer,2023-12-08
CUST04147,Pooja Gupta,Female,32,Ranchi,Jharkhand,East,Consumer,2023-09-29
CUST04148,Arjun Naidu,Female,19,Kolkata,West Bengal,East,Corporate,2023-04-02
CUST04149,Vikram Joshi,Female,21,Chandigarh,Chandigarh,North,Corporate,2023-12-06
CUST04150,Ananya Iyer,Female,19,Pune,Maharashtra,West,Consumer,2023-11-17
CUST04151,Pooja Naidu,Male,18,Chennai,Tamil Nadu,South,Consumer,2022-12-05
CUST04152,Sneha Singh,Female,40,Surat,Gujarat,West,Corporate,2025-12-07
CUST04153,Ananya Singh,Female,22,Chennai,Tamil Nadu,South,Corporate,2023-05-06
CUST04154,Suresh Verma,Male,37,Jaipur,Rajasthan,North,Small Business,2022-06-19
CUST04155,Meera Gupta,Male,23,Ranchi,Jharkhand,East,Consumer,2024-03-30
CUST04156,Swathi Naidu,Female,31,Patna,Bihar,East,Consumer,2023-09-25
CUST04157,Meera Reddy,Male,30,Pune,Maharashtra,West,Corporate,2022-11-10
CUST04158,Swathi Mehta,Male,22,Chennai,Tamil Nadu,South,Small Business,2023-08-05
CUST04159,Arjun Sharma,Male,48,Mumbai,Maharashtra,West,Consumer,2025-01-23
CUST04160,Kiran Singh,Female,33,Delhi,Delhi,North,Consumer,2024-12-04
CUST04161,Arjun Sharma,Female,40,Lucknow,Uttar Pradesh,North,Consumer,2025-05-25
CUST04162,Meera Joshi,Male,25,Bengaluru,Karnataka,South,Consumer,2022-01-27
CUST04163,Swathi Gupta,Male,46,Kochi,Kerala,South,Consumer,2025-11-16
CUST04164,Nikhil Iyer,Female,20,Ahmedabad,Gujarat,West,Corporate,2024-12-01
CUST04165,Ananya Naidu,Male,42,Hyderabad,Telangana,South,Consumer,2023-06-23
CUST04166,Rahul Iyer,Female,40,Hyderabad,Telangana,South,Consumer,2024-07-08
CUST04167,Amit Reddy,Female,48,Chennai,Tamil Nadu,South,Corporate,2022-01-28
CUST04168,Pooja Mishra,Male,41,Delhi,Delhi,North,Consumer,2022-01-31
CUST04169,Varun Mehta,Male,41,Patna,Bihar,East,Consumer,2023-08-26
CUST04170,Ananya Naidu,Female,29,Bhubaneswar,Odisha,East,Consumer,2025-11-23
CUST04171,Swathi Naidu,Male,40,Jaipur,Rajasthan,North,Corporate,2025-08-23
CUST04172,Varun Joshi,Male,28,Chandigarh,Chandigarh,North,Consumer,2025-04-17
CUST04173,Kavya Gupta,Male,56,Kochi,Kerala,South,Corporate,2025-08-12
CUST04174,Priya Mehta,Female,56,Hyderabad,Telangana,South,Consumer,2025-12-12
CUST04175,Kavya Iyer,Male,40,Chandigarh,Chandigarh,North,Corporate,2024-03-21
CUST04176,Divya Gupta,Female,36,Ranchi,Jharkhand,East,Consumer,2022-07-24
CUST04177,Rahul Joshi,Female,18,Kolkata,West Bengal,East,Small Business,2023-02-18
CUST04178,Isha Gupta,Male,43,Bengaluru,Karnataka,South,Consumer,2022-08-02
CUST04179,Amit Iyer,Male,26,Ranchi,Jharkhand,East,Consumer,2025-03-25
CUST04180,Isha Iyer,Male,20,Surat,Gujarat,West,Consumer,2025-08-11
CUST04181,Nikhil Sharma,Female,26,Bengaluru,Karnataka,South,Consumer,2024-04-29
CUST04182,Meera Choudhary,Female,18,Kochi,Kerala,South,Consumer,2024-08-22
CUST04183,Suresh Das,Female,18,Pune,Maharashtra,West,Consumer,2024-11-27
CUST04184,Suresh Joshi,Female,31,Kolkata,West Bengal,East,Consumer,2024-12-08
CUST04185,Sneha Reddy,Female,25,Hyderabad,Telangana,South,Corporate,2024-02-05
CUST04186,Isha Mishra,Male,19,Jaipur,Rajasthan,North,Corporate,2024-06-24
CUST04187,Kiran Singh,Male,22,Chennai,Tamil Nadu,South,Consumer,2025-01-26
CUST04188,Swathi Gupta,Female,31,Delhi,Delhi,North,Consumer,2022-10-12
CUST04189,Sneha Choudhary,Male,39,Bhubaneswar,Odisha,East,Consumer,2025-04-25
CUST04190,Sneha Iyer,Female,48,Pune,Maharashtra,West,Consumer,2022-02-11
CUST04191,Kiran Naidu,Male,42,Chandigarh,Chandigarh,North,Corporate,2024-07-28
CUST04192,Meera Iyer,Male,57,Ahmedabad,Gujarat,West,Corporate,2023-01-22
CUST04193,Suresh Verma,Female,34,Bhubaneswar,Odisha,East,Corporate,2022-09-14
CUST04194,Nikhil Naidu,Female,30,Bengaluru,Karnataka,South,Consumer,2025-11-18
CUST04195,Nikhil Mishra,Female,26,Kochi,Kerala,South,Consumer,2023-08-02
CUST04196,Varun Joshi,Female,30,Ahmedabad,Gujarat,West,Corporate,2024-09-13
CUST04197,Swathi Choudhary,Female,43,Kochi,Kerala,South,Consumer,2024-01-25
CUST04198,Neha Naidu,Female,46,Kolkata,West Bengal,East,Consumer,2023-09-27
CUST04199,Varun Das,Male,30,Surat,Gujarat,West,Consumer,2024-11-15
CUST04200,Varun Choudhary,Female,24,Ahmedabad,Gujarat,West,Consumer,2024-06-28
CUST04201,Amit Patel,Male,33,Surat,Gujarat,West,Corporate,2025-07-06
CUST04202,Rohan Rao,Male,34,Lucknow,Uttar Pradesh,North,Small Business,2024-08-25
CUST04203,Sneha Rao,Female,19,Hyderabad,Telangana,South,Consumer,2025-10-16
CUST04204,Nikhil Sharma,Female,39,Bengaluru,Karnataka,South,Consumer,2022-01-07
CUST04205,Priya Joshi,Male,33,Surat,Gujarat,West,Consumer,2025-06-12
CUST04206,Ananya Iyer,Female,24,Ranchi,Jharkhand,East,Small Business,2024-09-16
CUST04207,Rahul Verma,Female,46,Mumbai,Maharashtra,West,Corporate,2025-06-10
CUST04208,Suresh Sharma,Male,32,Chennai,Tamil Nadu,South,Corporate,2023-11-19
CUST04209,Kavya Choudhary,Female,42,Chandigarh,Chandigarh,North,Consumer,2025-02-18
CUST04210,Ananya Rao,Female,48,Patna,Bihar,East,Consumer,2023-03-13
CUST04211,Swathi Singh,Male,26,Mumbai,Maharashtra,West,Small Business,2024-02-17
CUST04212,Ananya Mishra,Female,48,Pune,Maharashtra,West,Consumer,2024-06-07
CUST04213,Rahul Mehta,Male,26,Patna,Bihar,East,Small Business,2025-11-05
CUST04214,Nikhil Rao,Female,20,Patna,Bihar,East,Consumer,2023-04-05
CUST04215,Kiran Joshi,Male,30,Pune,Maharashtra,West,Corporate,2023-08-02
CUST04216,Vikram Joshi,Female,30,Delhi,Delhi,North,Consumer,2025-01-15
CUST04217,Swathi Iyer,Female,37,Ahmedabad,Gujarat,West,Consumer,2022-11-03
CUST04218,Rahul Rao,Female,36,Chandigarh,Chandigarh,North,Small Business,2025-04-29
CUST04219,Isha Das,Female,45,Bengaluru,Karnataka,South,Small Business,2025-10-05
CUST04220,Nikhil Iyer,Male,28,Bengaluru,Karnataka,South,Consumer,2025-09-03
CUST04221,Rohan Gupta,Female,54,Kochi,Kerala,South,Consumer,2023-01-03
CUST04222,Vikram Choudhary,Male,29,Kochi,Kerala,South,Consumer,2022-09-20
CUST04223,Kavya Singh,Female,42,Delhi,Delhi,North,Consumer,2025-02-15
CUST04224,Varun Iyer,Female,40,Mumbai,Maharashtra,West,Consumer,2025-06-09
CUST04225,Priya Das,Male,30,Kochi,Kerala,South,Consumer,2024-07-01
CUST04226,Ananya Singh,Female,49,Kolkata,West Bengal,East,Consumer,2024-01-06
CUST04227,Pooja Das,Female,18,Jaipur,Rajasthan,North,Small Business,2025-01-08
CUST04228,Amit Patel,Male,18,Mumbai,Maharashtra,West,Corporate,2023-01-09
CUST04229,Divya Mehta,Male,38,Bengaluru,Karnataka,South,Consumer,2022-02-27
CUST04230,Rohan Das,Female,32,Delhi,Delhi,North,Consumer,2023-01-08
CUST04231,Isha Mehta,Female,51,Patna,Bihar,East,Small Business,2024-06-14
CUST04232,Kavya Das,Female,20,Ahmedabad,Gujarat,West,Consumer,2022-08-21
CUST04233,Kavya Singh,Male,31,Ranchi,Jharkhand,East,Consumer,2023-09-06
CUST04234,Rahul Joshi,Male,27,Patna,Bihar,East,Small Business,2024-10-18
CUST04235,Priya Naidu,Male,48,Kochi,Kerala,South,Consumer,2022-02-28
CUST04236,Pooja Patel,Male,47,Bhubaneswar,Odisha,East,Corporate,2024-12-08
CUST04237,Ananya Naidu,Male,33,Delhi,Delhi,North,Consumer,2023-08-10
CUST04238,Rohan Singh,Male,27,Pune,Maharashtra,West,Consumer,2025-12-13
CUST04239,Nikhil Verma,Male,46,Chennai,Tamil Nadu,South,Consumer,2023-05-27
CUST04240,Amit Sharma,Male,37,Ranchi,Jharkhand,East,Consumer,2022-07-29
CUST04241,Meera Joshi,Female,28,Ranchi,Jharkhand,East,Corporate,2025-08-20
CUST04242,Priya Naidu,Male,36,Surat,Gujarat,West,Corporate,2022-04-20
CUST04243,Rahul Mehta,Female,42,Jaipur,Rajasthan,North,Corporate,2025-12-08
CUST04244,Meera Mishra,Female,27,Kochi,Kerala,South,Consumer,2025-12-15
CUST04245,Divya Verma,Male,36,Chandigarh,Chandigarh,North,Small Business,2023-02-27
CUST04246,Amit Choudhary,Male,48,Hyderabad,Telangana,South,Consumer,2023-09-21
CUST04247,Meera Naidu,Female,25,Jaipur,Rajasthan,North,Small Business,2022-11-03
CUST04248,Varun Verma,Female,46,Patna,Bihar,East,Corporate,2022-12-12
CUST04249,Neha Reddy,Female,28,Chandigarh,Chandigarh,North,Small Business,2022-11-13
CUST04250,Divya Choudhary,Female,36,Ranchi,Jharkhand,East,Consumer,2023-03-19
CUST04251,Kiran Mishra,Male,33,Delhi,Delhi,North,Small Business,2024-09-24
CUST04252,Neha Sharma,Male,39,Pune,Maharashtra,West,Consumer,2022-04-30
CUST04253,Priya Rao,Female,23,Bengaluru,Karnataka,South,Consumer,2025-03-18
CUST04254,Nikhil Sharma,Female,32,Ranchi,Jharkhand,East,Consumer,2023-09-15
CUST04255,Isha Choudhary,Male,18,Mumbai,Maharashtra,West,Small Business,2022-04-24
CUST04256,Pooja Joshi,Female,28,Bhubaneswar,Odisha,East,Small Business,2022-12-01
CUST04257,Ravi Choudhary,Male,23,Ahmedabad,Gujarat,West,Corporate,2024-05-05
CUST04258,Varun Patel,Female,33,Pune,Maharashtra,West,Corporate,2023-05-16
CUST04259,Divya Singh,Female,35,Jaipur,Rajasthan,North,Consumer,2022-06-14
CUST04260,Isha Mehta,Female,33,Mumbai,Maharashtra,West,Consumer,2024-01-03
CUST04261,Rohan Reddy,Female,32,Jaipur,Rajasthan,North,Consumer,2024-11-21
CUST04262,Priya Sharma,Male,31,Delhi,Delhi,North,Consumer,2025-04-05
CUST04263,Suresh Iyer,Female,31,Mumbai,Maharashtra,West,Corporate,2024-03-31
CUST04264,Rohan Singh,Male,36,Mumbai,Maharashtra,West,Consumer,2024-04-06
CUST04265,Rahul Iyer,Male,44,Hyderabad,Telangana,South,Consumer,2024-01-21
CUST04266,Nikhil Choudhary,Female,43,Mumbai,Maharashtra,West,Consumer,2025-07-08
CUST04267,Sneha Joshi,Female,23,Patna,Bihar,East,Consumer,2023-08-29
CUST04268,Divya Joshi,Male,29,Jaipur,Rajasthan,North,Consumer,2023-02-27
CUST04269,Kavya Mishra,Female,43,Bhubaneswar,Odisha,East,Consumer,2025-11-21
CUST04270,Vikram Iyer,Male,42,Lucknow,Uttar Pradesh,North,Corporate,2024-01-15
CUST04271,Pooja Patel,Male,43,Delhi,Delhi,North,Small Business,2024-10-18
CUST04272,Suresh Verma,Male,31,Chennai,Tamil Nadu,South,Corporate,2024-08-16
CUST04273,Vikram Iyer,Female,33,Delhi,Delhi,North,Consumer,2022-09-18
CUST04274,Kiran Patel,Male,28,Lucknow,Uttar Pradesh,North,Small Business,2023-06-09
CUST04275,Ananya Reddy,Male,45,Kochi,Kerala,South,Consumer,2024-02-07
CUST04276,Arjun Choudhary,Male,41,Jaipur,Rajasthan,North,Consumer,2023-06-29
CUST04277,Meera Rao,Male,46,Delhi,Delhi,North,Consumer,2025-01-02
CUST04278,Meera Mishra,Male,28,Patna,Bihar,East,Consumer,2023-06-22
CUST04279,Ravi Patel,Male,23,Surat,Gujarat,West,Corporate,2024-11-25
CUST04280,Rahul Naidu,Male,49,Mumbai,Maharashtra,West,Consumer,2023-08-15
CUST04281,Divya Verma,Male,43,Bhubaneswar,Odisha,East,Consumer,2023-06-07
CUST04282,Ravi Das,Male,40,Mumbai,Maharashtra,West,Consumer,2023-01-17
CUST04283,Varun Choudhary,Male,28,Hyderabad,Telangana,South,Consumer,2025-04-23
CUST04284,Amit Das,Male,22,Kochi,Kerala,South,Corporate,2024-03-22
CUST04285,Sneha Das,Female,24,Jaipur,Rajasthan,North,Consumer,2024-08-30
CUST04286,Neha Iyer,Female,37,Ranchi,Jharkhand,East,Consumer,2022-05-18
CUST04287,Ananya Rao,Female,30,Kolkata,West Bengal,East,Consumer,2023-03-08
CUST04288,Ravi Naidu,Male,36,Ahmedabad,Gujarat,West,Consumer,2025-11-03
CUST04289,Vikram Choudhary,Male,33,Jaipur,Rajasthan,North,Corporate,2023-06-02
CUST04290,Vikram Gupta,Female,53,Ranchi,Jharkhand,East,Consumer,2022-11-12
CUST04291,Varun Mishra,Male,26,Jaipur,Rajasthan,North,Corporate,2025-11-07
CUST04292,Meera Joshi,Female,36,Mumbai,Maharashtra,West,Corporate,2025-12-16
CUST04293,Vikram Gupta,Female,45,Pune,Maharashtra,West,Consumer,2022-04-05
CUST04294,Pooja Patel,Female,39,Chandigarh,Chandigarh,North,Consumer,2024-03-10
CUST04295,Amit Choudhary,Female,27,Kochi,Kerala,South,Consumer,2025-02-15
CUST04296,Varun Mehta,Female,24,Kochi,Kerala,South,Corporate,2024-03-05
CUST04297,Kavya Kumar,Male,31,Delhi,Delhi,North,Corporate,2022-05-05
CUST04298,Priya Kumar,Male,42,Lucknow,Uttar Pradesh,North,Consumer,2025-11-21
CUST04299,Divya Iyer,Female,20,Hyderabad,Telangana,South,Consumer,2025-03-19
CUST04300,Rohan Kumar,Male,18,Delhi,Delhi,North,Consumer,2023-12-04
CUST04301,Ananya Joshi,Male,49,Hyderabad,Telangana,South,Consumer,2023-11-15
CUST04302,Pooja Mehta,Male,41,Patna,Bihar,East,Consumer,2023-12-21
CUST04303,Meera Rao,Male,37,Bhubaneswar,Odisha,East,Corporate,2022-08-14
CUST04304,Nikhil Choudhary,Female,35,Chennai,Tamil Nadu,South,Corporate,2024-07-07
CUST04305,Kiran Das,Male,30,Delhi,Delhi,North,Small Business,2025-08-09
CUST04306,Nikhil Naidu,Female,32,Chandigarh,Chandigarh,North,Small Business,2022-07-01
CUST04307,Pooja Joshi,Male,28,Chennai,Tamil Nadu,South,Corporate,2025-11-09
CUST04308,Pooja Joshi,Male,46,Jaipur,Rajasthan,North,Consumer,2023-08-27
CUST04309,Pooja Das,Male,30,Kochi,Kerala,South,Corporate,2023-09-11
CUST04310,Vikram Reddy,Male,36,Mumbai,Maharashtra,West,Small Business,2022-05-06
CUST04311,Ravi Gupta,Female,45,Ahmedabad,Gujarat,West,Consumer,2023-05-31
CUST04312,Vikram Das,Male,24,Ranchi,Jharkhand,East,Small Business,2025-10-27
CUST04313,Priya Naidu,Male,35,Jaipur,Rajasthan,North,Consumer,2023-04-06
CUST04314,Pooja Das,Male,18,Hyderabad,Telangana,South,Small Business,2025-10-16
CUST04315,Rahul Patel,Male,32,Kolkata,West Bengal,East,Consumer,2022-02-07
CUST04316,Suresh Patel,Male,30,Ranchi,Jharkhand,East,Small Business,2025-02-16
CUST04317,Rohan Kumar,Female,27,Ahmedabad,Gujarat,West,Consumer,2024-04-19
CUST04318,Pooja Joshi,Female,22,Delhi,Delhi,North,Consumer,2024-03-05
CUST04319,Priya Choudhary,Female,31,Mumbai,Maharashtra,West,Consumer,2023-11-16
CUST04320,Suresh Kumar,Female,42,Chennai,Tamil Nadu,South,Consumer,2025-06-24
CUST04321,Neha Das,Female,34,Ahmedabad,Gujarat,West,Small Business,2023-04-08
CUST04322,Swathi Gupta,Female,30,Pune,Maharashtra,West,Consumer,2023-09-26
CUST04323,Rahul Sharma,Female,32,Mumbai,Maharashtra,West,Consumer,2025-07-07
CUST04324,Isha Choudhary,Male,41,Chennai,Tamil Nadu,South,Consumer,2025-04-19
CUST04325,Suresh Patel,Female,32,Kolkata,West Bengal,East,Consumer,2022-05-12
CUST04326,Isha Choudhary,Female,41,Chandigarh,Chandigarh,North,Consumer,2023-01-20
CUST04327,Amit Verma,Male,31,Ranchi,Jharkhand,East,Corporate,2022-06-13
CUST04328,Ananya Gupta,Male,42,Surat,Gujarat,West,Consumer,2023-11-22
CUST04329,Rahul Patel,Male,34,Lucknow,Uttar Pradesh,North,Consumer,2024-08-28
CUST04330,Meera Das,Female,28,Ahmedabad,Gujarat,West,Corporate,2025-12-23
CUST04331,Priya Naidu,Female,51,Jaipur,Rajasthan,North,Consumer,2025-12-19
CUST04332,Neha Singh,Female,25,Hyderabad,Telangana,South,Corporate,2023-08-16
CUST04333,Swathi Singh,Female,40,Bengaluru,Karnataka,South,Small Business,2022-05-15
CUST04334,Meera Iyer,Male,47,Jaipur,Rajasthan,North,Consumer,2025-06-04
CUST04335,Sneha Mehta,Female,40,Lucknow,Uttar Pradesh,North,Consumer,2024-07-29
CUST04336,Neha Verma,Male,25,Chandigarh,Chandigarh,North,Consumer,2024-03-19
CUST04337,Arjun Choudhary,Male,33,Hyderabad,Telangana,South,Small Business,2022-05-20
CUST04338,Priya Mehta,Female,35,Delhi,Delhi,North,Consumer,2023-01-24
CUST04339,Arjun Sharma,Male,18,Patna,Bihar,East,Corporate,2024-09-23
CUST04340,Meera Mehta,Male,30,Mumbai,Maharashtra,West,Consumer,2024-11-27
CUST04341,Meera Reddy,Female,26,Kochi,Kerala,South,Consumer,2024-08-30
CUST04342,Ravi Choudhary,Female,45,Pune,Maharashtra,West,Consumer,2023-06-12
CUST04343,Suresh Reddy,Female,33,Patna,Bihar,East,Corporate,2023-06-25
CUST04344,Kiran Iyer,Male,49,Ranchi,Jharkhand,East,Small Business,2025-02-12
CUST04345,Ananya Gupta,Female,31,Bengaluru,Karnataka,South,Corporate,2023-01-15
CUST04346,Ananya Mishra,Male,24,Jaipur,Rajasthan,North,Consumer,2025-06-19
CUST04347,Sneha Verma,Female,33,Kolkata,West Bengal,East,Corporate,2022-07-20
CUST04348,Divya Kumar,Female,35,Chennai,Tamil Nadu,South,Corporate,2025-08-16
CUST04349,Ravi Das,Male,39,Ahmedabad,Gujarat,West,Corporate,2023-10-19
CUST04350,Varun Rao,Female,18,Hyderabad,Telangana,South,Small Business,2023-04-22
CUST04351,Rahul Mishra,Male,29,Patna,Bihar,East,Small Business,2023-03-23
CUST04352,Isha Reddy,Male,55,Pune,Maharashtra,West,Consumer,2023-10-08
CUST04353,Ananya Mishra,Male,44,Lucknow,Uttar Pradesh,North,Consumer,2023-01-23
CUST04354,Kavya Mehta,Male,41,Chennai,Tamil Nadu,South,Corporate,2023-10-23
CUST04355,Sneha Naidu,Male,28,Ranchi,Jharkhand,East,Consumer,2022-11-26
CUST04356,Isha Choudhary,Male,39,Surat,Gujarat,West,Small Business,2023-05-12
CUST04357,Divya Patel,Male,43,Kolkata,West Bengal,East,Consumer,2025-10-31
CUST04358,Ravi Verma,Male,36,Chandigarh,Chandigarh,North,Corporate,2024-07-02
CUST04359,Rohan Naidu,Male,30,Lucknow,Uttar Pradesh,North,Consumer,2024-04-03
CUST04360,Ravi Patel,Male,28,Jaipur,Rajasthan,North,Consumer,2024-01-29
CUST04361,Kavya Kumar,Male,28,Mumbai,Maharashtra,West,Corporate,2023-07-22
CUST04362,Arjun Kumar,Male,33,Chandigarh,Chandigarh,North,Consumer,2023-07-15
CUST04363,Rohan Verma,Female,32,Chennai,Tamil Nadu,South,Corporate,2025-10-18
CUST04364,Rohan Rao,Male,40,Patna,Bihar,East,Consumer,2024-07-14
CUST04365,Ananya Choudhary,Male,44,Surat,Gujarat,West,Small Business,2024-11-03
CUST04366,Divya Gupta,Male,22,Delhi,Delhi,North,Consumer,2022-06-15
CUST04367,Varun Das,Male,54,Lucknow,Uttar Pradesh,North,Consumer,2022-08-04
CUST04368,Kavya Rao,Female,29,Hyderabad,Telangana,South,Small Business,2022-10-11
CUST04369,Rahul Das,Female,47,Bengaluru,Karnataka,South,Consumer,2022-07-27
CUST04370,Nikhil Reddy,Male,37,Bhubaneswar,Odisha,East,Small Business,2025-07-26
CUST04371,Suresh Joshi,Male,31,Patna,Bihar,East,Consumer,2025-03-01
CUST04372,Ananya Mishra,Female,44,Bengaluru,Karnataka,South,Consumer,2023-10-04
CUST04373,Swathi Joshi,Male,32,Kochi,Kerala,South,Consumer,2023-03-12
CUST04374,Meera Mehta,Female,37,Jaipur,Rajasthan,North,Corporate,2024-02-13
CUST04375,Swathi Das,Male,52,Pune,Maharashtra,West,Consumer,2023-10-04
CUST04376,Suresh Iyer,Male,25,Jaipur,Rajasthan,North,Consumer,2025-05-17
CUST04377,Swathi Rao,Female,46,Kochi,Kerala,South,Consumer,2023-04-03
CUST04378,Ravi Singh,Female,18,Bengaluru,Karnataka,South,Small Business,2023-09-11
CUST04379,Kiran Gupta,Male,25,Lucknow,Uttar Pradesh,North,Small Business,2022-07-22
CUST04380,Isha Mishra,Male,30,Bhubaneswar,Odisha,East,Small Business,2022-09-20
CUST04381,Sneha Das,Female,32,Surat,Gujarat,West,Consumer,2022-12-15
CUST04382,Amit Choudhary,Female,38,Lucknow,Uttar Pradesh,North,Small Business,2025-07-12
CUST04383,Kavya Mishra,Female,18,Lucknow,Uttar Pradesh,North,Corporate,2023-05-15
CUST04384,Rohan Sharma,Female,18,Jaipur,Rajasthan,North,Corporate,2023-06-25
CUST04385,Amit Singh,Male,22,Bengaluru,Karnataka,South,Small Business,2024-08-05
CUST04386,Sneha Mishra,Male,44,Patna,Bihar,East,Consumer,2024-10-19
CUST04387,Rahul Das,Male,20,Kochi,Kerala,South,Corporate,2022-07-12
CUST04388,Nikhil Iyer,Male,39,Chennai,Tamil Nadu,South,Consumer,2023-06-07
CUST04389,Suresh Choudhary,Male,20,Bhubaneswar,Odisha,East,Corporate,2023-08-16
CUST04390,Suresh Choudhary,Male,42,Chandigarh,Chandigarh,North,Consumer,2025-08-13
CUST04391,Sneha Naidu,Female,18,Pune,Maharashtra,West,Corporate,2025-06-29
CUST04392,Vikram Patel,Male,26,Pune,Maharashtra,West,Small Business,2025-10-26
CUST04393,Vikram Reddy,Female,18,Pune,Maharashtra,West,Consumer,2023-03-02
CUST04394,Neha Joshi,Male,35,Ahmedabad,Gujarat,West,Consumer,2022-08-13
CUST04395,Amit Iyer,Male,43,Jaipur,Rajasthan,North,Small Business,2023-04-13
CUST04396,Neha Mehta,Female,42,Kochi,Kerala,South,Consumer,2024-06-19
CUST04397,Rohan Reddy,Male,20,Surat,Gujarat,West,Consumer,2025-10-18
CUST04398,Ravi Mishra,Female,26,Kolkata,West Bengal,East,Corporate,2023-06-25
CUST04399,Vikram Reddy,Female,31,Jaipur,Rajasthan,North,Consumer,2025-02-16
CUST04400,Sneha Naidu,Female,47,Chennai,Tamil Nadu,South,Consumer,2024-04-06
CUST04401,Rohan Verma,Female,37,Ahmedabad,Gujarat,West,Consumer,2025-03-25
CUST04402,Nikhil Iyer,Male,42,Bengaluru,Karnataka,South,Consumer,2022-12-09
CUST04403,Rahul Kumar,Female,35,Ahmedabad,Gujarat,West,Consumer,2022-04-13
CUST04404,Swathi Mishra,Female,40,Patna,Bihar,East,Consumer,2023-03-16
CUST04405,Arjun Singh,Male,20,Kolkata,West Bengal,East,Consumer,2024-08-10
CUST04406,Rohan Iyer,Female,35,Chennai,Tamil Nadu,South,Consumer,2025-05-23
CUST04407,Suresh Singh,Male,49,Bhubaneswar,Odisha,East,Consumer,2023-09-16
CUST04408,Neha Patel,Female,49,Patna,Bihar,East,Consumer,2023-06-29
CUST04409,Divya Reddy,Male,30,Delhi,Delhi,North,Consumer,2024-05-02
CUST04410,Meera Singh,Female,33,Bengaluru,Karnataka,South,Consumer,2023-05-10
CUST04411,Rahul Verma,Male,21,Mumbai,Maharashtra,West,Consumer,2023-03-31
CUST04412,Arjun Sharma,Female,29,Ranchi,Jharkhand,East,Consumer,2023-12-17
CUST04413,Divya Mehta,Male,29,Mumbai,Maharashtra,West,Corporate,2023-08-18
CUST04414,Sneha Iyer,Female,18,Patna,Bihar,East,Consumer,2022-03-11
CUST04415,Swathi Das,Male,32,Chandigarh,Chandigarh,North,Small Business,2024-06-12
CUST04416,Pooja Verma,Male,34,Kochi,Kerala,South,Corporate,2024-02-22
CUST04417,Neha Verma,Male,24,Patna,Bihar,East,Consumer,2024-06-27
CUST04418,Isha Sharma,Male,55,Bhubaneswar,Odisha,East,Consumer,2022-11-18
CUST04419,Amit Singh,Female,48,Kochi,Kerala,South,Corporate,2023-02-16
CUST04420,Kiran Patel,Female,33,Lucknow,Uttar Pradesh,North,Small Business,2025-12-05
CUST04421,Kavya Mishra,Male,24,Ranchi,Jharkhand,East,Consumer,2023-12-16
CUST04422,Swathi Choudhary,Male,21,Kochi,Kerala,South,Consumer,2023-04-28
CUST04423,Ananya Iyer,Male,37,Patna,Bihar,East,Corporate,2025-09-08
CUST04424,Neha Singh,Female,52,Kolkata,West Bengal,East,Consumer,2023-11-09
CUST04425,Pooja Patel,Female,28,Patna,Bihar,East,Small Business,2024-06-17
CUST04426,Swathi Iyer,Male,52,Kolkata,West Bengal,East,Consumer,2023-09-30
CUST04427,Vikram Das,Male,28,Bhubaneswar,Odisha,East,Small Business,2025-04-14
CUST04428,Kiran Mishra,Male,27,Hyderabad,Telangana,South,Consumer,2024-07-21
CUST04429,Varun Mehta,Male,49,Mumbai,Maharashtra,West,Consumer,2022-10-07
CUST04430,Priya Reddy,Male,31,Kochi,Kerala,South,Corporate,2022-04-27
CUST04431,Arjun Patel,Male,45,Surat,Gujarat,West,Consumer,2023-12-08
CUST04432,Divya Verma,Female,54,Chandigarh,Chandigarh,North,Consumer,2024-02-29
CUST04433,Ananya Joshi,Female,23,Jaipur,Rajasthan,North,Consumer,2022-02-10
CUST04434,Vikram Patel,Male,48,Bengaluru,Karnataka,South,Consumer,2025-04-19
CUST04435,Ananya Rao,Male,31,Kolkata,West Bengal,East,Consumer,2022-05-25
CUST04436,Rahul Kumar,Female,41,Ranchi,Jharkhand,East,Small Business,2022-12-03
CUST04437,Rohan Verma,Male,22,Delhi,Delhi,North,Corporate,2022-07-04
CUST04438,Vikram Mehta,Female,48,Hyderabad,Telangana,South,Consumer,2024-09-10
CUST04439,Pooja Gupta,Female,37,Mumbai,Maharashtra,West,Consumer,2024-07-19
CUST04440,Pooja Singh,Male,30,Mumbai,Maharashtra,West,Consumer,2023-11-26
CUST04441,Varun Singh,Female,22,Bhubaneswar,Odisha,East,Corporate,2024-09-30
CUST04442,Neha Naidu,Female,21,Ranchi,Jharkhand,East,Consumer,2023-12-02
CUST04443,Sneha Das,Female,30,Ahmedabad,Gujarat,West,Consumer,2025-04-08
CUST04444,Suresh Mishra,Female,41,Bengaluru,Karnataka,South,Consumer,2024-05-25
CUST04445,Priya Das,Male,53,Jaipur,Rajasthan,North,Consumer,2023-10-24
CUST04446,Varun Reddy,Male,33,Bhubaneswar,Odisha,East,Corporate,2022-04-23
CUST04447,Rohan Rao,Male,41,Hyderabad,Telangana,South,Consumer,2023-12-15
CUST04448,Ananya Sharma,Male,55,Jaipur,Rajasthan,North,Corporate,2025-10-09
CUST04449,Swathi Iyer,Male,49,Kochi,Kerala,South,Corporate,2025-07-16
CUST04450,Kiran Gupta,Male,34,Kolkata,West Bengal,East,Consumer,2025-11-18
CUST04451,Ravi Mehta,Male,18,Jaipur,Rajasthan,North,Consumer,2023-07-29
CUST04452,Suresh Singh,Female,18,Chennai,Tamil Nadu,South,Consumer,2025-11-11
CUST04453,Vikram Sharma,Male,37,Jaipur,Rajasthan,North,Small Business,2023-01-25
CUST04454,Ravi Iyer,Female,47,Kochi,Kerala,South,Corporate,2022-05-02
CUST04455,Rahul Choudhary,Female,33,Jaipur,Rajasthan,North,Consumer,2023-05-01
CUST04456,Vikram Naidu,Male,51,Lucknow,Uttar Pradesh,North,Consumer,2024-05-12
CUST04457,Isha Mehta,Male,29,Delhi,Delhi,North,Small Business,2023-11-29
CUST04458,Suresh Kumar,Male,33,Hyderabad,Telangana,South,Consumer,2023-11-17
CUST04459,Amit Patel,Female,35,Mumbai,Maharashtra,West,Corporate,2024-03-08
CUST04460,Priya Singh,Male,31,Bhubaneswar,Odisha,East,Consumer,2025-12-14
CUST04461,Kavya Gupta,Female,34,Mumbai,Maharashtra,West,Consumer,2023-02-26
CUST04462,Arjun Patel,Male,34,Chennai,Tamil Nadu,South,Corporate,2023-07-05
CUST04463,Ravi Patel,Female,22,Bengaluru,Karnataka,South,Consumer,2025-12-30
CUST04464,Divya Verma,Male,20,Ranchi,Jharkhand,East,Small Business,2024-02-20
CUST04465,Divya Mishra,Female,21,Surat,Gujarat,West,Consumer,2024-07-12
CUST04466,Rohan Sharma,Female,35,Ahmedabad,Gujarat,West,Small Business,2025-04-14
CUST04467,Rohan Choudhary,Male,50,Patna,Bihar,East,Consumer,2022-05-27
CUST04468,Suresh Choudhary,Male,31,Jaipur,Rajasthan,North,Consumer,2024-04-15
CUST04469,Nikhil Iyer,Female,41,Patna,Bihar,East,Small Business,2024-11-02
CUST04470,Isha Reddy,Male,39,Kochi,Kerala,South,Small Business,2023-02-25
CUST04471,Rohan Iyer,Male,28,Kochi,Kerala,South,Consumer,2023-06-29
CUST04472,Kiran Iyer,Female,42,Pune,Maharashtra,West,Corporate,2024-07-07
CUST04473,Sneha Patel,Male,23,Patna,Bihar,East,Small Business,2024-03-15
CUST04474,Neha Patel,Male,25,Pune,Maharashtra,West,Consumer,2025-04-10
CUST04475,Sneha Reddy,Female,44,Lucknow,Uttar Pradesh,North,Corporate,2025-09-20
CUST04476,Rohan Reddy,Male,42,Pune,Maharashtra,West,Consumer,2025-01-23
CUST04477,Kavya Mehta,Male,32,Delhi,Delhi,North,Corporate,2022-11-17
CUST04478,Isha Choudhary,Female,27,Pune,Maharashtra,West,Consumer,2024-04-27
CUST04479,Swathi Rao,Male,37,Bhubaneswar,Odisha,East,Consumer,2023-04-05
CUST04480,Rahul Rao,Male,23,Jaipur,Rajasthan,North,Consumer,2022-12-04
CUST04481,Vikram Kumar,Male,36,Lucknow,Uttar Pradesh,North,Small Business,2025-03-26
CUST04482,Suresh Patel,Male,42,Bhubaneswar,Odisha,East,Corporate,2022-08-08
CUST04483,Nikhil Verma,Male,18,Surat,Gujarat,West,Consumer,2023-10-16
CUST04484,Sneha Sharma,Male,25,Hyderabad,Telangana,South,Corporate,2025-01-24
CUST04485,Ananya Rao,Male,33,Chandigarh,Chandigarh,North,Consumer,2024-09-11
CUST04486,Pooja Mehta,Female,30,Pune,Maharashtra,West,Consumer,2022-04-11
CUST04487,Vikram Joshi,Male,46,Hyderabad,Telangana,South,Small Business,2023-12-14
CUST04488,Neha Patel,Male,47,Surat,Gujarat,West,Corporate,2025-10-27
CUST04489,Nikhil Verma,Female,19,Kochi,Kerala,South,Small Business,2024-05-07
CUST04490,Ananya Mishra,Male,27,Lucknow,Uttar Pradesh,North,Consumer,2023-10-28
CUST04491,Amit Naidu,Female,18,Bengaluru,Karnataka,South,Consumer,2025-11-04
CUST04492,Neha Joshi,Female,43,Surat,Gujarat,West,Consumer,2024-05-28
CUST04493,Swathi Kumar,Male,20,Lucknow,Uttar Pradesh,North,Consumer,2023-06-23
CUST04494,Kiran Iyer,Female,43,Delhi,Delhi,North,Consumer,2023-05-06
CUST04495,Meera Mehta,Female,40,Ahmedabad,Gujarat,West,Corporate,2022-07-17
CUST04496,Ravi Patel,Female,18,Ranchi,Jharkhand,East,Corporate,2023-04-12
CUST04497,Isha Iyer,Male,19,Mumbai,Maharashtra,West,Consumer,2023-02-04
CUST04498,Divya Gupta,Female,31,Pune,Maharashtra,West,Consumer,2023-02-21
CUST04499,Divya Sharma,Female,34,Patna,Bihar,East,Consumer,2024-10-23
CUST04500,Ravi Das,Male,34,Surat,Gujarat,West,Consumer,2024-01-17
CUST04501,Vikram Verma,Male,41,Bhubaneswar,Odisha,East,Consumer,2025-09-22
CUST04502,Swathi Patel,Male,25,Patna,Bihar,East,Consumer,2024-06-21
CUST04503,Kiran Gupta,Female,33,Mumbai,Maharashtra,West,Consumer,2022-01-17
CUST04504,Amit Choudhary,Male,18,Ahmedabad,Gujarat,West,Consumer,2022-01-06
CUST04505,Vikram Rao,Female,32,Chandigarh,Chandigarh,North,Consumer,2025-09-04
CUST04506,Neha Reddy,Male,27,Chennai,Tamil Nadu,South,Small Business,2022-05-13
CUST04507,Rohan Naidu,Male,36,Delhi,Delhi,North,Consumer,2024-03-16
CUST04508,Rohan Joshi,Male,33,Bhubaneswar,Odisha,East,Consumer,2025-02-15
CUST04509,Vikram Patel,Female,42,Kolkata,West Bengal,East,Corporate,2024-12-08
CUST04510,Divya Mishra,Female,33,Lucknow,Uttar Pradesh,North,Corporate,2023-01-30
CUST04511,Ravi Iyer,Female,34,Delhi,Delhi,North,Corporate,2024-07-11
CUST04512,Ananya Das,Female,33,Chandigarh,Chandigarh,North,Small Business,2025-05-12
CUST04513,Vikram Sharma,Female,39,Ranchi,Jharkhand,East,Corporate,2025-04-08
CUST04514,Arjun Choudhary,Male,24,Chennai,Tamil Nadu,South,Corporate,2023-03-10
CUST04515,Rohan Rao,Male,53,Bengaluru,Karnataka,South,Corporate,2024-09-13
CUST04516,Divya Rao,Female,33,Bhubaneswar,Odisha,East,Consumer,2025-12-05
CUST04517,Arjun Patel,Male,48,Surat,Gujarat,West,Consumer,2024-11-15
CUST04518,Swathi Verma,Female,38,Lucknow,Uttar Pradesh,North,Small Business,2023-09-06
CUST04519,Priya Joshi,Male,29,Chandigarh,Chandigarh,North,Corporate,2023-06-04
CUST04520,Swathi Choudhary,Female,41,Chennai,Tamil Nadu,South,Consumer,2022-07-08
CUST04521,Varun Patel,Male,32,Delhi,Delhi,North,Consumer,2024-06-12
CUST04522,Suresh Joshi,Female,33,Bengaluru,Karnataka,South,Consumer,2024-08-06
CUST04523,Neha Reddy,Male,48,Patna,Bihar,East,Consumer,2023-07-21
CUST04524,Sneha Kumar,Male,23,Jaipur,Rajasthan,North,Corporate,2024-05-31
CUST04525,Neha Kumar,Male,42,Mumbai,Maharashtra,West,Corporate,2025-01-26
CUST04526,Divya Patel,Female,46,Kolkata,West Bengal,East,Small Business,2024-03-12
CUST04527,Sneha Verma,Male,18,Ranchi,Jharkhand,East,Consumer,2024-08-19
CUST04528,Ravi Kumar,Female,25,Surat,Gujarat,West,Consumer,2024-09-27
CUST04529,Neha Singh,Female,48,Delhi,Delhi,North,Consumer,2023-09-11
CUST04530,Varun Rao,Male,52,Ranchi,Jharkhand,East,Small Business,2023-03-06
CUST04531,Meera Iyer,Male,42,Kochi,Kerala,South,Consumer,2025-03-20
CUST04532,Kiran Kumar,Male,21,Chandigarh,Chandigarh,North,Consumer,2022-10-13
CUST04533,Ananya Das,Female,44,Ranchi,Jharkhand,East,Consumer,2022-02-12
CUST04534,Vikram Mishra,Male,23,Chennai,Tamil Nadu,South,Corporate,2022-04-24
CUST04535,Ravi Mishra,Female,20,Delhi,Delhi,North,Consumer,2024-05-02
CUST04536,Nikhil Mehta,Male,18,Mumbai,Maharashtra,West,Small Business,2023-04-21
CUST04537,Suresh Das,Male,29,Patna,Bihar,East,Small Business,2024-09-16
CUST04538,Vikram Kumar,Male,28,Kochi,Kerala,South,Corporate,2023-11-06
CUST04539,Priya Sharma,Male,33,Jaipur,Rajasthan,North,Consumer,2024-01-08
CUST04540,Sneha Iyer,Female,30,Surat,Gujarat,West,Consumer,2025-03-29
CUST04541,Varun Gupta,Male,28,Pune,Maharashtra,West,Consumer,2024-05-07
CUST04542,Rahul Iyer,Female,18,Chandigarh,Chandigarh,North,Corporate,2024-10-15
CUST04543,Kavya Singh,Female,26,Mumbai,Maharashtra,West,Corporate,2025-02-04
CUST04544,Rohan Choudhary,Female,31,Mumbai,Maharashtra,West,Consumer,2024-05-22
CUST04545,Ananya Patel,Male,37,Kolkata,West Bengal,East,Consumer,2024-10-28
CUST04546,Amit Sharma,Female,52,Patna,Bihar,East,Consumer,2025-05-14
CUST04547,Kiran Joshi,Male,30,Chennai,Tamil Nadu,South,Corporate,2023-03-21
CUST04548,Vikram Mishra,Male,26,Jaipur,Rajasthan,North,Small Business,2025-11-07
CUST04549,Divya Mishra,Female,34,Ranchi,Jharkhand,East,Consumer,2022-09-28
CUST04550,Kavya Mehta,Male,43,Kochi,Kerala,South,Consumer,2024-03-31
CUST04551,Neha Rao,Female,18,Bhubaneswar,Odisha,East,Small Business,2022-11-07
CUST04552,Meera Sharma,Male,25,Ranchi,Jharkhand,East,Small Business,2022-01-22
CUST04553,Suresh Rao,Male,21,Bhubaneswar,Odisha,East,Corporate,2025-08-13
CUST04554,Isha Rao,Female,39,Ranchi,Jharkhand,East,Small Business,2023-06-14
CUST04555,Amit Verma,Female,35,Lucknow,Uttar Pradesh,North,Consumer,2025-05-07
CUST04556,Pooja Singh,Male,18,Pune,Maharashtra,West,Consumer,2024-07-04
CUST04557,Kiran Sharma,Male,21,Pune,Maharashtra,West,Consumer,2022-05-22
CUST04558,Neha Patel,Male,26,Kochi,Kerala,South,Consumer,2025-10-05
CUST04559,Varun Kumar,Female,25,Chandigarh,Chandigarh,North,Corporate,2025-12-12
CUST04560,Sneha Reddy,Male,41,Ranchi,Jharkhand,East,Consumer,2025-09-26
CUST04561,Swathi Sharma,Male,32,Surat,Gujarat,West,Consumer,2023-04-02
CUST04562,Meera Kumar,Male,39,Bhubaneswar,Odisha,East,Consumer,2022-04-20
CUST04563,Divya Gupta,Male,40,Lucknow,Uttar Pradesh,North,Consumer,2024-03-23
CUST04564,Neha Das,Female,25,Ahmedabad,Gujarat,West,Consumer,2024-12-04
CUST04565,Sneha Sharma,Male,46,Bhubaneswar,Odisha,East,Consumer,2024-10-16
CUST04566,Suresh Kumar,Female,20,Lucknow,Uttar Pradesh,North,Consumer,2023-11-13
CUST04567,Meera Reddy,Male,37,Bengaluru,Karnataka,South,Consumer,2022-12-08
CUST04568,Ananya Kumar,Male,24,Lucknow,Uttar Pradesh,North,Consumer,2024-04-28
CUST04569,Nikhil Patel,Male,29,Chennai,Tamil Nadu,South,Consumer,2022-01-10
CUST04570,Pooja Patel,Male,42,Jaipur,Rajasthan,North,Consumer,2023-03-26
CUST04571,Arjun Naidu,Male,42,Chandigarh,Chandigarh,North,Small Business,2024-06-02
CUST04572,Kiran Naidu,Female,43,Chennai,Tamil Nadu,South,Corporate,2023-09-22
CUST04573,Varun Mehta,Male,23,Kochi,Kerala,South,Small Business,2024-01-14
CUST04574,Kiran Iyer,Male,48,Ahmedabad,Gujarat,West,Consumer,2025-10-16
CUST04575,Pooja Iyer,Female,29,Hyderabad,Telangana,South,Consumer,2024-12-27
CUST04576,Vikram Das,Male,47,Bhubaneswar,Odisha,East,Small Business,2025-12-25
CUST04577,Vikram Kumar,Female,45,Bhubaneswar,Odisha,East,Consumer,2022-05-02
CUST04578,Kiran Mehta,Male,26,Chandigarh,Chandigarh,North,Consumer,2024-05-28
CUST04579,Priya Kumar,Female,49,Bengaluru,Karnataka,South,Consumer,2025-07-26
CUST04580,Priya Naidu,Female,45,Lucknow,Uttar Pradesh,North,Consumer,2025-07-19
CUST04581,Rohan Patel,Male,33,Ranchi,Jharkhand,East,Small Business,2022-09-05
CUST04582,Kiran Kumar,Male,41,Patna,Bihar,East,Corporate,2025-01-22
CUST04583,Varun Verma,Male,26,Patna,Bihar,East,Consumer,2024-11-27
CUST04584,Ravi Singh,Female,35,Lucknow,Uttar Pradesh,North,Corporate,2023-06-10
CUST04585,Sneha Rao,Female,26,Pune,Maharashtra,West,Consumer,2023-08-31
CUST04586,Vikram Rao,Male,20,Bengaluru,Karnataka,South,Consumer,2024-09-04
CUST04587,Swathi Patel,Female,36,Patna,Bihar,East,Consumer,2022-01-06
CUST04588,Nikhil Kumar,Female,18,Kochi,Kerala,South,Consumer,2023-09-13
CUST04589,Divya Iyer,Female,43,Ranchi,Jharkhand,East,Corporate,2024-04-26
CUST04590,Priya Patel,Female,24,Jaipur,Rajasthan,North,Consumer,2025-08-12
CUST04591,Isha Choudhary,Male,50,Kochi,Kerala,South,Consumer,2023-07-09
CUST04592,Sneha Reddy,Female,44,Patna,Bihar,East,Consumer,2024-12-25
CUST04593,Ananya Mishra,Male,31,Delhi,Delhi,North,Corporate,2024-04-12
CUST04594,Sneha Choudhary,Female,35,Kolkata,West Bengal,East,Consumer,2025-12-30
CUST04595,Pooja Rao,Female,26,Pune,Maharashtra,West,Corporate,2022-03-28
CUST04596,Rahul Singh,Male,18,Hyderabad,Telangana,South,Corporate,2022-03-23
CUST04597,Ananya Verma,Female,26,Ahmedabad,Gujarat,West,Consumer,2022-03-14
CUST04598,Rahul Reddy,Male,40,Patna,Bihar,East,Consumer,2022-11-29
CUST04599,Varun Choudhary,Female,40,Chennai,Tamil Nadu,South,Corporate,2024-03-01
CUST04600,Pooja Reddy,Female,43,Patna,Bihar,East,Consumer,2025-11-27
CUST04601,Ravi Verma,Male,41,Delhi,Delhi,North,Consumer,2023-12-25
CUST04602,Sneha Rao,Female,28,Hyderabad,Telangana,South,Small Business,2025-06-19
CUST04603,Nikhil Reddy,Male,37,Ranchi,Jharkhand,East,Consumer,2024-06-30
CUST04604,Priya Joshi,Female,28,Bhubaneswar,Odisha,East,Small Business,2024-11-24
CUST04605,Priya Das,Male,31,Chennai,Tamil Nadu,South,Small Business,2022-12-27
CUST04606,Pooja Mishra,Male,48,Kolkata,West Bengal,East,Consumer,2025-06-03
CUST04607,Sneha Naidu,Female,48,Bhubaneswar,Odisha,East,Corporate,2023-01-17
CUST04608,Rohan Kumar,Male,20,Ahmedabad,Gujarat,West,Small Business,2022-08-02
CUST04609,Rohan Singh,Male,43,Mumbai,Maharashtra,West,Corporate,2024-06-23
CUST04610,Kiran Gupta,Male,18,Chennai,Tamil Nadu,South,Corporate,2025-05-29
CUST04611,Rohan Verma,Male,23,Jaipur,Rajasthan,North,Corporate,2022-09-16
CUST04612,Suresh Reddy,Male,39,Mumbai,Maharashtra,West,Consumer,2024-07-28
CUST04613,Ravi Kumar,Male,29,Delhi,Delhi,North,Small Business,2024-04-23
CUST04614,Neha Das,Female,18,Surat,Gujarat,West,Consumer,2024-02-27
CUST04615,Rahul Singh,Male,39,Mumbai,Maharashtra,West,Consumer,2024-12-17
CUST04616,Amit Mehta,Female,38,Chandigarh,Chandigarh,North,Small Business,2023-04-14
CUST04617,Nikhil Singh,Female,20,Pune,Maharashtra,West,Corporate,2022-12-23
CUST04618,Isha Das,Female,37,Chennai,Tamil Nadu,South,Consumer,2022-07-14
CUST04619,Varun Mehta,Male,42,Chandigarh,Chandigarh,North,Consumer,2025-06-23
CUST04620,Sneha Reddy,Male,34,Surat,Gujarat,West,Consumer,2025-04-03
CUST04621,Kiran Sharma,Female,46,Lucknow,Uttar Pradesh,North,Consumer,2022-10-21
CUST04622,Neha Joshi,Male,39,Delhi,Delhi,North,Small Business,2022-06-20
CUST04623,Pooja Iyer,Male,29,Kolkata,West Bengal,East,Consumer,2023-12-14
CUST04624,Neha Reddy,Female,31,Ahmedabad,Gujarat,West,Consumer,2025-12-09
CUST04625,Nikhil Patel,Male,33,Jaipur,Rajasthan,North,Corporate,2023-12-23
CUST04626,Varun Mehta,Female,23,Bhubaneswar,Odisha,East,Corporate,2025-10-16
CUST04627,Vikram Reddy,Female,29,Mumbai,Maharashtra,West,Consumer,2025-11-25
CUST04628,Nikhil Mehta,Female,45,Delhi,Delhi,North,Corporate,2024-06-26
CUST04629,Kiran Kumar,Male,40,Mumbai,Maharashtra,West,Consumer,2022-05-25
CUST04630,Ananya Reddy,Male,20,Kochi,Kerala,South,Consumer,2025-02-02
CUST04631,Neha Joshi,Female,43,Bengaluru,Karnataka,South,Consumer,2022-12-27
CUST04632,Rahul Kumar,Female,31,Patna,Bihar,East,Consumer,2023-08-01
CUST04633,Divya Reddy,Male,18,Kochi,Kerala,South,Consumer,2024-03-05
CUST04634,Priya Patel,Male,43,Chennai,Tamil Nadu,South,Small Business,2022-01-07
CUST04635,Rohan Naidu,Male,27,Mumbai,Maharashtra,West,Corporate,2022-03-29
CUST04636,Kavya Patel,Male,44,Patna,Bihar,East,Consumer,2022-09-01
CUST04637,Kiran Sharma,Male,28,Patna,Bihar,East,Corporate,2025-08-18
CUST04638,Rahul Patel,Female,26,Lucknow,Uttar Pradesh,North,Consumer,2022-11-09
CUST04639,Kavya Verma,Female,19,Chennai,Tamil Nadu,South,Corporate,2023-07-22
CUST04640,Sneha Kumar,Female,38,Bengaluru,Karnataka,South,Consumer,2025-12-17
CUST04641,Meera Das,Male,39,Chennai,Tamil Nadu,South,Consumer,2024-06-05
CUST04642,Pooja Joshi,Female,51,Mumbai,Maharashtra,West,Consumer,2024-04-22
CUST04643,Nikhil Naidu,Male,35,Mumbai,Maharashtra,West,Corporate,2025-06-16
CUST04644,Isha Sharma,Female,47,Bengaluru,Karnataka,South,Consumer,2022-06-28
CUST04645,Nikhil Mishra,Female,25,Mumbai,Maharashtra,West,Consumer,2022-11-06
CUST04646,Varun Naidu,Male,41,Ahmedabad,Gujarat,West,Corporate,2022-01-25
CUST04647,Suresh Choudhary,Female,35,Bengaluru,Karnataka,South,Small Business,2024-06-19
CUST04648,Priya Rao,Male,26,Bengaluru,Karnataka,South,Corporate,2022-12-11
CUST04649,Priya Das,Male,31,Ranchi,Jharkhand,East,Consumer,2024-04-29
CUST04650,Priya Gupta,Male,39,Kolkata,West Bengal,East,Consumer,2024-03-31
CUST04651,Kiran Kumar,Female,48,Mumbai,Maharashtra,West,Corporate,2022-11-05
CUST04652,Rahul Joshi,Female,47,Ranchi,Jharkhand,East,Small Business,2023-03-01
CUST04653,Amit Singh,Female,29,Bhubaneswar,Odisha,East,Small Business,2025-01-08
CUST04654,Sneha Patel,Male,18,Lucknow,Uttar Pradesh,North,Consumer,2023-01-27
CUST04655,Vikram Sharma,Male,19,Bhubaneswar,Odisha,East,Consumer,2023-02-17
CUST04656,Vikram Mishra,Male,31,Lucknow,Uttar Pradesh,North,Consumer,2025-08-28
CUST04657,Suresh Singh,Male,36,Patna,Bihar,East,Corporate,2024-06-01
CUST04658,Vikram Mishra,Male,35,Chandigarh,Chandigarh,North,Corporate,2025-06-22
CUST04659,Suresh Mishra,Male,18,Surat,Gujarat,West,Consumer,2024-05-31
CUST04660,Kiran Iyer,Female,24,Chandigarh,Chandigarh,North,Corporate,2022-11-18
CUST04661,Pooja Verma,Male,54,Jaipur,Rajasthan,North,Consumer,2022-05-26
CUST04662,Isha Kumar,Female,32,Lucknow,Uttar Pradesh,North,Small Business,2022-03-25
CUST04663,Pooja Das,Male,29,Chennai,Tamil Nadu,South,Consumer,2025-06-23
CUST04664,Meera Iyer,Female,37,Jaipur,Rajasthan,North,Small Business,2022-06-07
CUST04665,Suresh Iyer,Male,18,Lucknow,Uttar Pradesh,North,Corporate,2024-07-23
CUST04666,Rahul Naidu,Female,28,Hyderabad,Telangana,South,Small Business,2022-01-20
CUST04667,Swathi Mehta,Male,33,Bengaluru,Karnataka,South,Corporate,2022-10-26
CUST04668,Neha Choudhary,Male,23,Jaipur,Rajasthan,North,Consumer,2024-08-05
CUST04669,Divya Verma,Female,22,Chennai,Tamil Nadu,South,Consumer,2023-09-30
CUST04670,Ananya Verma,Female,30,Jaipur,Rajasthan,North,Corporate,2022-11-30
CUST04671,Swathi Rao,Female,45,Ranchi,Jharkhand,East,Consumer,2024-02-20
CUST04672,Ananya Verma,Female,36,Delhi,Delhi,North,Corporate,2022-11-05
CUST04673,Meera Kumar,Female,32,Bhubaneswar,Odisha,East,Consumer,2024-10-07
CUST04674,Amit Mishra,Male,23,Hyderabad,Telangana,South,Consumer,2022-05-22
CUST04675,Isha Sharma,Male,28,Kochi,Kerala,South,Consumer,2023-11-17
CUST04676,Suresh Mehta,Female,45,Patna,Bihar,East,Consumer,2022-12-07
CUST04677,Varun Joshi,Female,44,Chandigarh,Chandigarh,North,Corporate,2024-09-14
CUST04678,Ananya Das,Male,40,Surat,Gujarat,West,Consumer,2025-04-27
CUST04679,Ravi Mishra,Male,36,Bengaluru,Karnataka,South,Consumer,2025-05-17
CUST04680,Kavya Choudhary,Male,30,Bhubaneswar,Odisha,East,Corporate,2023-05-07
CUST04681,Ravi Verma,Female,25,Chennai,Tamil Nadu,South,Small Business,2022-01-31
CUST04682,Varun Verma,Female,18,Chennai,Tamil Nadu,South,Consumer,2023-01-03
CUST04683,Amit Mishra,Male,29,Pune,Maharashtra,West,Corporate,2025-10-01
CUST04684,Rohan Singh,Male,32,Bhubaneswar,Odisha,East,Small Business,2025-10-16
CUST04685,Divya Joshi,Male,33,Jaipur,Rajasthan,North,Corporate,2022-04-03
CUST04686,Divya Joshi,Male,29,Kolkata,West Bengal,East,Small Business,2024-10-08
CUST04687,Divya Reddy,Female,39,Ranchi,Jharkhand,East,Consumer,2025-12-30
CUST04688,Meera Gupta,Male,38,Ahmedabad,Gujarat,West,Consumer,2022-12-19
CUST04689,Rahul Patel,Male,40,Chennai,Tamil Nadu,South,Consumer,2025-10-22
CUST04690,Neha Rao,Male,32,Ranchi,Jharkhand,East,Small Business,2023-07-28
CUST04691,Vikram Verma,Male,31,Delhi,Delhi,North,Corporate,2025-07-04
CUST04692,Suresh Kumar,Female,23,Jaipur,Rajasthan,North,Consumer,2024-04-22
CUST04693,Ravi Joshi,Male,18,Ahmedabad,Gujarat,West,Consumer,2025-10-08
CUST04694,Kavya Naidu,Male,44,Jaipur,Rajasthan,North,Consumer,2024-11-14
CUST04695,Rohan Mishra,Male,32,Chennai,Tamil Nadu,South,Consumer,2022-08-03
CUST04696,Kavya Patel,Male,29,Delhi,Delhi,North,Corporate,2024-04-20
CUST04697,Divya Sharma,Female,35,Chandigarh,Chandigarh,North,Small Business,2024-03-19
CUST04698,Kavya Patel,Male,26,Chennai,Tamil Nadu,South,Consumer,2025-07-17
CUST04699,Divya Kumar,Male,18,Ahmedabad,Gujarat,West,Small Business,2024-07-18
CUST04700,Suresh Das,Male,30,Pune,Maharashtra,West,Consumer,2025-06-29
CUST04701,Varun Mishra,Male,41,Chandigarh,Chandigarh,North,Consumer,2024-08-21
CUST04702,Suresh Verma,Male,28,Lucknow,Uttar Pradesh,North,Consumer,2022-12-04
CUST04703,Meera Reddy,Female,22,Lucknow,Uttar Pradesh,North,Small Business,2025-03-04
CUST04704,Isha Mehta,Male,33,Pune,Maharashtra,West,Consumer,2022-01-20
CUST04705,Arjun Patel,Female,34,Chennai,Tamil Nadu,South,Small Business,2025-08-01
CUST04706,Nikhil Mehta,Male,26,Kochi,Kerala,South,Small Business,2024-06-27
CUST04707,Meera Verma,Male,19,Pune,Maharashtra,West,Consumer,2024-06-30
CUST04708,Amit Sharma,Male,23,Mumbai,Maharashtra,West,Consumer,2024-08-12
CUST04709,Varun Iyer,Female,26,Chennai,Tamil Nadu,South,Corporate,2023-07-19
CUST04710,Kavya Verma,Male,39,Hyderabad,Telangana,South,Corporate,2024-03-11
CUST04711,Nikhil Gupta,Male,36,Kochi,Kerala,South,Small Business,2025-11-17
CUST04712,Kiran Reddy,Male,51,Mumbai,Maharashtra,West,Consumer,2025-04-10
CUST04713,Ananya Kumar,Male,44,Pune,Maharashtra,West,Consumer,2023-09-08
CUST04714,Priya Mehta,Female,30,Delhi,Delhi,North,Consumer,2024-09-07
CUST04715,Rahul Sharma,Male,44,Ahmedabad,Gujarat,West,Corporate,2025-03-01
CUST04716,Nikhil Verma,Female,32,Kolkata,West Bengal,East,Corporate,2024-10-31
CUST04717,Neha Das,Female,44,Mumbai,Maharashtra,West,Corporate,2022-09-19
CUST04718,Rohan Das,Male,31,Pune,Maharashtra,West,Consumer,2022-09-16
CUST04719,Neha Kumar,Female,35,Surat,Gujarat,West,Consumer,2023-05-30
CUST04720,Varun Reddy,Female,29,Hyderabad,Telangana,South,Consumer,2023-11-30
CUST04721,Kiran Singh,Male,37,Pune,Maharashtra,West,Consumer,2025-03-28
CUST04722,Kavya Mehta,Female,18,Ranchi,Jharkhand,East,Corporate,2025-09-05
CUST04723,Amit Iyer,Female,38,Chennai,Tamil Nadu,South,Consumer,2024-02-12
CUST04724,Swathi Naidu,Female,25,Jaipur,Rajasthan,North,Consumer,2022-03-15
CUST04725,Meera Rao,Female,18,Kochi,Kerala,South,Small Business,2024-12-12
CUST04726,Kiran Rao,Female,50,Delhi,Delhi,North,Small Business,2022-09-12
CUST04727,Kiran Kumar,Male,34,Mumbai,Maharashtra,West,Consumer,2023-07-31
CUST04728,Rohan Rao,Male,48,Ahmedabad,Gujarat,West,Corporate,2025-03-23
CUST04729,Divya Mishra,Female,38,Jaipur,Rajasthan,North,Corporate,2025-09-02
CUST04730,Kiran Kumar,Female,23,Lucknow,Uttar Pradesh,North,Small Business,2023-04-18
CUST04731,Neha Rao,Male,18,Ahmedabad,Gujarat,West,Corporate,2022-05-27
CUST04732,Meera Rao,Female,36,Kolkata,West Bengal,East,Corporate,2022-04-28
CUST04733,Arjun Patel,Female,57,Mumbai,Maharashtra,West,Consumer,2022-10-22
CUST04734,Priya Iyer,Female,40,Ranchi,Jharkhand,East,Consumer,2025-04-18
CUST04735,Vikram Mehta,Male,29,Hyderabad,Telangana,South,Consumer,2022-04-29
CUST04736,Vikram Singh,Female,24,Ranchi,Jharkhand,East,Corporate,2023-11-21
CUST04737,Nikhil Sharma,Female,18,Delhi,Delhi,North,Consumer,2024-01-19
CUST04738,Arjun Sharma,Male,21,Ranchi,Jharkhand,East,Small Business,2023-02-06
CUST04739,Swathi Singh,Female,34,Lucknow,Uttar Pradesh,North,Consumer,2024-06-29
CUST04740,Suresh Reddy,Male,42,Ahmedabad,Gujarat,West,Consumer,2024-08-13
CUST04741,Rohan Kumar,Male,32,Patna,Bihar,East,Consumer,2025-03-26
CUST04742,Amit Gupta,Female,39,Patna,Bihar,East,Consumer,2022-11-09
CUST04743,Arjun Patel,Male,52,Ahmedabad,Gujarat,West,Corporate,2023-04-18
CUST04744,Arjun Sharma,Female,53,Kolkata,West Bengal,East,Consumer,2023-01-10
CUST04745,Ananya Naidu,Female,56,Jaipur,Rajasthan,North,Corporate,2024-09-18
CUST04746,Isha Choudhary,Male,34,Ahmedabad,Gujarat,West,Consumer,2025-01-04
CUST04747,Nikhil Iyer,Male,29,Jaipur,Rajasthan,North,Corporate,2023-12-22
CUST04748,Ravi Naidu,Female,34,Ranchi,Jharkhand,East,Consumer,2022-11-28
CUST04749,Ananya Naidu,Female,45,Delhi,Delhi,North,Corporate,2023-05-17
CUST04750,Swathi Kumar,Female,23,Pune,Maharashtra,West,Corporate,2025-04-07
CUST04751,Amit Gupta,Male,39,Pune,Maharashtra,West,Consumer,2025-03-27
CUST04752,Amit Das,Male,39,Chandigarh,Chandigarh,North,Consumer,2022-04-09
CUST04753,Priya Verma,Male,36,Delhi,Delhi,North,Corporate,2025-04-14
CUST04754,Isha Singh,Female,37,Jaipur,Rajasthan,North,Corporate,2024-03-30
CUST04755,Rohan Mishra,Male,43,Lucknow,Uttar Pradesh,North,Corporate,2024-11-06
CUST04756,Vikram Iyer,Female,20,Chandigarh,Chandigarh,North,Consumer,2024-04-14
CUST04757,Varun Kumar,Male,32,Ranchi,Jharkhand,East,Consumer,2022-03-23
CUST04758,Ananya Rao,Female,38,Bengaluru,Karnataka,South,Small Business,2024-09-28
CUST04759,Sneha Sharma,Male,30,Ahmedabad,Gujarat,West,Consumer,2023-03-15
CUST04760,Arjun Rao,Male,28,Lucknow,Uttar Pradesh,North,Consumer,2025-02-20
CUST04761,Varun Sharma,Female,21,Pune,Maharashtra,West,Small Business,2022-03-08
CUST04762,Vikram Choudhary,Male,23,Delhi,Delhi,North,Consumer,2022-12-05
CUST04763,Kiran Das,Male,27,Patna,Bihar,East,Corporate,2025-05-10
CUST04764,Ravi Verma,Female,28,Surat,Gujarat,West,Small Business,2025-11-23
CUST04765,Amit Reddy,Male,22,Kolkata,West Bengal,East,Consumer,2023-01-12
CUST04766,Swathi Singh,Male,18,Ahmedabad,Gujarat,West,Consumer,2023-05-31
CUST04767,Nikhil Mehta,Male,45,Kochi,Kerala,South,Corporate,2022-12-30
CUST04768,Meera Gupta,Male,24,Chandigarh,Chandigarh,North,Consumer,2024-11-30
CUST04769,Kavya Naidu,Female,24,Jaipur,Rajasthan,North,Corporate,2024-01-08
CUST04770,Suresh Rao,Male,38,Kolkata,West Bengal,East,Corporate,2022-08-11
CUST04771,Ananya Gupta,Female,40,Jaipur,Rajasthan,North,Corporate,2023-09-14
CUST04772,Isha Verma,Male,34,Patna,Bihar,East,Corporate,2023-07-06
CUST04773,Pooja Iyer,Female,18,Mumbai,Maharashtra,West,Corporate,2022-06-26
CUST04774,Priya Patel,Male,26,Patna,Bihar,East,Consumer,2025-10-25
CUST04775,Meera Mehta,Male,35,Pune,Maharashtra,West,Corporate,2022-03-17
CUST04776,Priya Patel,Female,48,Chennai,Tamil Nadu,South,Consumer,2022-06-03
CUST04777,Vikram Reddy,Male,33,Kolkata,West Bengal,East,Consumer,2024-05-28
CUST04778,Rohan Gupta,Male,51,Kochi,Kerala,South,Consumer,2022-05-18
CUST04779,Arjun Verma,Male,21,Chennai,Tamil Nadu,South,Small Business,2022-09-19
CUST04780,Rahul Sharma,Male,30,Mumbai,Maharashtra,West,Corporate,2024-04-25
CUST04781,Meera Gupta,Female,41,Ahmedabad,Gujarat,West,Consumer,2022-08-25
CUST04782,Swathi Choudhary,Male,22,Kolkata,West Bengal,East,Corporate,2024-02-10
CUST04783,Priya Gupta,Male,29,Patna,Bihar,East,Small Business,2024-09-14
CUST04784,Swathi Mehta,Female,22,Delhi,Delhi,North,Consumer,2025-12-03
CUST04785,Vikram Iyer,Female,37,Kochi,Kerala,South,Small Business,2024-04-13
CUST04786,Kiran Mehta,Male,47,Chennai,Tamil Nadu,South,Consumer,2022-05-10
CUST04787,Arjun Rao,Male,37,Lucknow,Uttar Pradesh,North,Consumer,2023-01-02
CUST04788,Kiran Mishra,Female,30,Delhi,Delhi,North,Corporate,2025-10-01
CUST04789,Kiran Verma,Male,29,Kolkata,West Bengal,East,Consumer,2022-07-30
CUST04790,Priya Rao,Female,26,Patna,Bihar,East,Small Business,2023-06-13
CUST04791,Suresh Sharma,Female,58,Ranchi,Jharkhand,East,Corporate,2024-10-18
CUST04792,Varun Joshi,Male,40,Chennai,Tamil Nadu,South,Consumer,2023-06-02
CUST04793,Ravi Joshi,Male,31,Pune,Maharashtra,West,Consumer,2025-08-19
CUST04794,Ravi Iyer,Male,22,Pune,Maharashtra,West,Corporate,2022-12-12
CUST04795,Meera Joshi,Male,45,Lucknow,Uttar Pradesh,North,Small Business,2023-11-02
CUST04796,Vikram Reddy,Female,41,Lucknow,Uttar Pradesh,North,Consumer,2022-04-01
CUST04797,Rahul Joshi,Female,38,Surat,Gujarat,West,Consumer,2024-05-19
CUST04798,Arjun Mishra,Male,46,Delhi,Delhi,North,Consumer,2022-07-13
CUST04799,Sneha Naidu,Male,32,Surat,Gujarat,West,Consumer,2025-10-15
CUST04800,Kiran Reddy,Male,24,Lucknow,Uttar Pradesh,North,Small Business,2024-06-14
CUST04801,Kiran Mishra,Female,30,Chennai,Tamil Nadu,South,Consumer,2023-09-13
CUST04802,Amit Rao,Female,21,Surat,Gujarat,West,Consumer,2022-06-05
CUST04803,Vikram Mehta,Male,27,Hyderabad,Telangana,South,Corporate,2024-01-19
CUST04804,Sneha Choudhary,Male,32,Surat,Gujarat,West,Consumer,2025-10-31
CUST04805,Ravi Mehta,Male,35,Chandigarh,Chandigarh,North,Corporate,2023-12-04
CUST04806,Pooja Mishra,Female,24,Kochi,Kerala,South,Consumer,2025-03-10
CUST04807,Rohan Sharma,Female,37,Ranchi,Jharkhand,East,Consumer,2022-03-14
CUST04808,Amit Patel,Male,33,Mumbai,Maharashtra,West,Consumer,2023-07-01
CUST04809,Meera Kumar,Female,43,Bengaluru,Karnataka,South,Small Business,2024-06-04
CUST04810,Ravi Naidu,Female,28,Bhubaneswar,Odisha,East,Consumer,2023-03-02
CUST04811,Kiran Reddy,Female,39,Pune,Maharashtra,West,Consumer,2024-04-20
CUST04812,Pooja Mishra,Male,36,Ahmedabad,Gujarat,West,Consumer,2023-11-18
CUST04813,Ananya Rao,Female,21,Ranchi,Jharkhand,East,Small Business,2022-06-08
CUST04814,Priya Joshi,Male,39,Bengaluru,Karnataka,South,Consumer,2023-07-12
CUST04815,Arjun Sharma,Female,51,Lucknow,Uttar Pradesh,North,Small Business,2022-04-02
CUST04816,Sneha Joshi,Female,23,Ranchi,Jharkhand,East,Small Business,2022-05-20
CUST04817,Varun Mehta,Male,36,Chennai,Tamil Nadu,South,Corporate,2024-06-28
CUST04818,Pooja Sharma,Male,32,Pune,Maharashtra,West,Consumer,2022-01-10
CUST04819,Isha Sharma,Female,47,Bhubaneswar,Odisha,East,Consumer,2025-03-08
CUST04820,Neha Verma,Female,32,Mumbai,Maharashtra,West,Consumer,2023-09-03
CUST04821,Divya Patel,Male,37,Ranchi,Jharkhand,East,Consumer,2024-03-28
CUST04822,Vikram Choudhary,Male,29,Jaipur,Rajasthan,North,Consumer,2024-03-29
CUST04823,Ananya Mehta,Female,51,Lucknow,Uttar Pradesh,North,Consumer,2025-09-01
CUST04824,Isha Kumar,Female,20,Kolkata,West Bengal,East,Consumer,2025-12-04
CUST04825,Varun Sharma,Male,45,Chennai,Tamil Nadu,South,Consumer,2023-06-03
CUST04826,Divya Joshi,Male,42,Ranchi,Jharkhand,East,Corporate,2024-12-30
CUST04827,Pooja Iyer,Male,27,Mumbai,Maharashtra,West,Corporate,2023-04-24
CUST04828,Varun Joshi,Male,50,Delhi,Delhi,North,Consumer,2024-06-05
CUST04829,Priya Rao,Male,38,Kolkata,West Bengal,East,Corporate,2022-04-12
CUST04830,Vikram Kumar,Female,18,Jaipur,Rajasthan,North,Consumer,2023-07-26
CUST04831,Isha Choudhary,Male,18,Pune,Maharashtra,West,Corporate,2023-05-14
CUST04832,Ananya Das,Male,36,Lucknow,Uttar Pradesh,North,Consumer,2023-07-22
CUST04833,Amit Patel,Female,33,Ahmedabad,Gujarat,West,Corporate,2023-03-20
CUST04834,Ravi Choudhary,Male,40,Pune,Maharashtra,West,Corporate,2022-10-19
CUST04835,Divya Naidu,Male,22,Bengaluru,Karnataka,South,Corporate,2024-07-08
CUST04836,Sneha Iyer,Female,40,Kolkata,West Bengal,East,Consumer,2023-06-05
CUST04837,Rohan Sharma,Male,18,Jaipur,Rajasthan,North,Consumer,2023-08-24
CUST04838,Vikram Mehta,Male,37,Patna,Bihar,East,Consumer,2024-01-09
CUST04839,Arjun Singh,Female,18,Surat,Gujarat,West,Consumer,2022-01-26
CUST04840,Rahul Naidu,Male,20,Lucknow,Uttar Pradesh,North,Corporate,2025-01-01
CUST04841,Pooja Singh,Female,42,Delhi,Delhi,North,Consumer,2022-02-05
CUST04842,Swathi Singh,Female,38,Jaipur,Rajasthan,North,Consumer,2025-03-19
CUST04843,Kavya Mishra,Male,18,Ahmedabad,Gujarat,West,Consumer,2025-08-09
CUST04844,Ravi Singh,Female,35,Bhubaneswar,Odisha,East,Small Business,2022-03-31
CUST04845,Divya Joshi,Male,48,Kochi,Kerala,South,Consumer,2022-01-07
CUST04846,Rahul Das,Male,18,Bhubaneswar,Odisha,East,Small Business,2025-11-11
CUST04847,Neha Iyer,Female,29,Surat,Gujarat,West,Consumer,2022-12-23
CUST04848,Rohan Reddy,Male,18,Chennai,Tamil Nadu,South,Consumer,2024-10-19
CUST04849,Neha Sharma,Male,27,Chandigarh,Chandigarh,North,Consumer,2022-06-05
CUST04850,Meera Kumar,Male,42,Hyderabad,Telangana,South,Small Business,2023-03-21
CUST04851,Nikhil Rao,Male,41,Lucknow,Uttar Pradesh,North,Corporate,2022-05-21
CUST04852,Divya Rao,Male,22,Bengaluru,Karnataka,South,Consumer,2022-05-23
CUST04853,Swathi Verma,Male,29,Chennai,Tamil Nadu,South,Corporate,2025-02-04
CUST04854,Rahul Naidu,Male,20,Bhubaneswar,Odisha,East,Corporate,2022-01-04
CUST04855,Rahul Mehta,Male,57,Chennai,Tamil Nadu,South,Consumer,2023-12-25
CUST04856,Pooja Sharma,Female,46,Kochi,Kerala,South,Small Business,2023-09-25
CUST04857,Varun Naidu,Male,33,Kolkata,West Bengal,East,Consumer,2023-02-09
CUST04858,Priya Sharma,Male,33,Patna,Bihar,East,Consumer,2025-01-17
CUST04859,Nikhil Mehta,Male,23,Bengaluru,Karnataka,South,Corporate,2022-01-02
CUST04860,Isha Reddy,Male,26,Kochi,Kerala,South,Consumer,2023-07-26
CUST04861,Isha Sharma,Male,44,Surat,Gujarat,West,Consumer,2025-01-11
CUST04862,Ananya Mehta,Male,27,Jaipur,Rajasthan,North,Consumer,2023-09-20
CUST04863,Isha Verma,Female,31,Chennai,Tamil Nadu,South,Small Business,2024-12-08
CUST04864,Neha Choudhary,Female,36,Pune,Maharashtra,West,Consumer,2024-05-19
CUST04865,Kiran Mishra,Male,28,Lucknow,Uttar Pradesh,North,Consumer,2024-07-05
CUST04866,Isha Choudhary,Male,18,Mumbai,Maharashtra,West,Corporate,2023-04-20
CUST04867,Ravi Mishra,Female,35,Surat,Gujarat,West,Corporate,2025-10-26
CUST04868,Pooja Gupta,Male,25,Chandigarh,Chandigarh,North,Corporate,2022-04-29
CUST04869,Pooja Choudhary,Male,26,Pune,Maharashtra,West,Consumer,2023-08-15
CUST04870,Rahul Kumar,Male,54,Jaipur,Rajasthan,North,Small Business,2022-01-14
CUST04871,Varun Singh,Female,43,Lucknow,Uttar Pradesh,North,Consumer,2025-12-26
CUST04872,Swathi Das,Male,18,Kolkata,West Bengal,East,Consumer,2024-08-24
CUST04873,Ravi Mishra,Male,43,Patna,Bihar,East,Consumer,2023-07-24
CUST04874,Amit Kumar,Female,39,Kolkata,West Bengal,East,Consumer,2025-05-30
CUST04875,Kavya Mishra,Female,18,Surat,Gujarat,West,Corporate,2024-11-25
CUST04876,Neha Rao,Male,46,Pune,Maharashtra,West,Consumer,2024-10-06
CUST04877,Sneha Sharma,Female,27,Chennai,Tamil Nadu,South,Small Business,2024-03-01
CUST04878,Amit Mehta,Male,32,Mumbai,Maharashtra,West,Consumer,2025-06-02
CUST04879,Arjun Das,Female,20,Lucknow,Uttar Pradesh,North,Consumer,2025-01-17
CUST04880,Rahul Choudhary,Female,34,Jaipur,Rajasthan,North,Consumer,2024-04-24
CUST04881,Meera Naidu,Male,36,Jaipur,Rajasthan,North,Consumer,2025-03-06
CUST04882,Kiran Mishra,Male,40,Surat,Gujarat,West,Small Business,2025-07-17
CUST04883,Isha Gupta,Male,26,Kochi,Kerala,South,Small Business,2023-03-01
CUST04884,Vikram Gupta,Female,41,Surat,Gujarat,West,Corporate,2025-01-30
CUST04885,Isha Kumar,Female,18,Chandigarh,Chandigarh,North,Consumer,2024-12-27
CUST04886,Amit Naidu,Male,45,Lucknow,Uttar Pradesh,North,Consumer,2024-07-15
CUST04887,Pooja Iyer,Female,30,Surat,Gujarat,West,Consumer,2025-06-15
CUST04888,Varun Das,Female,27,Kolkata,West Bengal,East,Corporate,2025-08-30
CUST04889,Suresh Reddy,Male,28,Kolkata,West Bengal,East,Small Business,2025-06-23
CUST04890,Ananya Verma,Male,31,Jaipur,Rajasthan,North,Consumer,2025-05-19
CUST04891,Meera Patel,Male,36,Delhi,Delhi,North,Corporate,2022-11-10
CUST04892,Ravi Choudhary,Female,39,Delhi,Delhi,North,Consumer,2022-05-15
CUST04893,Swathi Joshi,Female,46,Kochi,Kerala,South,Consumer,2022-05-05
CUST04894,Swathi Mehta,Female,47,Delhi,Delhi,North,Corporate,2022-06-13
CUST04895,Kavya Singh,Female,18,Bhubaneswar,Odisha,East,Corporate,2022-02-19
CUST04896,Rohan Mehta,Female,33,Bhubaneswar,Odisha,East,Corporate,2025-02-09
CUST04897,Sneha Reddy,Male,41,Bhubaneswar,Odisha,East,Consumer,2023-01-23
CUST04898,Kavya Naidu,Male,23,Kochi,Kerala,South,Corporate,2022-12-22
CUST04899,Divya Mehta,Male,44,Ahmedabad,Gujarat,West,Consumer,2023-06-25
CUST04900,Arjun Kumar,Male,32,Chennai,Tamil Nadu,South,Consumer,2025-05-02
CUST04901,Suresh Joshi,Male,27,Surat,Gujarat,West,Consumer,2025-12-02
CUST04902,Nikhil Verma,Female,22,Hyderabad,Telangana,South,Consumer,2022-08-25
CUST04903,Ananya Singh,Female,36,Bhubaneswar,Odisha,East,Consumer,2025-05-13
CUST04904,Kavya Naidu,Female,31,Kochi,Kerala,South,Consumer,2024-03-05
CUST04905,Ravi Iyer,Female,42,Kochi,Kerala,South,Consumer,2022-05-09
CUST04906,Suresh Rao,Female,33,Kochi,Kerala,South,Corporate,2024-12-11
CUST04907,Pooja Rao,Female,32,Bhubaneswar,Odisha,East,Consumer,2025-06-22
CUST04908,Suresh Mehta,Male,33,Kochi,Kerala,South,Corporate,2022-03-12
CUST04909,Ananya Mishra,Female,23,Chennai,Tamil Nadu,South,Consumer,2022-11-15
CUST04910,Vikram Das,Male,29,Surat,Gujarat,West,Consumer,2022-03-24
CUST04911,Swathi Naidu,Female,36,Chandigarh,Chandigarh,North,Consumer,2022-07-02
CUST04912,Priya Kumar,Male,39,Bengaluru,Karnataka,South,Small Business,2024-06-07
CUST04913,Divya Gupta,Female,33,Kochi,Kerala,South,Consumer,2023-02-08
CUST04914,Vikram Verma,Male,53,Ahmedabad,Gujarat,West,Consumer,2024-12-14
CUST04915,Vikram Kumar,Male,34,Ranchi,Jharkhand,East,Consumer,2022-05-11
CUST04916,Neha Mehta,Female,40,Jaipur,Rajasthan,North,Corporate,2022-02-22
CUST04917,Isha Mishra,Male,25,Chandigarh,Chandigarh,North,Corporate,2023-05-30
CUST04918,Sneha Naidu,Male,40,Hyderabad,Telangana,South,Corporate,2023-04-17
CUST04919,Suresh Sharma,Male,28,Pune,Maharashtra,West,Consumer,2022-11-15
CUST04920,Priya Das,Male,18,Ranchi,Jharkhand,East,Corporate,2024-12-02
CUST04921,Meera Gupta,Female,25,Ranchi,Jharkhand,East,Consumer,2022-09-13
CUST04922,Nikhil Mishra,Male,36,Pune,Maharashtra,West,Corporate,2025-12-09
CUST04923,Amit Rao,Male,39,Kochi,Kerala,South,Corporate,2025-03-03
CUST04924,Varun Singh,Female,22,Jaipur,Rajasthan,North,Consumer,2024-07-19
CUST04925,Suresh Mehta,Male,19,Ahmedabad,Gujarat,West,Consumer,2022-08-26
CUST04926,Isha Mehta,Male,47,Lucknow,Uttar Pradesh,North,Corporate,2024-09-13
CUST04927,Swathi Choudhary,Female,47,Surat,Gujarat,West,Consumer,2024-09-22
CUST04928,Suresh Verma,Female,30,Bengaluru,Karnataka,South,Consumer,2023-11-04
CUST04929,Kiran Sharma,Female,21,Hyderabad,Telangana,South,Corporate,2024-01-02
CUST04930,Meera Mishra,Female,41,Surat,Gujarat,West,Consumer,2023-09-17
CUST04931,Kavya Joshi,Male,35,Chandigarh,Chandigarh,North,Corporate,2025-02-17
CUST04932,Varun Das,Female,46,Hyderabad,Telangana,South,Corporate,2023-02-04
CUST04933,Meera Verma,Male,33,Kochi,Kerala,South,Corporate,2023-10-17
CUST04934,Varun Sharma,Female,34,Ahmedabad,Gujarat,West,Consumer,2023-04-09
CUST04935,Nikhil Kumar,Female,37,Bengaluru,Karnataka,South,Consumer,2024-10-16
CUST04936,Kavya Iyer,Female,20,Chandigarh,Chandigarh,North,Consumer,2024-09-07
CUST04937,Divya Joshi,Female,45,Bhubaneswar,Odisha,East,Small Business,2023-03-21
CUST04938,Isha Mehta,Male,23,Surat,Gujarat,West,Consumer,2024-12-27
CUST04939,Ananya Das,Female,34,Patna,Bihar,East,Consumer,2023-02-07
CUST04940,Isha Kumar,Male,27,Surat,Gujarat,West,Consumer,2025-08-16
CUST04941,Arjun Gupta,Male,20,Kolkata,West Bengal,East,Corporate,2022-01-07
CUST04942,Amit Kumar,Female,35,Pune,Maharashtra,West,Consumer,2022-07-20
CUST04943,Sneha Reddy,Male,43,Patna,Bihar,East,Small Business,2025-07-19
CUST04944,Divya Mishra,Male,49,Bengaluru,Karnataka,South,Corporate,2025-09-12
CUST04945,Varun Sharma,Female,18,Hyderabad,Telangana,South,Consumer,2024-04-30
CUST04946,Sneha Iyer,Female,30,Bhubaneswar,Odisha,East,Consumer,2023-10-28
CUST04947,Rahul Reddy,Female,46,Bhubaneswar,Odisha,East,Consumer,2023-12-26
CUST04948,Sneha Rao,Male,20,Patna,Bihar,East,Small Business,2023-06-30
CUST04949,Amit Sharma,Male,35,Pune,Maharashtra,West,Consumer,2022-07-02
CUST04950,Suresh Choudhary,Male,24,Hyderabad,Telangana,South,Consumer,2023-09-09
CUST04951,Kavya Joshi,Male,27,Mumbai,Maharashtra,West,Small Business,2023-10-13
CUST04952,Varun Gupta,Male,40,Surat,Gujarat,West,Consumer,2024-11-08
CUST04953,Nikhil Patel,Female,31,Bengaluru,Karnataka,South,Consumer,2024-07-31
CUST04954,Nikhil Patel,Female,28,Surat,Gujarat,West,Corporate,2023-09-01
CUST04955,Swathi Iyer,Male,32,Chandigarh,Chandigarh,North,Consumer,2024-03-06
CUST04956,Swathi Iyer,Male,39,Hyderabad,Telangana,South,Corporate,2024-10-08
CUST04957,Vikram Sharma,Female,47,Surat,Gujarat,West,Corporate,2025-01-16
CUST04958,Divya Joshi,Female,45,Kolkata,West Bengal,East,Consumer,2024-10-24
CUST04959,Rohan Sharma,Male,41,Pune,Maharashtra,West,Small Business,2024-08-12
CUST04960,Priya Sharma,Female,42,Kolkata,West Bengal,East,Small Business,2025-06-02
CUST04961,Varun Kumar,Male,37,Jaipur,Rajasthan,North,Corporate,2022-07-31
CUST04962,Rahul Verma,Male,37,Hyderabad,Telangana,South,Consumer,2024-11-21
CUST04963,Swathi Mishra,Male,18,Lucknow,Uttar Pradesh,North,Corporate,2025-02-27
CUST04964,Arjun Singh,Male,44,Lucknow,Uttar Pradesh,North,Consumer,2022-07-24
CUST04965,Divya Sharma,Male,28,Ahmedabad,Gujarat,West,Consumer,2025-04-07
CUST04966,Varun Patel,Male,50,Jaipur,Rajasthan,North,Corporate,2024-12-07
CUST04967,Ananya Kumar,Female,20,Ranchi,Jharkhand,East,Corporate,2022-11-13
CUST04968,Divya Naidu,Female,28,Chennai,Tamil Nadu,South,Small Business,2023-05-11
CUST04969,Ravi Reddy,Male,36,Jaipur,Rajasthan,North,Small Business,2023-10-07
CUST04970,Sneha Kumar,Male,27,Lucknow,Uttar Pradesh,North,Consumer,2023-07-31
CUST04971,Varun Rao,Female,18,Hyderabad,Telangana,South,Consumer,2022-04-15
CUST04972,Vikram Mishra,Male,23,Bengaluru,Karnataka,South,Corporate,2022-01-31
CUST04973,Varun Das,Male,18,Surat,Gujarat,West,Corporate,2024-06-24
CUST04974,Vikram Naidu,Male,39,Delhi,Delhi,North,Small Business,2022-11-24
CUST04975,Amit Kumar,Male,49,Ahmedabad,Gujarat,West,Corporate,2024-11-30
CUST04976,Swathi Joshi,Male,30,Kolkata,West Bengal,East,Corporate,2023-01-15
CUST04977,Vikram Verma,Male,18,Mumbai,Maharashtra,West,Consumer,2024-02-02
CUST04978,Nikhil Choudhary,Male,44,Hyderabad,Telangana,South,Consumer,2023-10-27
CUST04979,Divya Gupta,Male,43,Lucknow,Uttar Pradesh,North,Consumer,2022-08-03
CUST04980,Kavya Iyer,Male,29,Jaipur,Rajasthan,North,Corporate,2025-08-22
CUST04981,Meera Choudhary,Male,40,Mumbai,Maharashtra,West,Corporate,2022-06-17
CUST04982,Divya Mishra,Female,41,Chennai,Tamil Nadu,South,Consumer,2022-06-23
CUST04983,Arjun Iyer,Female,26,Patna,Bihar,East,Consumer,2023-07-14
CUST04984,Ananya Naidu,Female,62,Kochi,Kerala,South,Consumer,2022-09-07
CUST04985,Vikram Gupta,Female,44,Hyderabad,Telangana,South,Corporate,2022-10-24
CUST04986,Rohan Sharma,Female,35,Surat,Gujarat,West,Consumer,2024-10-24
CUST04987,Kiran Sharma,Female,26,Bengaluru,Karnataka,South,Consumer,2025-09-14
CUST04988,Vikram Joshi,Male,29,Ranchi,Jharkhand,East,Consumer,2024-04-10
CUST04989,Ananya Choudhary,Male,40,Pune,Maharashtra,West,Corporate,2022-01-31
CUST04990,Ananya Verma,Male,46,Ranchi,Jharkhand,East,Consumer,2025-04-03
CUST04991,Swathi Singh,Male,31,Chandigarh,Chandigarh,North,Consumer,2025-10-01
CUST04992,Sneha Iyer,Male,33,Mumbai,Maharashtra,West,Consumer,2023-06-02
CUST04993,Kiran Reddy,Female,29,Kochi,Kerala,South,Small Business,2025-04-02
CUST04994,Arjun Das,Male,35,Hyderabad,Telangana,South,Consumer,2023-04-07
CUST04995,Rohan Gupta,Female,27,Hyderabad,Telangana,South,Corporate,2024-12-22
CUST04996,Pooja Reddy,Male,46,Surat,Gujarat,West,Small Business,2022-09-17
CUST04997,Divya Rao,Female,33,Delhi,Delhi,North,Consumer,2024-10-14
CUST04998,Pooja Singh,Female,27,Surat,Gujarat,West,Consumer,2024-08-04
CUST04999,Neha Kumar,Female,56,Chandigarh,Chandigarh,North,Consumer,2023-04-21
CUST05000,Priya Reddy,Male,42,Surat,Gujarat,West,Small Business,2023-08-13
CUST00001,Isha Mishra,Male,38,Ahmedabad,Gujarat,West,Consumer,2025-05-23
CUST00002,Amit Rao,Male,47,Lucknow,Uttar Pradesh,North,Consumer,2022-05-11
CUST00003,Rahul Rao,Female,28,Pune,Maharashtra,West,Consumer,2023-04-05
CUST00004,Divya Naidu,Male,28,Jaipur,Rajasthan,North,Corporate,2023-12-01
CUST00005,Varun Joshi,Male,19,Ranchi,Jharkhand,East,Small Business,2025-02-28
CUST00006,Rohan Gupta,Male,48,Mumbai,Maharashtra,West,Consumer,2023-01-23
CUST00007,Meera Reddy,Male,41,Delhi,Delhi,North,Corporate,2024-02-15
CUST00008,Priya Joshi,Male,22,Patna,Bihar,East,Consumer,2025-11-12
CUST00009,Ananya Verma,Male,36,Bengaluru,Karnataka,South,Small Business,2023-04-01
CUST00010,Neha Singh,Male,42,Bhubaneswar,Odisha,East,Consumer,2024-12-12
